CREATE DATABASE  IF NOT EXISTS `cs411` /*!40100 DEFAULT CHARACTER SET utf8mb4 COLLATE utf8mb4_0900_ai_ci */ /*!80016 DEFAULT ENCRYPTION='N' */;
USE `cs411`;
-- MySQL dump 10.13  Distrib 8.0.26, for Win64 (x86_64)
--
-- Host: 127.0.0.1    Database: cs411
-- ------------------------------------------------------
-- Server version	8.0.26

/*!40101 SET @OLD_CHARACTER_SET_CLIENT=@@CHARACTER_SET_CLIENT */;
/*!40101 SET @OLD_CHARACTER_SET_RESULTS=@@CHARACTER_SET_RESULTS */;
/*!40101 SET @OLD_COLLATION_CONNECTION=@@COLLATION_CONNECTION */;
/*!50503 SET NAMES utf8 */;
/*!40103 SET @OLD_TIME_ZONE=@@TIME_ZONE */;
/*!40103 SET TIME_ZONE='+00:00' */;
/*!40014 SET @OLD_UNIQUE_CHECKS=@@UNIQUE_CHECKS, UNIQUE_CHECKS=0 */;
/*!40014 SET @OLD_FOREIGN_KEY_CHECKS=@@FOREIGN_KEY_CHECKS, FOREIGN_KEY_CHECKS=0 */;
/*!40101 SET @OLD_SQL_MODE=@@SQL_MODE, SQL_MODE='NO_AUTO_VALUE_ON_ZERO' */;
/*!40111 SET @OLD_SQL_NOTES=@@SQL_NOTES, SQL_NOTES=0 */;

--
-- Table structure for table `event`
--

DROP TABLE IF EXISTS `event`;
/*!40101 SET @saved_cs_client     = @@character_set_client */;
/*!50503 SET character_set_client = utf8mb4 */;
CREATE TABLE `event` (
  `EventId` int NOT NULL,
  `WeatherTypeId` int NOT NULL,
  `LocationId` int NOT NULL,
  `EventDate` date DEFAULT NULL,
  `Severity` varchar(16) DEFAULT NULL,
  PRIMARY KEY (`EventId`),
  KEY `WeatherTypeId` (`WeatherTypeId`),
  KEY `LocationId` (`LocationId`),
  CONSTRAINT `event_ibfk_1` FOREIGN KEY (`WeatherTypeId`) REFERENCES `weathertype` (`TypeId`),
  CONSTRAINT `event_ibfk_2` FOREIGN KEY (`LocationId`) REFERENCES `location` (`LocationId`)
) ENGINE=InnoDB DEFAULT CHARSET=utf8mb4 COLLATE=utf8mb4_0900_ai_ci;
/*!40101 SET character_set_client = @saved_cs_client */;

--
-- Dumping data for table `event`
--

LOCK TABLES `event` WRITE;
/*!40000 ALTER TABLE `event` DISABLE KEYS */;
INSERT INTO `event` VALUES (1,1,1,'2020-06-14','Moderate'),(2,2,2,'2020-05-18','Moderate'),(3,2,3,'2020-08-20','Light'),(4,2,4,'2020-02-12','Light'),(5,1,5,'2020-11-09','Severe'),(6,3,6,'2020-02-27','Moderate'),(7,2,7,'2020-11-12','Light'),(8,2,8,'2020-02-07','Light'),(9,2,9,'2020-12-17','Light'),(10,2,10,'2020-03-27','Light'),(11,2,11,'2020-02-06','Light'),(12,2,12,'2020-07-20','Light'),(13,1,13,'2020-08-12','Severe'),(14,3,14,'2020-03-12','Moderate'),(15,1,15,'2020-02-01','Severe'),(16,3,16,'2020-04-09','Light'),(17,2,17,'2020-05-06','Light'),(18,2,18,'2020-06-09','Moderate'),(19,4,19,'2020-05-31','UNK'),(20,5,20,'2020-04-06','Severe'),(21,3,21,'2020-02-24','Moderate'),(22,3,22,'2020-01-01','Light'),(23,3,10,'2020-01-23','Light'),(24,2,23,'2020-10-16','Light'),(25,6,24,'2020-06-04','Severe'),(26,2,25,'2020-02-26','Heavy'),(27,2,26,'2020-05-26','Light'),(28,1,27,'2020-08-23','Severe'),(29,2,28,'2020-09-30','Heavy'),(30,2,29,'2020-09-28','Light'),(31,3,30,'2020-01-15','Light'),(32,2,31,'2020-02-01','Light'),(33,1,32,'2020-03-22','Severe'),(34,1,33,'2020-09-23','Moderate'),(35,5,34,'2020-01-22','Severe'),(36,2,35,'2020-10-11','Light'),(37,2,36,'2020-07-09','Light'),(38,2,37,'2020-03-25','Light'),(39,2,38,'2020-11-30','Light'),(40,2,39,'2020-08-31','Light'),(41,2,40,'2020-11-23','Light'),(42,2,41,'2020-02-26','Light'),(43,3,42,'2020-10-18','Light'),(44,2,43,'2020-03-13','Light'),(45,2,44,'2020-11-11','Moderate'),(46,6,45,'2020-12-23','Severe'),(47,2,46,'2020-07-01','Light'),(48,1,47,'2020-02-29','Severe'),(49,2,48,'2020-04-10','Light'),(50,2,49,'2020-05-19','Light'),(51,3,50,'2020-04-15','Light'),(52,1,51,'2020-11-24','Severe'),(53,2,25,'2020-09-18','Light'),(54,2,52,'2020-07-21','Light'),(55,2,53,'2020-06-09','Light'),(56,1,54,'2020-02-12','Moderate'),(57,3,55,'2020-02-20','Light'),(58,3,56,'2020-02-13','Light'),(59,1,57,'2020-07-05','Severe'),(60,3,58,'2020-02-18','Light'),(61,2,59,'2020-05-25','Light'),(62,2,60,'2020-08-05','Light'),(63,1,61,'2020-07-07','Moderate'),(64,2,62,'2020-03-17','Light'),(65,3,63,'2020-12-04','Light'),(66,2,64,'2020-02-10','Light'),(67,3,65,'2020-02-14','Light'),(68,2,66,'2020-12-24','Light'),(69,2,67,'2020-08-02','Light'),(70,1,68,'2020-07-05','Severe'),(71,2,69,'2020-01-09','Light'),(72,1,70,'2020-07-02','Severe'),(73,1,71,'2020-11-11','Severe'),(74,2,72,'2020-12-11','Light'),(75,2,73,'2020-03-30','Light'),(76,2,74,'2020-02-19','Light'),(77,1,75,'2020-12-16','Moderate'),(78,4,76,'2020-09-14','UNK'),(79,2,77,'2020-04-13','Light'),(80,2,26,'2020-03-05','Light'),(81,1,79,'2020-10-31','Severe'),(82,2,80,'2020-08-12','Light'),(83,1,81,'2020-05-26','Severe'),(84,1,82,'2020-02-12','Severe'),(85,2,13,'2020-06-27','Light'),(86,2,83,'2020-09-06','Light'),(87,1,84,'2020-05-05','Moderate'),(88,1,85,'2020-03-19','Severe'),(89,3,86,'2020-04-17','Moderate'),(90,2,87,'2020-12-12','Moderate'),(91,2,88,'2020-07-29','Light'),(92,2,89,'2020-06-22','Light'),(93,1,90,'2020-10-14','Severe'),(94,1,91,'2020-01-14','Severe'),(95,2,92,'2020-02-27','Light'),(96,2,93,'2020-09-23','Light'),(97,5,94,'2020-09-21','Severe'),(98,2,41,'2020-07-06','Light'),(99,2,95,'2020-01-27','Light'),(100,1,96,'2020-12-09','Severe'),(101,2,97,'2020-12-30','Light'),(102,2,98,'2020-12-21','Light'),(103,3,99,'2020-04-21','Light'),(104,1,100,'2020-07-20','Moderate'),(105,1,101,'2020-04-29','Severe'),(106,2,102,'2020-06-30','Moderate'),(107,2,19,'2020-09-30','Moderate'),(108,3,104,'2020-12-13','Light'),(109,2,75,'2020-03-19','Light'),(110,3,105,'2020-02-26','Light'),(111,2,106,'2020-10-09','Moderate'),(112,1,107,'2020-12-03','Severe'),(113,2,36,'2020-03-19','Moderate'),(114,3,108,'2020-01-20','Light'),(115,2,109,'2020-10-12','Light'),(116,2,110,'2020-12-25','Moderate'),(117,3,111,'2020-02-08','Light'),(118,2,112,'2020-09-10','Light'),(119,3,113,'2020-12-31','Light'),(120,2,114,'2020-09-30','Light'),(121,4,115,'2020-07-22','UNK'),(122,1,116,'2020-01-14','Severe'),(123,1,117,'2020-05-27','Severe'),(124,2,118,'2020-03-23','Light'),(125,2,119,'2020-02-18','Light'),(126,2,120,'2020-04-01','Light'),(127,2,121,'2020-10-04','Light'),(128,2,122,'2020-09-01','Light'),(129,2,123,'2020-01-04','Light'),(130,3,124,'2020-02-26','Light'),(131,2,125,'2020-05-21','Light'),(132,1,126,'2020-03-29','Severe'),(133,1,119,'2020-07-02','Severe'),(134,2,127,'2020-03-17','Moderate'),(135,1,128,'2020-10-19','Severe'),(136,2,129,'2020-10-28','Light'),(137,2,130,'2020-04-03','Light'),(138,1,131,'2020-07-07','Severe'),(139,1,132,'2020-02-14','Severe'),(140,2,133,'2020-06-30','Light'),(141,2,134,'2020-06-24','Light'),(142,1,135,'2020-01-04','Moderate'),(143,2,136,'2020-11-21','Light'),(144,2,137,'2020-03-11','Light'),(145,2,138,'2020-11-10','Light'),(146,2,139,'2020-05-15','Light'),(147,2,140,'2020-05-10','Light'),(148,1,141,'2020-11-04','Severe'),(149,1,142,'2020-06-06','Severe'),(150,2,143,'2020-03-29','Light'),(151,2,144,'2020-06-24','Light'),(152,2,145,'2020-02-27','Light'),(153,2,146,'2020-05-23','Light'),(154,2,147,'2020-04-12','Light'),(155,2,148,'2020-08-09','Light'),(156,1,149,'2020-04-12','Severe'),(157,2,150,'2020-10-26','Light'),(158,3,151,'2020-02-20','Light'),(159,1,84,'2020-08-24','Moderate'),(160,1,152,'2020-03-30','Severe'),(161,2,153,'2020-11-30','Light'),(162,5,154,'2020-12-27','Severe'),(163,2,155,'2020-06-22','Moderate'),(164,1,156,'2020-10-20','Severe'),(165,2,157,'2020-08-30','Light'),(166,2,158,'2020-04-06','Light'),(167,1,159,'2020-08-08','Moderate'),(168,1,160,'2020-07-18','Severe'),(169,1,161,'2020-02-17','Severe'),(170,2,162,'2020-09-01','Light'),(171,1,163,'2020-01-14','Severe'),(172,2,164,'2020-09-09','Light'),(173,2,165,'2020-02-12','Light'),(174,2,166,'2020-01-21','Moderate'),(175,2,167,'2020-03-12','Light'),(176,1,168,'2020-03-26','Severe'),(177,2,169,'2020-01-17','Light'),(178,2,105,'2020-12-19','Light'),(179,2,171,'2020-08-15','Light'),(180,1,156,'2020-10-21','Severe'),(181,2,173,'2020-12-13','Moderate'),(182,2,174,'2020-09-18','Light'),(183,1,175,'2020-02-21','Moderate'),(184,2,176,'2020-02-01','Moderate'),(185,4,177,'2020-11-23','UNK'),(186,2,178,'2020-07-21','Light'),(187,1,59,'2020-10-20','Severe'),(188,2,180,'2020-05-28','Heavy'),(189,1,181,'2020-09-10','Severe'),(190,3,182,'2020-02-11','Light'),(191,3,183,'2020-04-09','Light'),(192,1,150,'2020-10-05','Severe'),(193,3,185,'2020-10-20','Light'),(194,5,186,'2020-11-13','Severe'),(195,2,41,'2020-01-10','Light'),(196,2,187,'2020-08-27','Heavy'),(197,2,188,'2020-02-24','Light'),(198,2,189,'2020-02-18','Light'),(199,2,190,'2020-03-28','Light'),(200,2,191,'2020-11-07','Light'),(201,2,64,'2020-01-25','Light'),(202,2,192,'2020-12-14','Light'),(203,3,46,'2020-11-14','Moderate'),(204,3,193,'2020-01-28','Light'),(205,2,194,'2020-03-20','Light'),(206,2,195,'2020-01-18','Light'),(207,1,196,'2020-03-11','Severe'),(208,2,197,'2020-10-30','Light'),(209,2,198,'2020-01-12','Moderate'),(210,3,199,'2020-04-12','Light'),(211,3,200,'2020-04-01','Light'),(212,2,201,'2020-03-21','Light'),(213,2,202,'2020-10-26','Light'),(214,1,203,'2020-11-15','Severe'),(215,2,204,'2020-12-30','Light'),(216,2,205,'2020-02-11','Light'),(217,2,206,'2020-10-24','Light'),(218,3,207,'2020-01-14','Light'),(219,1,208,'2020-08-08','Severe'),(220,2,163,'2020-05-26','Light'),(221,1,209,'2020-09-16','Severe'),(222,1,210,'2020-09-28','Severe'),(223,2,211,'2020-01-17','Light'),(224,3,212,'2020-12-12','Heavy'),(225,2,115,'2020-03-03','Light'),(226,2,213,'2020-07-06','Light'),(227,1,214,'2020-06-22','Severe'),(228,2,215,'2020-02-02','Light'),(229,2,216,'2020-07-11','Light'),(230,2,217,'2020-11-30','Moderate'),(231,1,218,'2020-11-30','Severe'),(232,2,219,'2020-12-12','Light'),(233,2,220,'2020-07-11','Light'),(234,1,221,'2020-05-02','Moderate'),(235,2,222,'2020-02-23','Light'),(236,2,223,'2020-06-30','Light'),(237,1,224,'2020-05-04','Severe'),(238,2,225,'2020-01-29','Light'),(239,2,226,'2020-09-25','Moderate'),(240,2,227,'2020-11-01','Light'),(241,1,228,'2020-11-25','Severe'),(242,2,165,'2020-03-19','Light'),(243,2,229,'2020-07-30','Light'),(244,1,230,'2020-12-22','Moderate'),(245,2,177,'2020-04-02','Moderate'),(246,2,231,'2020-07-27','Light'),(247,2,232,'2020-04-04','Light'),(248,2,233,'2020-01-04','Light'),(249,2,234,'2020-02-13','Light'),(250,2,235,'2020-02-15','Light'),(251,1,109,'2020-11-06','Severe'),(252,1,95,'2020-01-12','Moderate'),(253,2,58,'2020-06-08','Moderate'),(254,2,237,'2020-09-28','Light'),(255,1,238,'2020-07-09','Severe'),(256,1,239,'2020-08-24','Moderate'),(257,1,240,'2020-10-19','Moderate'),(258,2,106,'2020-09-23','Light'),(259,2,241,'2020-09-08','Light'),(260,2,242,'2020-01-26','Moderate'),(261,2,243,'2020-09-06','Light'),(262,2,219,'2020-10-12','Light'),(263,2,244,'2020-06-05','Light'),(264,2,245,'2020-12-13','Light'),(265,5,246,'2020-07-24','Severe'),(266,2,247,'2020-03-03','Light'),(267,2,248,'2020-06-16','Light'),(268,3,249,'2020-01-18','Light'),(269,2,52,'2020-11-20','Light'),(270,2,250,'2020-06-07','Moderate'),(271,2,61,'2020-04-09','Light'),(272,2,26,'2020-03-15','Light'),(273,3,251,'2020-12-17','Light'),(274,2,147,'2020-03-18','Light'),(275,2,253,'2020-10-28','Moderate'),(276,1,254,'2020-09-10','Moderate'),(277,3,255,'2020-03-13','Light'),(278,1,256,'2020-01-28','Severe'),(279,2,257,'2020-05-14','Light'),(280,2,49,'2020-05-20','Light'),(281,2,163,'2020-03-13','Light'),(282,2,259,'2020-10-26','Light'),(283,2,260,'2020-11-23','Moderate'),(284,1,261,'2020-08-15','Moderate'),(285,2,262,'2020-07-10','Light'),(286,1,263,'2020-08-29','Moderate'),(287,3,264,'2020-11-24','Heavy'),(288,1,265,'2020-10-27','Severe'),(289,2,266,'2020-08-30','Light'),(290,3,267,'2020-01-07','Light'),(291,2,268,'2020-10-10','Light'),(292,1,205,'2020-05-17','Moderate'),(293,2,177,'2020-09-28','Light'),(294,3,269,'2020-02-07','Light'),(295,2,213,'2020-12-12','Light'),(296,1,271,'2020-04-12','Moderate'),(297,2,272,'2020-11-07','Moderate'),(298,1,273,'2020-09-02','Severe'),(299,3,274,'2020-02-28','Moderate'),(300,1,275,'2020-05-12','Severe'),(301,2,276,'2020-12-25','Light'),(302,2,277,'2020-11-11','Light'),(303,1,278,'2020-01-02','Moderate'),(304,2,279,'2020-04-30','Light'),(305,3,93,'2020-10-22','Light'),(306,2,110,'2020-03-23','Moderate'),(307,3,280,'2020-01-11','Light'),(308,2,281,'2020-10-10','Moderate'),(309,5,282,'2020-02-18','Severe'),(310,5,283,'2020-09-30','Severe'),(311,2,284,'2020-03-10','Light'),(312,1,138,'2020-07-21','Severe'),(313,2,285,'2020-03-10','Light'),(314,3,286,'2020-02-08','Light'),(315,2,287,'2020-02-06','Moderate'),(316,2,137,'2020-04-07','Light'),(317,1,288,'2020-02-17','Severe'),(318,1,289,'2020-02-17','Severe'),(319,1,290,'2020-02-09','Moderate'),(320,2,291,'2020-10-27','Light'),(321,2,292,'2020-02-05','Light'),(322,1,293,'2020-05-20','Severe'),(323,1,294,'2020-10-28','Severe'),(324,2,295,'2020-05-09','Light'),(325,6,296,'2020-06-13','Severe'),(326,2,297,'2020-06-29','Light'),(327,2,298,'2020-09-30','Light'),(328,1,299,'2020-09-14','Moderate'),(329,1,156,'2020-11-01','Moderate'),(330,1,300,'2020-08-20','Severe'),(331,2,301,'2020-09-28','Light'),(332,2,302,'2020-08-15','Light'),(333,2,303,'2020-06-12','Light'),(334,5,304,'2020-12-24','Severe'),(335,2,305,'2020-02-25','Moderate'),(336,2,306,'2020-08-13','Light'),(337,2,26,'2020-12-04','Light'),(338,2,307,'2020-06-07','Light'),(339,1,242,'2020-10-06','Severe'),(340,2,308,'2020-05-02','Light'),(341,3,106,'2020-12-22','Light'),(342,1,282,'2020-01-10','Severe'),(343,1,309,'2020-02-26','Severe'),(344,2,277,'2020-06-23','Light'),(345,1,310,'2020-01-17','Severe'),(346,2,311,'2020-02-10','Moderate'),(347,1,312,'2020-11-15','Severe'),(348,3,313,'2020-11-10','Light'),(349,2,210,'2020-02-27','Light'),(350,2,314,'2020-01-03','Light'),(351,2,315,'2020-04-02','Light'),(352,1,316,'2020-10-03','Severe'),(353,2,317,'2020-09-13','Light'),(354,2,26,'2020-07-29','Light'),(355,2,318,'2020-02-05','Light'),(356,2,319,'2020-12-24','Light'),(357,2,203,'2020-08-03','Moderate'),(358,2,3,'2020-09-25','Light'),(359,3,321,'2020-02-14','Light'),(360,2,322,'2020-01-26','Light'),(361,2,323,'2020-02-07','Light'),(362,1,324,'2020-10-28','Severe'),(363,1,32,'2020-04-20','Severe'),(364,2,325,'2020-11-15','Light'),(365,4,37,'2020-02-06','UNK'),(366,3,326,'2020-04-09','Light'),(367,2,327,'2020-01-03','Light'),(368,2,328,'2020-09-02','Light'),(369,2,329,'2020-05-03','Moderate'),(370,1,330,'2020-11-23','Moderate'),(371,3,98,'2020-11-11','Moderate'),(372,2,331,'2020-05-05','Light'),(373,3,332,'2020-02-10','Light'),(374,2,333,'2020-01-18','Light'),(375,2,112,'2020-10-29','Light'),(376,2,215,'2020-09-24','Light'),(377,2,334,'2020-05-13','Light'),(378,1,335,'2020-01-15','Severe'),(379,1,336,'2020-05-23','Severe'),(380,2,335,'2020-01-18','Moderate'),(381,2,337,'2020-07-31','Light'),(382,1,338,'2020-04-12','Moderate'),(383,2,339,'2020-11-13','Light'),(384,1,340,'2020-02-10','Severe'),(385,1,52,'2020-01-17','Moderate'),(386,3,342,'2020-01-16','Light'),(387,2,343,'2020-07-02','Light'),(388,5,344,'2020-11-19','Severe'),(389,2,345,'2020-10-12','Light'),(390,3,346,'2020-01-27','Light'),(391,3,347,'2020-12-12','Light'),(392,1,348,'2020-10-19','Severe'),(393,2,349,'2020-08-14','Light'),(394,2,350,'2020-08-15','Light'),(395,4,351,'2020-05-30','UNK'),(396,2,352,'2020-04-05','Light'),(397,2,353,'2020-03-19','Light'),(398,3,354,'2020-02-26','Light'),(399,2,107,'2020-10-28','Moderate'),(400,2,355,'2020-09-28','Heavy'),(401,2,26,'2020-02-04','Light'),(402,2,357,'2020-03-24','Light'),(403,2,358,'2020-10-16','Light'),(404,1,359,'2020-01-26','Severe'),(405,2,235,'2020-01-31','Light'),(406,2,116,'2020-01-11','Light'),(407,3,281,'2020-02-21','Light'),(408,3,345,'2020-12-14','Moderate'),(409,2,5,'2020-12-12','Moderate'),(410,2,360,'2020-11-25','Light'),(411,2,361,'2020-11-27','Light'),(412,2,362,'2020-09-13','Light'),(413,1,363,'2020-01-31','Moderate'),(414,4,364,'2020-08-28','UNK'),(415,5,365,'2020-09-15','Severe'),(416,2,366,'2020-07-19','Light'),(417,5,367,'2020-02-14','Severe'),(418,2,368,'2020-10-18','Light'),(419,3,369,'2020-02-12','Light'),(420,1,370,'2020-02-18','Severe'),(421,2,371,'2020-09-07','Light'),(422,3,372,'2020-12-16','Light'),(423,2,373,'2020-04-04','Light'),(424,1,374,'2020-10-23','Severe'),(425,1,24,'2020-10-22','Severe'),(426,2,375,'2020-08-07','Light'),(427,5,376,'2020-11-30','Severe'),(428,4,377,'2020-06-26','UNK'),(429,2,378,'2020-10-11','Moderate'),(430,2,379,'2020-05-26','Light'),(431,2,380,'2020-07-09','Light'),(432,1,2,'2020-11-23','Severe'),(433,2,381,'2020-02-19','Light'),(434,1,382,'2020-11-17','Moderate'),(435,2,383,'2020-05-18','Light'),(436,3,384,'2020-12-23','Light'),(437,3,213,'2020-12-29','Moderate'),(438,2,385,'2020-05-18','Light'),(439,2,386,'2020-04-26','Light'),(440,2,277,'2020-08-28','Light'),(441,2,7,'2020-08-23','Heavy'),(442,3,387,'2020-01-05','Light'),(443,2,235,'2020-03-27','Light'),(444,2,59,'2020-08-31','Light'),(445,5,389,'2020-12-02','Severe'),(446,2,328,'2020-05-16','Light'),(447,2,95,'2020-06-27','Light'),(448,1,390,'2020-08-24','Severe'),(449,3,391,'2020-03-23','Moderate'),(450,2,392,'2020-03-03','Light'),(451,2,105,'2020-11-01','Light'),(452,2,14,'2020-07-08','Light'),(453,2,92,'2020-07-11','Light'),(454,3,395,'2020-12-16','Light'),(455,1,396,'2020-11-27','Severe'),(456,1,397,'2020-11-23','Severe'),(457,2,398,'2020-04-18','Light'),(458,3,399,'2020-03-09','Moderate'),(459,2,141,'2020-04-01','Light'),(460,2,400,'2020-03-16','Light'),(461,3,401,'2020-02-06','Light'),(462,2,402,'2020-05-25','Light'),(463,2,395,'2020-03-03','Light'),(464,1,403,'2020-12-15','Severe'),(465,4,404,'2020-05-22','UNK'),(466,2,115,'2020-01-10','Light'),(467,2,405,'2020-08-09','Light'),(468,2,406,'2020-03-19','Light'),(469,1,407,'2020-01-23','Moderate'),(470,2,408,'2020-06-12','Moderate'),(471,2,409,'2020-02-04','Light'),(472,2,410,'2020-01-16','Light'),(473,2,411,'2020-04-09','Light'),(474,1,412,'2020-01-31','Severe'),(475,2,413,'2020-05-26','Light'),(476,2,414,'2020-09-17','Moderate'),(477,2,415,'2020-07-31','Light'),(478,1,416,'2020-02-11','Severe'),(479,5,417,'2020-09-30','Severe'),(480,2,418,'2020-08-13','Light'),(481,1,419,'2020-08-13','Severe'),(482,2,420,'2020-06-16','Light'),(483,3,421,'2020-01-05','Light'),(484,2,422,'2020-11-11','Light'),(485,3,423,'2020-12-12','Light'),(486,2,323,'2020-05-21','Moderate'),(487,1,424,'2020-04-25','Severe'),(488,2,425,'2020-03-04','Light'),(489,1,426,'2020-12-31','Severe'),(490,1,321,'2020-09-26','Severe'),(491,2,428,'2020-12-25','Light'),(492,2,209,'2020-09-30','Light'),(493,2,429,'2020-06-10','Light'),(494,1,430,'2020-02-18','Severe'),(495,2,431,'2020-12-24','Heavy'),(496,1,432,'2020-08-26','Severe'),(497,4,433,'2020-05-17','UNK'),(498,2,434,'2020-05-14','Light'),(499,2,34,'2020-07-18','Light'),(500,1,253,'2020-02-09','Severe'),(501,2,436,'2020-12-10','Light'),(502,2,437,'2020-05-18','Moderate'),(503,2,67,'2020-05-15','Light'),(504,2,438,'2020-04-03','Light'),(505,2,439,'2020-07-15','Light'),(506,3,334,'2020-10-20','Moderate'),(507,3,21,'2020-10-24','Moderate'),(508,2,56,'2020-01-04','Light'),(509,2,32,'2020-02-10','Light'),(510,2,440,'2020-01-24','Moderate'),(511,1,441,'2020-03-19','Severe'),(512,2,442,'2020-02-24','Light'),(513,2,443,'2020-06-11','Light'),(514,2,444,'2020-10-19','Light'),(515,1,445,'2020-09-26','Severe'),(516,1,446,'2020-08-06','Severe'),(517,2,447,'2020-05-14','Light'),(518,3,448,'2020-12-19','Light'),(519,1,196,'2020-10-14','Severe'),(520,2,449,'2020-09-22','Moderate'),(521,1,450,'2020-01-25','Severe'),(522,2,451,'2020-05-06','Light'),(523,2,311,'2020-02-16','Light'),(524,2,290,'2020-03-10','Light'),(525,1,453,'2020-02-10','Severe'),(526,2,454,'2020-06-20','Light'),(527,2,59,'2020-07-30','Light'),(528,1,455,'2020-09-10','Severe'),(529,2,94,'2020-06-25','Light'),(530,1,456,'2020-02-25','Severe'),(531,3,457,'2020-01-29','Light'),(532,2,274,'2020-08-18','Light'),(533,2,458,'2020-03-25','Light'),(534,2,408,'2020-05-21','Moderate'),(535,2,216,'2020-01-28','Light'),(536,1,460,'2020-11-04','Severe'),(537,2,204,'2020-05-18','Light'),(538,5,198,'2020-07-13','Severe'),(539,2,461,'2020-05-15','Light'),(540,1,462,'2020-07-22','Severe'),(541,3,463,'2020-04-15','Light'),(542,1,464,'2020-03-07','Severe'),(543,2,465,'2020-04-19','Light'),(544,1,466,'2020-10-23','Severe'),(545,2,467,'2020-08-29','Light'),(546,2,468,'2020-07-03','Light'),(547,1,122,'2020-12-20','Severe'),(548,2,469,'2020-10-19','Light'),(549,1,470,'2020-09-26','Severe'),(550,1,471,'2020-10-18','Severe'),(551,2,138,'2020-12-30','Light'),(552,2,472,'2020-12-13','Light'),(553,3,391,'2020-04-09','Light'),(554,3,405,'2020-02-27','Light'),(555,3,473,'2020-04-15','Light'),(556,2,118,'2020-12-24','Moderate'),(557,2,474,'2020-04-23','Light'),(558,2,275,'2020-02-25','Light'),(559,2,475,'2020-03-28','Light'),(560,3,476,'2020-12-09','Light'),(561,1,47,'2020-10-21','Severe'),(562,3,477,'2020-03-14','Light'),(563,1,478,'2020-11-14','Severe'),(564,1,479,'2020-09-10','Severe'),(565,2,480,'2020-07-06','Moderate'),(566,2,249,'2020-03-20','Light'),(567,2,11,'2020-06-16','Light'),(568,1,481,'2020-04-06','Severe'),(569,2,482,'2020-02-20','Light'),(570,1,26,'2020-07-17','Severe'),(571,3,483,'2020-02-26','Light'),(572,2,484,'2020-02-26','Light'),(573,3,384,'2020-12-22','Light'),(574,2,215,'2020-01-10','Light'),(575,4,67,'2020-05-26','UNK'),(576,1,273,'2020-05-27','Severe'),(577,1,141,'2020-09-23','Severe'),(578,2,485,'2020-02-13','Light'),(579,1,486,'2020-10-24','Severe'),(580,2,203,'2020-06-30','Moderate'),(581,2,487,'2020-12-13','Light'),(582,1,488,'2020-06-16','Severe'),(583,5,489,'2020-07-27','Severe'),(584,2,490,'2020-03-10','Light'),(585,2,491,'2020-03-29','Light'),(586,2,492,'2020-01-27','Light'),(587,1,493,'2020-03-15','Severe'),(588,2,494,'2020-07-22','Light'),(589,2,495,'2020-01-14','Light'),(590,2,5,'2020-05-11','Light'),(591,3,379,'2020-01-12','Light'),(592,2,311,'2020-08-18','Light'),(593,2,338,'2020-06-24','Light'),(594,2,227,'2020-03-24','Light'),(595,1,499,'2020-09-13','Severe'),(596,2,26,'2020-07-12','Moderate'),(597,1,500,'2020-09-17','Moderate'),(598,2,501,'2020-12-25','Moderate'),(599,2,502,'2020-02-14','Light'),(600,2,503,'2020-01-16','Light'),(601,2,504,'2020-04-18','Light'),(602,1,262,'2020-04-20','Severe'),(603,1,159,'2020-06-15','Moderate'),(604,2,112,'2020-03-04','Light'),(605,1,276,'2020-03-03','Severe'),(606,2,482,'2020-06-10','Light'),(607,4,507,'2020-04-24','UNK'),(608,2,192,'2020-02-26','Light'),(609,3,508,'2020-03-04','Light'),(610,1,159,'2020-10-04','Severe'),(611,1,302,'2020-08-01','Severe'),(612,1,509,'2020-09-25','Severe'),(613,1,242,'2020-08-22','Severe'),(614,2,189,'2020-11-28','Light'),(615,2,246,'2020-09-10','Light'),(616,2,512,'2020-02-06','Moderate'),(617,2,513,'2020-01-21','Light'),(618,2,419,'2020-10-15','Light'),(619,2,515,'2020-02-11','Light'),(620,2,516,'2020-08-29','Light'),(621,2,114,'2020-10-23','Light'),(622,1,109,'2020-09-01','Severe'),(623,2,25,'2020-09-28','Light'),(625,1,518,'2020-05-13','Severe'),(626,2,519,'2020-04-23','Light'),(627,2,520,'2020-08-22','Moderate'),(628,2,389,'2020-06-20','Light'),(629,3,521,'2020-01-16','Light'),(630,2,522,'2020-03-16','Moderate'),(631,3,523,'2020-04-09','Light'),(632,2,524,'2020-07-31','Light'),(633,1,525,'2020-09-11','Severe'),(634,3,526,'2020-10-26','Light'),(635,3,527,'2020-12-28','Light'),(636,2,528,'2020-01-24','Light'),(637,1,529,'2020-01-13','Severe'),(638,2,530,'2020-03-03','Light'),(639,1,531,'2020-12-31','Severe'),(640,2,532,'2020-05-03','Light'),(641,2,203,'2020-09-01','Light'),(642,2,482,'2020-02-10','Moderate'),(643,2,426,'2020-12-30','Light'),(644,2,18,'2020-06-16','Moderate'),(645,2,534,'2020-02-04','Light'),(646,1,535,'2020-09-29','Severe'),(647,2,266,'2020-03-13','Light'),(648,2,536,'2020-04-09','Light'),(649,2,537,'2020-03-03','Light'),(650,2,134,'2020-05-17','Light'),(651,1,538,'2020-12-21','Severe'),(652,1,539,'2020-11-10','Severe'),(653,2,540,'2020-09-03','Light'),(654,1,541,'2020-08-03','Moderate'),(655,1,114,'2020-09-02','Severe'),(656,1,542,'2020-09-08','Severe'),(657,2,543,'2020-03-24','Light'),(658,2,544,'2020-10-21','Light'),(659,6,45,'2020-10-31','Severe'),(660,2,197,'2020-01-04','Light'),(661,3,387,'2020-03-01','Light'),(662,2,545,'2020-06-29','Moderate'),(663,2,546,'2020-04-13','Light'),(664,1,547,'2020-02-07','Severe'),(665,2,548,'2020-02-01','Light'),(666,2,549,'2020-02-10','Moderate'),(667,2,550,'2020-10-30','Light'),(668,2,337,'2020-01-25','Light'),(669,2,445,'2020-05-23','Light'),(670,1,552,'2020-09-24','Moderate'),(671,2,553,'2020-05-27','Heavy'),(672,2,554,'2020-03-11','Light'),(673,2,555,'2020-02-17','Light'),(674,1,397,'2020-01-12','Severe'),(675,2,333,'2020-11-14','Moderate'),(676,3,346,'2020-01-26','Heavy'),(677,3,556,'2020-01-27','Light'),(678,3,557,'2020-11-24','Light'),(679,2,558,'2020-02-07','Moderate'),(680,1,559,'2020-01-24','Severe'),(681,2,560,'2020-03-03','Light'),(682,1,561,'2020-01-29','Severe'),(683,1,562,'2020-06-28','Severe'),(684,2,563,'2020-09-20','Light'),(685,3,491,'2020-01-03','Light'),(686,1,326,'2020-01-30','Severe'),(687,2,145,'2020-10-19','Light'),(688,1,386,'2020-06-20','Severe'),(689,2,3,'2020-05-26','Light'),(690,5,565,'2020-11-24','Severe'),(691,1,566,'2020-11-21','Severe'),(692,1,262,'2020-09-10','Severe'),(693,2,420,'2020-03-30','Light'),(694,2,367,'2020-04-28','Moderate'),(695,3,567,'2020-02-08','Light'),(696,3,203,'2020-12-18','Light'),(697,4,568,'2020-10-12','UNK'),(698,2,569,'2020-06-14','Light'),(699,1,538,'2020-10-21','Severe'),(700,3,570,'2020-03-14','Light'),(701,3,499,'2020-12-14','Light'),(702,1,157,'2020-09-07','Moderate'),(703,2,378,'2020-07-31','Light'),(704,1,245,'2020-02-18','Severe'),(705,1,571,'2020-09-23','Severe'),(706,3,572,'2020-03-29','Light'),(707,4,573,'2020-04-23','UNK'),(708,2,574,'2020-05-14','Light'),(709,3,575,'2020-04-13','Light'),(710,5,576,'2020-06-11','Severe'),(711,1,577,'2020-08-02','Severe'),(712,3,63,'2020-11-16','Moderate'),(713,2,578,'2020-04-13','Moderate'),(714,2,294,'2020-02-07','Moderate'),(715,3,579,'2020-12-13','Moderate'),(716,2,167,'2020-01-31','Light'),(717,1,108,'2020-01-18','Severe'),(718,1,580,'2020-03-19','Severe'),(719,2,581,'2020-08-03','Light'),(720,1,582,'2020-12-07','Severe'),(721,2,583,'2020-05-11','Light'),(722,2,584,'2020-01-29','Light'),(723,3,585,'2020-02-05','Light'),(724,2,381,'2020-10-19','Light'),(725,1,39,'2020-11-05','Severe'),(726,2,586,'2020-07-21','Heavy'),(727,4,587,'2020-05-19','UNK'),(728,2,588,'2020-11-11','Light'),(729,2,589,'2020-07-22','Light'),(730,2,580,'2020-05-25','Light'),(731,1,591,'2020-01-19','Severe'),(732,1,592,'2020-12-19','Severe'),(733,1,106,'2020-10-16','Moderate'),(734,2,593,'2020-04-18','Moderate'),(735,3,594,'2020-02-12','Moderate'),(736,1,261,'2020-07-06','Moderate'),(737,1,595,'2020-09-14','Moderate'),(738,2,596,'2020-01-30','Light'),(739,1,597,'2020-02-26','Severe'),(740,1,598,'2020-11-24','Severe'),(741,2,599,'2020-06-05','Light'),(742,2,464,'2020-05-13','Light'),(743,3,600,'2020-10-25','Light'),(744,2,601,'2020-03-02','Light'),(745,3,602,'2020-04-22','Light'),(746,1,603,'2020-05-25','Severe'),(747,2,240,'2020-12-31','Light'),(748,1,586,'2020-07-07','Severe'),(749,2,480,'2020-02-19','Moderate'),(750,2,205,'2020-10-09','Light'),(751,2,604,'2020-01-14','Light'),(752,1,605,'2020-12-15','Severe'),(753,2,7,'2020-08-14','Light'),(754,1,371,'2020-01-15','Moderate'),(755,2,606,'2020-10-19','Light'),(756,2,607,'2020-10-24','Light'),(757,1,591,'2020-03-26','Severe'),(758,2,273,'2020-02-02','Light'),(759,2,478,'2020-05-29','Moderate'),(760,2,608,'2020-01-04','Light'),(761,1,609,'2020-01-18','Severe'),(762,2,263,'2020-06-21','Light'),(763,2,447,'2020-01-03','Light'),(764,1,336,'2020-10-09','Severe'),(765,2,611,'2020-09-16','Light'),(766,1,612,'2020-03-12','Severe'),(767,1,613,'2020-12-15','Severe'),(768,1,614,'2020-06-28','Moderate'),(769,2,615,'2020-06-26','Light'),(770,1,566,'2020-11-27','Severe'),(771,3,617,'2020-04-01','Light'),(772,2,408,'2020-04-30','Heavy'),(773,2,618,'2020-04-29','Moderate'),(774,2,408,'2020-09-18','Moderate'),(775,5,376,'2020-12-12','Severe'),(776,2,441,'2020-11-26','Light'),(777,2,575,'2020-06-01','Moderate'),(778,1,620,'2020-03-09','Severe'),(779,2,81,'2020-10-07','Light'),(780,1,384,'2020-11-02','Moderate'),(781,2,622,'2020-11-02','Moderate'),(782,2,5,'2020-01-29','Light'),(783,1,623,'2020-06-02','Moderate'),(784,2,139,'2020-08-06','Light'),(785,1,624,'2020-09-06','Moderate'),(786,2,625,'2020-09-09','Light'),(787,2,19,'2020-04-18','Light'),(788,2,475,'2020-09-07','Light'),(789,2,321,'2020-10-25','Moderate'),(790,5,628,'2020-08-06','Severe'),(791,2,629,'2020-05-22','Light'),(792,2,630,'2020-06-09','Light'),(793,2,631,'2020-03-28','Moderate'),(794,3,251,'2020-12-19','Light'),(795,5,632,'2020-12-14','Severe'),(796,2,633,'2020-04-23','Light'),(797,1,634,'2020-01-08','Severe'),(798,2,625,'2020-06-08','Light'),(799,3,296,'2020-02-03','Light'),(800,2,635,'2020-08-19','Light'),(801,2,2,'2020-03-24','Moderate'),(802,2,636,'2020-09-10','Light'),(803,3,56,'2020-02-09','Light'),(804,2,361,'2020-02-19','Light'),(805,1,638,'2020-03-17','Severe'),(806,1,639,'2020-08-21','Moderate'),(807,2,405,'2020-10-29','Light'),(808,3,640,'2020-01-11','Light'),(809,2,68,'2020-10-16','Light'),(810,2,403,'2020-02-12','Light'),(811,2,148,'2020-06-08','Light'),(812,2,641,'2020-04-20','Heavy'),(813,1,132,'2020-08-04','Moderate'),(814,3,642,'2020-04-18','Light'),(815,1,135,'2020-05-23','Severe'),(816,1,344,'2020-05-29','Moderate'),(817,1,643,'2020-10-01','Moderate'),(818,2,118,'2020-12-14','Light'),(819,1,644,'2020-12-27','Severe'),(820,3,315,'2020-12-20','Light'),(821,1,338,'2020-02-12','Severe'),(822,3,640,'2020-09-08','Heavy'),(823,3,646,'2020-05-08','Light'),(824,1,647,'2020-10-22','Severe'),(825,1,94,'2020-05-24','Moderate'),(826,3,649,'2020-12-16','Light'),(827,2,370,'2020-11-11','Light'),(828,2,359,'2020-06-19','Light'),(829,1,650,'2020-02-11','Moderate'),(830,2,411,'2020-04-20','Light'),(831,1,232,'2020-09-06','Severe'),(832,1,238,'2020-12-13','Moderate'),(833,3,651,'2020-11-24','Light'),(834,2,652,'2020-02-01','Light'),(836,2,653,'2020-06-28','Light'),(837,2,43,'2020-02-14','Light'),(838,2,654,'2020-07-26','Light'),(839,1,655,'2020-07-06','Severe'),(840,3,656,'2020-02-22','Light'),(841,1,657,'2020-03-27','Severe'),(842,2,658,'2020-04-02','Light'),(843,2,562,'2020-09-29','Light'),(844,3,659,'2020-12-29','Light'),(845,1,159,'2020-07-16','Moderate'),(846,2,460,'2020-09-23','Heavy'),(847,2,660,'2020-01-24','Light'),(848,1,661,'2020-03-19','Severe'),(849,2,662,'2020-01-02','Light'),(850,2,215,'2020-01-12','Light'),(851,2,429,'2020-05-17','Light'),(852,5,417,'2020-10-31','Severe'),(853,2,663,'2020-02-23','Light'),(854,2,488,'2020-03-05','Light'),(855,2,398,'2020-12-20','Light'),(856,1,638,'2020-10-30','Moderate'),(857,1,664,'2020-10-25','Severe'),(858,2,112,'2020-11-30','Light'),(859,2,666,'2020-03-25','Light'),(860,1,667,'2020-04-08','Severe'),(861,2,668,'2020-10-17','Moderate'),(862,2,301,'2020-09-09','Light'),(863,4,669,'2020-09-28','UNK'),(864,2,454,'2020-12-30','Light'),(865,2,348,'2020-04-01','Light'),(866,1,669,'2020-12-04','Severe'),(867,1,670,'2020-08-23','Moderate'),(868,1,671,'2020-08-21','Moderate'),(869,2,672,'2020-05-04','Light'),(870,3,673,'2020-12-20','Moderate'),(871,1,674,'2020-09-25','Severe'),(872,2,261,'2020-02-07','Light'),(873,1,675,'2020-03-03','Moderate'),(874,3,676,'2020-03-14','Light'),(875,2,545,'2020-07-06','Light'),(876,2,677,'2020-03-29','Light'),(877,2,678,'2020-11-30','Light'),(878,2,5,'2020-08-09','Light'),(879,2,679,'2020-03-25','Light'),(880,2,26,'2020-02-17','Light'),(881,2,681,'2020-09-23','Heavy'),(882,2,174,'2020-09-25','Light'),(883,2,563,'2020-04-19','Heavy'),(884,2,682,'2020-06-10','Light'),(885,2,555,'2020-01-11','Light'),(886,2,683,'2020-04-23','Light'),(887,3,18,'2020-12-23','Light'),(888,1,571,'2020-04-21','Moderate'),(889,3,65,'2020-12-14','Light'),(890,2,11,'2020-03-23','Light'),(891,2,204,'2020-10-19','Light'),(892,2,176,'2020-02-06','Moderate'),(893,3,26,'2020-03-14','Light'),(894,2,65,'2020-10-01','Light'),(895,1,104,'2020-01-23','Severe'),(896,2,593,'2020-02-11','Light'),(897,2,593,'2020-09-09','Moderate'),(898,1,685,'2020-10-18','Severe'),(899,2,686,'2020-05-14','Light'),(900,1,110,'2020-05-26','Severe'),(901,2,661,'2020-05-11','Light'),(902,1,687,'2020-02-29','Severe'),(903,2,688,'2020-03-31','Light'),(904,2,315,'2020-10-05','Light'),(905,2,655,'2020-06-05','Light'),(906,2,689,'2020-07-07','Light'),(907,1,690,'2020-01-13','Severe'),(908,2,23,'2020-03-04','Light'),(909,1,691,'2020-03-28','Severe'),(910,1,692,'2020-09-23','Severe'),(911,5,366,'2020-04-16','Severe'),(912,2,693,'2020-12-11','Light'),(913,2,694,'2020-05-23','Light'),(914,3,695,'2020-03-03','Light'),(915,4,147,'2020-06-19','UNK'),(916,2,323,'2020-07-11','Light'),(917,2,697,'2020-06-14','Light'),(918,2,698,'2020-05-17','Moderate'),(919,2,699,'2020-08-06','Light'),(920,2,312,'2020-06-24','Heavy'),(921,1,292,'2020-01-14','Severe'),(922,2,138,'2020-12-19','Light'),(923,1,701,'2020-10-09','Severe'),(924,3,602,'2020-01-08','Light'),(925,2,635,'2020-02-01','Light'),(926,1,448,'2020-08-27','Severe'),(927,2,474,'2020-10-25','Light'),(928,2,294,'2020-11-23','Light'),(929,2,702,'2020-10-03','Light'),(930,4,10,'2020-04-24','UNK'),(931,3,703,'2020-02-04','Light'),(932,1,704,'2020-03-25','Severe'),(933,1,321,'2020-11-24','Moderate'),(934,2,705,'2020-08-30','Moderate'),(935,1,706,'2020-05-15','Severe'),(936,2,707,'2020-11-13','Light'),(937,1,601,'2020-12-29','Severe'),(938,3,526,'2020-02-01','Light'),(939,2,708,'2020-07-15','Light'),(940,2,709,'2020-02-05','Light'),(941,1,710,'2020-03-30','Severe'),(942,1,302,'2020-10-27','Severe'),(943,2,679,'2020-05-10','Moderate'),(944,2,712,'2020-05-31','Light'),(945,1,268,'2020-11-09','Severe'),(946,2,713,'2020-05-16','Light'),(947,3,714,'2020-12-18','Light'),(948,2,715,'2020-04-26','Light'),(949,2,716,'2020-11-11','Moderate'),(950,2,717,'2020-01-16','Light'),(951,1,718,'2020-12-21','Severe'),(952,2,503,'2020-04-04','Light'),(953,2,719,'2020-10-19','Heavy'),(954,1,10,'2020-03-05','Severe'),(955,2,41,'2020-01-28','Light'),(956,2,657,'2020-06-08','Light'),(957,2,721,'2020-10-26','Heavy'),(958,1,324,'2020-09-08','Severe'),(959,2,129,'2020-03-31','Light'),(960,1,60,'2020-06-23','Severe'),(961,1,263,'2020-09-29','Severe'),(962,1,723,'2020-08-23','Severe'),(963,2,473,'2020-04-29','Moderate'),(964,1,724,'2020-10-11','Moderate'),(965,2,725,'2020-01-26','Light'),(966,2,3,'2020-03-04','Light'),(967,2,540,'2020-04-06','Light'),(968,2,495,'2020-06-06','Light'),(969,1,728,'2020-08-22','Severe'),(970,2,729,'2020-11-26','Light'),(971,1,730,'2020-07-31','Severe'),(972,2,731,'2020-07-15','Light'),(973,1,732,'2020-08-24','Severe'),(974,2,59,'2020-02-06','Light'),(975,2,336,'2020-09-28','Light'),(976,1,734,'2020-11-30','Severe'),(977,2,735,'2020-11-06','Light'),(978,2,368,'2020-12-14','Moderate'),(979,1,736,'2020-10-22','Severe'),(980,5,344,'2020-12-19','Severe'),(981,2,737,'2020-09-27','Light'),(982,2,292,'2020-09-09','Moderate'),(983,2,204,'2020-05-25','Light'),(984,3,321,'2020-03-15','Light'),(985,2,534,'2020-03-19','Light'),(986,2,59,'2020-10-24','Heavy'),(987,2,740,'2020-06-21','Light'),(988,1,741,'2020-06-17','Moderate'),(989,1,676,'2020-04-06','Moderate'),(990,1,742,'2020-11-03','Severe'),(991,1,743,'2020-01-03','Severe'),(992,1,744,'2020-09-16','Severe'),(993,2,484,'2020-10-06','Light'),(994,1,4,'2020-11-07','Severe'),(995,1,473,'2020-05-25','Severe'),(996,2,132,'2020-09-28','Light'),(997,3,46,'2020-11-06','Moderate'),(998,3,745,'2020-01-27','Light'),(999,2,746,'2020-11-11','Light'),(1000,2,126,'2020-03-31','Light'),(1001,1,747,'2020-07-30','Severe'),(1002,2,748,'2020-12-26','Light'),(1003,3,685,'2020-10-21','Light'),(1004,1,749,'2020-05-24','Severe'),(1005,2,750,'2020-05-15','Heavy'),(1006,2,751,'2020-06-07','Light'),(1007,2,175,'2020-10-17','Light'),(1008,1,299,'2020-05-26','Moderate'),(1009,2,247,'2020-09-25','Moderate'),(1010,1,479,'2020-02-01','Severe'),(1011,3,752,'2020-02-05','Heavy'),(1012,1,753,'2020-07-24','Severe'),(1013,2,754,'2020-12-19','Light'),(1014,2,563,'2020-03-13','Light'),(1015,2,321,'2020-03-02','Light'),(1016,1,756,'2020-01-27','Severe'),(1017,1,757,'2020-02-15','Severe'),(1018,1,758,'2020-05-14','Severe'),(1019,3,526,'2020-01-15','Light'),(1020,2,292,'2020-02-19','Light'),(1021,2,546,'2020-07-24','Light'),(1022,1,759,'2020-03-24','Severe'),(1023,1,622,'2020-09-02','Severe'),(1024,2,11,'2020-12-16','Light'),(1025,2,760,'2020-12-31','Light'),(1026,3,761,'2020-03-12','Light'),(1027,5,762,'2020-12-28','Severe'),(1028,2,763,'2020-07-21','Light'),(1029,2,453,'2020-12-31','Light'),(1030,1,432,'2020-07-14','Moderate'),(1031,1,654,'2020-04-19','Severe'),(1032,2,764,'2020-10-16','Moderate'),(1033,1,336,'2020-11-11','Severe'),(1034,3,296,'2020-09-08','Light'),(1035,1,765,'2020-02-12','Severe'),(1036,1,250,'2020-11-15','Moderate'),(1037,2,632,'2020-01-28','Moderate'),(1038,2,547,'2020-11-27','Light'),(1039,3,255,'2020-11-12','Light'),(1040,2,513,'2020-03-28','Light'),(1041,2,467,'2020-11-30','Moderate'),(1042,1,766,'2020-03-15','Severe'),(1043,2,198,'2020-01-16','Moderate'),(1044,1,372,'2020-07-13','Severe'),(1045,1,268,'2020-08-23','Severe'),(1046,2,768,'2020-07-21','Light'),(1047,1,147,'2020-10-23','Severe'),(1048,3,156,'2020-02-26','Light'),(1049,1,769,'2020-07-31','Severe'),(1050,1,770,'2020-01-17','Severe'),(1051,2,771,'2020-03-23','Light'),(1052,3,220,'2020-03-06','Light'),(1053,2,60,'2020-05-31','Light'),(1054,2,59,'2020-04-23','Light'),(1055,2,773,'2020-10-17','Light'),(1056,2,774,'2020-10-07','Light'),(1057,1,605,'2020-01-08','Severe'),(1058,1,306,'2020-11-11','Severe'),(1059,1,775,'2020-01-08','Moderate'),(1060,1,638,'2020-05-13','Severe'),(1061,1,470,'2020-02-26','Severe'),(1062,2,776,'2020-04-10','Moderate'),(1063,1,777,'2020-02-18','Severe'),(1064,4,778,'2020-08-23','UNK'),(1065,1,695,'2020-08-22','Moderate'),(1066,2,779,'2020-12-11','Light'),(1067,2,303,'2020-01-27','Light'),(1068,3,780,'2020-01-25','Light'),(1069,2,781,'2020-09-02','Light'),(1070,5,782,'2020-12-02','Severe'),(1071,3,136,'2020-02-27','Light'),(1072,4,758,'2020-06-03','UNK'),(1073,2,784,'2020-06-03','Moderate'),(1074,2,513,'2020-06-15','Moderate'),(1075,3,785,'2020-03-20','Light'),(1076,2,786,'2020-04-19','Light'),(1077,2,737,'2020-12-20','Light'),(1078,2,787,'2020-07-02','Light'),(1079,3,490,'2020-02-09','Light'),(1080,2,788,'2020-06-25','Light'),(1081,2,204,'2020-10-11','Light'),(1082,2,158,'2020-12-28','Light'),(1083,2,789,'2020-02-12','Light'),(1084,2,167,'2020-03-02','Light'),(1085,1,406,'2020-10-11','Severe'),(1086,1,790,'2020-09-24','Moderate'),(1087,3,791,'2020-03-14','Moderate'),(1088,3,792,'2020-02-07','Light'),(1089,3,377,'2020-01-26','Light'),(1090,1,470,'2020-08-27','Moderate'),(1091,1,273,'2020-12-08','Severe'),(1092,2,563,'2020-04-07','Light'),(1093,2,793,'2020-07-30','Light'),(1094,2,481,'2020-03-14','Light'),(1095,2,794,'2020-06-07','Light'),(1096,2,795,'2020-10-27','Light'),(1097,2,639,'2020-03-15','Light'),(1098,3,796,'2020-01-04','Light'),(1099,2,555,'2020-05-10','Moderate'),(1100,1,797,'2020-08-30','Severe'),(1101,1,798,'2020-08-27','Severe'),(1102,2,2,'2020-10-14','Light'),(1103,3,86,'2020-04-15','Moderate'),(1104,2,59,'2020-04-30','Moderate'),(1105,1,800,'2020-03-18','Severe'),(1106,1,801,'2020-08-22','Moderate'),(1107,2,613,'2020-04-05','Light'),(1108,2,6,'2020-08-22','Light'),(1109,3,803,'2020-02-07','Light'),(1110,2,520,'2020-06-22','Light'),(1111,2,804,'2020-03-19','Light'),(1112,2,273,'2020-11-06','Light'),(1113,2,805,'2020-04-02','Moderate'),(1114,1,664,'2020-12-03','Severe'),(1115,2,242,'2020-01-05','Light'),(1116,2,635,'2020-10-03','Heavy'),(1117,1,12,'2020-06-24','Moderate'),(1118,2,807,'2020-10-26','Light'),(1119,2,808,'2020-04-20','Light'),(1120,2,56,'2020-07-25','Light'),(1121,2,725,'2020-01-02','Light'),(1122,2,809,'2020-05-19','Light'),(1123,3,810,'2020-04-12','Light'),(1124,2,649,'2020-04-04','Light'),(1125,1,811,'2020-12-30','Severe'),(1126,5,304,'2020-07-07','Severe'),(1127,2,795,'2020-05-25','Light'),(1128,1,812,'2020-01-11','Severe'),(1129,2,398,'2020-07-23','Light'),(1130,1,813,'2020-11-06','Severe'),(1131,3,345,'2020-02-29','Light'),(1132,2,294,'2020-05-09','Light'),(1133,3,411,'2020-03-07','Light'),(1134,5,815,'2020-10-09','Severe'),(1135,2,406,'2020-08-07','Light'),(1136,2,816,'2020-09-30','Light'),(1137,2,781,'2020-03-29','Light'),(1138,3,817,'2020-02-03','Light'),(1139,2,639,'2020-04-29','Moderate'),(1140,2,818,'2020-05-19','Light'),(1141,2,157,'2020-06-14','Light'),(1142,2,819,'2020-01-11','Light'),(1143,2,501,'2020-07-01','Light'),(1144,3,525,'2020-04-04','Heavy'),(1145,2,311,'2020-06-03','Light'),(1146,2,821,'2020-02-26','Light'),(1147,2,822,'2020-09-21','Light'),(1148,2,823,'2020-01-19','Light'),(1149,1,824,'2020-12-18','Severe'),(1150,2,308,'2020-09-24','Moderate'),(1151,3,825,'2020-01-18','Moderate'),(1152,3,826,'2020-03-19','Light'),(1153,3,346,'2020-02-13','Light'),(1154,2,685,'2020-06-06','Light'),(1155,2,759,'2020-02-12','Light'),(1156,1,138,'2020-11-05','Moderate'),(1157,3,527,'2020-04-21','Light'),(1158,4,686,'2020-11-29','UNK'),(1159,1,828,'2020-05-29','Severe'),(1160,1,569,'2020-09-08','Severe'),(1161,1,156,'2020-02-28','Severe'),(1162,3,829,'2020-03-29','Light'),(1163,2,173,'2020-12-31','Light'),(1164,1,828,'2020-07-11','Severe'),(1165,2,159,'2020-02-20','Light'),(1166,1,830,'2020-08-25','Severe'),(1167,1,265,'2020-12-27','Moderate'),(1168,2,746,'2020-06-05','Light'),(1169,3,831,'2020-03-27','Light'),(1170,2,832,'2020-12-10','Moderate'),(1171,2,833,'2020-04-29','Light'),(1172,1,834,'2020-12-12','Severe'),(1173,2,512,'2020-11-12','Heavy'),(1174,1,608,'2020-08-02','Severe'),(1175,1,203,'2020-07-17','Moderate'),(1176,2,836,'2020-05-05','Light'),(1177,2,837,'2020-05-23','Heavy'),(1178,2,838,'2020-06-27','Light'),(1179,2,839,'2020-03-09','Light'),(1180,1,612,'2020-01-15','Moderate'),(1181,1,776,'2020-02-20','Moderate'),(1182,2,840,'2020-05-01','Light'),(1183,2,841,'2020-01-04','Light'),(1184,1,662,'2020-08-15','Severe'),(1185,1,246,'2020-11-13','Moderate'),(1186,2,842,'2020-08-22','Light'),(1187,2,843,'2020-05-18','Light'),(1188,3,844,'2020-02-13','Light'),(1189,1,845,'2020-09-12','Severe'),(1190,3,729,'2020-12-25','Light'),(1191,1,846,'2020-08-11','Severe'),(1192,2,234,'2020-01-02','Moderate'),(1193,2,848,'2020-10-23','Moderate'),(1194,2,803,'2020-10-22','Light'),(1195,1,748,'2020-04-25','Severe'),(1196,1,849,'2020-12-12','Severe'),(1197,2,833,'2020-03-19','Moderate'),(1198,3,659,'2020-02-10','Light'),(1199,4,608,'2020-11-20','UNK'),(1200,2,540,'2020-07-06','Light'),(1201,1,850,'2020-05-15','Severe'),(1202,2,851,'2020-03-23','Light'),(1203,2,126,'2020-05-23','Moderate'),(1204,1,265,'2020-08-05','Severe'),(1205,2,852,'2020-10-19','Light'),(1206,3,346,'2020-02-20','Light'),(1207,1,479,'2020-10-21','Severe'),(1208,1,268,'2020-08-09','Severe'),(1209,2,853,'2020-04-20','Light'),(1210,3,3,'2020-01-20','Light'),(1211,1,317,'2020-08-12','Severe'),(1212,1,414,'2020-02-09','Severe'),(1213,2,415,'2020-12-12','Light'),(1214,1,268,'2020-01-04','Severe'),(1215,2,12,'2020-02-09','Light'),(1216,4,586,'2020-06-22','UNK'),(1217,2,411,'2020-04-19','Moderate'),(1218,2,304,'2020-05-22','Light'),(1219,1,97,'2020-12-04','Severe'),(1220,3,856,'2020-04-16','Light'),(1221,3,105,'2020-02-13','Light'),(1222,2,857,'2020-12-25','Light'),(1223,3,213,'2020-03-25','Light'),(1224,1,65,'2020-08-25','Severe'),(1225,2,124,'2020-02-25','Light'),(1226,2,859,'2020-06-16','Light'),(1227,1,829,'2020-05-24','Severe'),(1228,2,579,'2020-03-31','Light'),(1229,2,157,'2020-06-06','Light'),(1230,1,860,'2020-09-11','Severe'),(1231,2,861,'2020-09-30','Heavy'),(1232,1,685,'2020-12-11','Severe'),(1233,3,633,'2020-02-26','Light'),(1234,1,525,'2020-07-19','Moderate'),(1235,2,145,'2020-03-29','Light'),(1236,2,863,'2020-03-30','Light'),(1237,5,864,'2020-01-25','Severe'),(1238,1,589,'2020-02-18','Severe'),(1239,2,865,'2020-09-21','Light'),(1240,2,866,'2020-01-07','Moderate'),(1241,1,250,'2020-12-15','Moderate'),(1242,3,867,'2020-02-11','Light'),(1243,2,95,'2020-12-24','Light'),(1244,2,44,'2020-10-11','Light'),(1245,2,796,'2020-03-30','Light'),(1246,3,699,'2020-02-14','Light'),(1247,1,569,'2020-10-24','Severe'),(1248,5,5,'2020-03-06','Severe'),(1249,1,285,'2020-07-11','Severe'),(1250,2,613,'2020-05-14','Light'),(1251,1,658,'2020-06-09','Severe'),(1252,2,868,'2020-09-11','Light'),(1253,2,869,'2020-07-21','Light'),(1254,2,870,'2020-03-13','Moderate'),(1255,1,282,'2020-01-31','Severe'),(1256,1,149,'2020-03-21','Severe'),(1257,2,503,'2020-03-31','Light'),(1258,3,556,'2020-12-13','Light'),(1259,2,327,'2020-06-28','Light'),(1260,1,528,'2020-03-26','Severe'),(1261,3,5,'2020-12-31','Light'),(1262,2,692,'2020-05-21','Light'),(1263,1,204,'2020-06-02','Severe'),(1264,1,706,'2020-01-14','Severe'),(1265,2,280,'2020-11-25','Moderate'),(1266,5,273,'2020-01-03','Severe'),(1267,2,305,'2020-01-04','Light'),(1268,2,286,'2020-06-09','Light'),(1269,1,662,'2020-10-14','Severe'),(1271,2,43,'2020-02-01','Light'),(1272,2,573,'2020-10-12','Light'),(1273,1,874,'2020-01-26','Severe'),(1274,1,324,'2020-03-17','Severe'),(1275,2,431,'2020-02-11','Light'),(1276,2,475,'2020-04-13','Moderate'),(1277,3,239,'2020-12-25','Light'),(1278,3,875,'2020-01-17','Light'),(1279,1,876,'2020-04-16','Moderate'),(1280,2,389,'2020-09-09','Light'),(1281,2,203,'2020-05-15','Light'),(1282,2,878,'2020-10-25','Light'),(1283,1,879,'2020-02-10','Moderate'),(1284,2,650,'2020-06-04','Light'),(1285,2,731,'2020-05-01','Light'),(1286,2,94,'2020-09-12','Moderate'),(1287,2,229,'2020-02-18','Light'),(1288,1,226,'2020-09-01','Moderate'),(1289,1,196,'2020-09-26','Moderate'),(1290,1,881,'2020-11-25','Severe'),(1291,2,386,'2020-04-13','Light'),(1292,2,882,'2020-11-29','Light'),(1293,2,159,'2020-12-30','Light'),(1294,2,153,'2020-08-22','Light'),(1295,3,293,'2020-02-10','Light'),(1296,2,883,'2020-03-22','Light'),(1297,1,253,'2020-08-21','Moderate'),(1298,2,884,'2020-08-04','Heavy'),(1299,2,323,'2020-03-17','Light'),(1300,1,157,'2020-09-11','Severe'),(1301,2,776,'2020-02-22','Light'),(1302,3,145,'2020-01-15','Heavy'),(1303,2,240,'2020-01-04','Light'),(1304,3,197,'2020-02-05','Light'),(1305,2,354,'2020-06-07','Light'),(1306,1,547,'2020-10-08','Severe'),(1307,2,825,'2020-05-23','Light'),(1308,1,705,'2020-03-04','Severe'),(1309,1,846,'2020-03-12','Severe'),(1310,2,882,'2020-12-04','Heavy'),(1311,3,752,'2020-10-27','Moderate'),(1312,2,885,'2020-07-16','Light'),(1313,2,512,'2020-07-31','Heavy'),(1314,3,852,'2020-02-29','Light'),(1315,1,723,'2020-06-04','Severe'),(1316,3,886,'2020-02-28','Light'),(1317,2,887,'2020-09-26','Light'),(1318,4,93,'2020-07-10','UNK'),(1319,2,167,'2020-07-08','Light'),(1320,2,123,'2020-11-30','Moderate'),(1321,6,224,'2020-02-12','Severe'),(1322,2,706,'2020-10-18','Light'),(1323,1,447,'2020-08-04','Severe'),(1324,2,136,'2020-07-20','Light'),(1325,1,5,'2020-12-13','Severe'),(1326,2,307,'2020-02-23','Light'),(1327,2,561,'2020-09-12','Light'),(1328,2,888,'2020-09-10','Light'),(1329,2,3,'2020-06-02','Light'),(1330,3,292,'2020-02-20','Light'),(1331,2,460,'2020-01-26','Light'),(1332,2,413,'2020-09-08','Light'),(1333,2,446,'2020-04-30','Light'),(1334,2,889,'2020-06-27','Light'),(1335,2,890,'2020-04-05','Light'),(1336,2,46,'2020-05-20','Light'),(1337,1,475,'2020-09-22','Severe'),(1338,2,248,'2020-03-04','Light'),(1339,5,22,'2020-11-23','Severe'),(1340,2,892,'2020-05-16','Light'),(1341,4,234,'2020-06-23','UNK'),(1342,2,761,'2020-11-11','Light'),(1343,2,464,'2020-12-15','Light'),(1344,2,895,'2020-10-16','Moderate'),(1345,2,443,'2020-03-04','Light'),(1346,1,570,'2020-09-12','Moderate'),(1347,2,861,'2020-07-24','Light'),(1348,1,287,'2020-11-10','Severe'),(1349,1,175,'2020-08-24','Severe'),(1350,3,5,'2020-02-27','Light'),(1351,1,54,'2020-11-27','Severe'),(1352,2,253,'2020-11-11','Light'),(1353,3,283,'2020-01-14','Light'),(1354,1,896,'2020-07-11','Severe'),(1355,1,64,'2020-01-24','Severe'),(1356,2,897,'2020-03-16','Light'),(1357,1,273,'2020-02-17','Severe'),(1358,4,581,'2020-11-12','UNK'),(1359,2,898,'2020-01-13','Light'),(1360,2,115,'2020-03-15','Light'),(1361,1,274,'2020-01-15','Severe'),(1362,1,571,'2020-09-20','Severe'),(1363,2,586,'2020-03-31','Light'),(1364,2,105,'2020-11-26','Light'),(1365,1,311,'2020-09-28','Severe'),(1366,2,901,'2020-10-12','Moderate'),(1367,2,902,'2020-07-25','Light'),(1368,3,549,'2020-10-27','Light'),(1369,1,56,'2020-03-20','Severe'),(1370,3,903,'2020-01-24','Light'),(1371,2,248,'2020-02-06','Light'),(1372,1,904,'2020-02-11','Severe'),(1373,1,471,'2020-03-17','Severe'),(1374,1,761,'2020-08-23','Severe'),(1375,2,905,'2020-05-14','Light'),(1376,2,82,'2020-04-26','Light'),(1377,2,907,'2020-03-19','Heavy'),(1378,2,908,'2020-09-28','Light'),(1379,2,750,'2020-08-28','Heavy'),(1380,2,829,'2020-07-26','Light'),(1381,5,909,'2020-03-21','Severe'),(1382,3,595,'2020-04-15','Light'),(1383,2,910,'2020-02-24','Light'),(1384,1,403,'2020-07-07','Severe'),(1385,2,24,'2020-08-28','Moderate'),(1386,2,126,'2020-08-22','Light'),(1387,1,912,'2020-07-28','Severe'),(1388,2,913,'2020-04-30','Light'),(1389,3,570,'2020-03-29','Moderate'),(1390,2,208,'2020-02-06','Light'),(1391,1,914,'2020-01-18','Moderate'),(1392,2,384,'2020-12-31','Light'),(1393,1,770,'2020-02-18','Moderate'),(1394,1,915,'2020-11-03','Moderate'),(1395,2,904,'2020-10-19','Light'),(1396,2,916,'2020-10-27','Moderate'),(1397,1,368,'2020-11-21','Severe'),(1398,3,80,'2020-03-23','Heavy'),(1399,1,299,'2020-09-21','Severe'),(1400,5,242,'2020-09-03','Severe'),(1401,1,918,'2020-07-05','Moderate'),(1402,2,26,'2020-08-07','Heavy'),(1403,1,919,'2020-12-11','Severe'),(1404,2,535,'2020-01-03','Light'),(1405,2,182,'2020-06-18','Light'),(1406,2,421,'2020-06-27','Light'),(1407,2,537,'2020-11-24','Light'),(1408,1,655,'2020-08-13','Severe'),(1409,2,276,'2020-02-27','Light'),(1410,2,922,'2020-03-18','Light'),(1411,2,866,'2020-12-24','Heavy'),(1412,3,267,'2020-03-12','Light'),(1413,2,923,'2020-12-31','Light'),(1414,2,924,'2020-11-25','Light'),(1415,2,26,'2020-04-19','Light'),(1416,1,273,'2020-06-21','Severe'),(1417,2,925,'2020-05-10','Light'),(1418,2,926,'2020-05-12','Light'),(1419,3,93,'2020-02-10','Light'),(1420,1,809,'2020-04-06','Severe'),(1421,2,927,'2020-04-07','Light'),(1422,3,928,'2020-04-07','Light'),(1423,1,650,'2020-10-05','Severe'),(1424,2,411,'2020-02-07','Light'),(1425,2,929,'2020-08-25','Light'),(1426,2,930,'2020-07-13','Light'),(1427,1,58,'2020-06-29','Severe'),(1428,1,932,'2020-03-12','Moderate'),(1429,2,933,'2020-02-07','Light'),(1430,3,528,'2020-01-18','Light'),(1431,2,934,'2020-04-01','Light'),(1432,2,546,'2020-11-11','Light'),(1433,2,935,'2020-12-14','Light'),(1434,3,936,'2020-01-13','Light'),(1435,2,937,'2020-10-29','Moderate'),(1436,1,254,'2020-11-03','Severe'),(1437,5,938,'2020-06-24','Severe'),(1438,1,742,'2020-03-26','Severe'),(1439,2,378,'2020-07-10','Light'),(1440,1,97,'2020-12-06','Severe'),(1441,1,186,'2020-08-22','Severe'),(1442,2,384,'2020-08-20','Light'),(1443,2,41,'2020-04-22','Light'),(1444,2,243,'2020-10-26','Light'),(1445,1,939,'2020-09-13','Moderate'),(1446,2,940,'2020-10-11','Light'),(1447,2,233,'2020-02-01','Light'),(1448,3,642,'2020-02-07','Light'),(1449,2,151,'2020-08-10','Heavy'),(1450,2,442,'2020-09-28','Moderate'),(1451,2,100,'2020-12-14','Moderate'),(1452,3,941,'2020-12-15','Light'),(1453,5,942,'2020-10-27','Severe'),(1454,3,56,'2020-02-02','Light'),(1455,1,220,'2020-02-29','Moderate'),(1456,1,599,'2020-06-29','Severe'),(1457,2,392,'2020-09-04','Light'),(1458,2,180,'2020-01-18','Moderate'),(1459,2,454,'2020-02-24','Light'),(1460,5,945,'2020-10-25','Severe'),(1461,2,946,'2020-05-19','Light'),(1462,4,947,'2020-01-02','UNK'),(1463,1,246,'2020-02-10','Severe'),(1464,1,96,'2020-11-14','Moderate'),(1465,1,166,'2020-01-24','Severe'),(1466,3,949,'2020-11-12','Light'),(1467,2,950,'2020-12-31','Light'),(1468,1,156,'2020-04-29','Severe'),(1469,2,629,'2020-03-17','Moderate'),(1470,3,951,'2020-03-15','Light'),(1471,3,130,'2020-04-17','Light'),(1472,3,112,'2020-12-05','Moderate'),(1473,2,409,'2020-05-29','Light'),(1474,1,600,'2020-01-29','Moderate'),(1475,1,346,'2020-06-21','Severe'),(1476,2,952,'2020-03-21','Light'),(1477,2,398,'2020-02-20','Light'),(1478,1,311,'2020-12-21','Severe'),(1479,3,3,'2020-01-08','Light'),(1480,1,953,'2020-10-26','Severe'),(1481,2,954,'2020-04-03','Light'),(1482,1,889,'2020-12-29','Severe'),(1483,3,438,'2020-02-13','Light'),(1484,2,421,'2020-08-27','Light'),(1485,3,955,'2020-02-05','Light'),(1486,2,956,'2020-05-12','Moderate'),(1487,3,540,'2020-03-20','Light'),(1488,2,949,'2020-08-10','Light'),(1489,1,72,'2020-08-12','Severe'),(1490,2,596,'2020-07-06','Moderate'),(1491,1,957,'2020-11-03','Moderate'),(1492,1,784,'2020-07-29','Severe'),(1493,2,20,'2020-12-31','Light'),(1494,2,958,'2020-11-30','Light'),(1495,2,959,'2020-05-22','Moderate'),(1496,2,251,'2020-03-28','Light'),(1497,2,515,'2020-04-24','Light'),(1498,1,159,'2020-08-02','Severe'),(1499,2,203,'2020-03-10','Light'),(1500,1,960,'2020-01-23','Severe'),(1501,2,443,'2020-01-27','Light'),(1502,1,961,'2020-09-11','Moderate'),(1503,1,957,'2020-05-10','Moderate'),(1504,2,962,'2020-10-18','Light'),(1505,2,27,'2020-08-28','Light'),(1506,2,203,'2020-08-29','Light'),(1507,3,965,'2020-12-11','Light'),(1508,2,553,'2020-07-11','Light'),(1509,1,323,'2020-08-21','Severe'),(1510,2,226,'2020-01-02','Moderate'),(1511,2,966,'2020-09-08','Light'),(1512,2,764,'2020-02-06','Light'),(1513,2,897,'2020-03-16','Moderate'),(1514,2,946,'2020-01-07','Light'),(1515,3,366,'2020-11-11','Light'),(1516,2,967,'2020-08-04','Moderate'),(1517,1,968,'2020-09-17','Severe'),(1518,2,969,'2020-11-10','Light'),(1519,2,970,'2020-05-03','Moderate'),(1520,2,215,'2020-01-28','Light'),(1521,2,141,'2020-05-28','Light'),(1522,2,971,'2020-05-22','Light'),(1523,3,710,'2020-01-05','Light'),(1524,2,972,'2020-03-19','Moderate'),(1525,2,973,'2020-05-12','Light'),(1526,2,451,'2020-12-13','Light'),(1527,2,12,'2020-05-16','Light'),(1528,2,599,'2020-04-24','Light'),(1529,1,974,'2020-04-08','Severe'),(1530,3,817,'2020-02-25','Light'),(1531,1,261,'2020-07-18','Severe'),(1532,2,975,'2020-05-17','Light'),(1533,2,976,'2020-03-05','Light'),(1534,3,345,'2020-03-31','Light'),(1535,1,912,'2020-01-28','Severe'),(1536,2,630,'2020-11-25','Light'),(1537,1,156,'2020-08-29','Severe'),(1538,4,764,'2020-08-06','UNK'),(1539,5,977,'2020-02-20','Severe'),(1540,1,957,'2020-08-22','Moderate'),(1541,2,92,'2020-11-11','Light'),(1542,2,279,'2020-12-12','Light'),(1543,1,488,'2020-11-27','Severe'),(1544,5,724,'2020-10-15','Severe'),(1545,2,538,'2020-10-13','Light'),(1546,2,966,'2020-03-17','Light'),(1547,2,206,'2020-07-07','Light'),(1548,1,646,'2020-07-22','Severe'),(1549,2,58,'2020-04-15','Light'),(1550,2,960,'2020-08-14','Light'),(1551,2,978,'2020-02-23','Light'),(1552,2,979,'2020-05-29','Light'),(1553,1,124,'2020-11-26','Severe'),(1554,2,980,'2020-06-03','Light'),(1555,2,307,'2020-11-13','Light'),(1556,2,136,'2020-08-31','Light'),(1557,1,625,'2020-10-21','Severe'),(1558,2,981,'2020-09-09','Light'),(1559,1,982,'2020-12-04','Severe'),(1560,2,983,'2020-03-12','Light'),(1561,1,298,'2020-04-28','Severe'),(1562,1,984,'2020-09-12','Severe'),(1563,2,985,'2020-08-13','Light'),(1564,1,959,'2020-07-08','Moderate'),(1565,4,986,'2020-05-05','UNK'),(1566,2,284,'2020-09-25','Light'),(1567,1,681,'2020-02-01','Severe'),(1568,2,987,'2020-02-19','Heavy'),(1569,1,882,'2020-03-26','Severe'),(1570,2,483,'2020-09-24','Light'),(1571,1,681,'2020-03-30','Severe'),(1572,3,988,'2020-04-12','Light'),(1573,3,396,'2020-01-07','Light'),(1574,3,363,'2020-12-20','Light'),(1575,2,19,'2020-06-16','Light'),(1576,1,990,'2020-03-23','Severe'),(1577,4,19,'2020-09-09','UNK'),(1578,2,565,'2020-04-23','Light'),(1579,2,175,'2020-10-01','Light'),(1581,2,194,'2020-07-22','Light'),(1582,1,464,'2020-03-01','Severe'),(1583,1,991,'2020-08-26','Moderate'),(1584,1,992,'2020-03-25','Severe'),(1585,1,993,'2020-10-01','Severe'),(1586,1,337,'2020-07-08','Severe'),(1587,1,532,'2020-08-21','Severe'),(1588,2,994,'2020-11-29','Light'),(1589,2,995,'2020-08-09','Light'),(1590,2,142,'2020-03-14','Light'),(1591,1,823,'2020-05-22','Severe'),(1592,2,929,'2020-12-30','Light'),(1593,1,996,'2020-08-30','Moderate'),(1594,1,429,'2020-03-19','Severe'),(1595,2,163,'2020-11-12','Heavy'),(1596,2,998,'2020-02-11','Light'),(1597,3,469,'2020-04-03','Light'),(1598,1,999,'2020-09-24','Severe'),(1599,1,232,'2020-11-25','Severe'),(1600,2,338,'2020-03-13','Light'),(1601,2,1000,'2020-09-10','Moderate'),(1602,2,555,'2020-09-13','Light'),(1603,2,294,'2020-01-05','Light'),(1604,2,1001,'2020-11-15','Light'),(1605,5,1002,'2020-09-16','Severe'),(1606,2,29,'2020-06-01','Light'),(1607,2,761,'2020-09-18','Moderate'),(1608,1,215,'2020-03-03','Severe'),(1609,1,1003,'2020-08-21','Severe'),(1610,1,1004,'2020-01-03','Severe'),(1611,2,244,'2020-09-10','Light'),(1612,2,789,'2020-10-29','Light'),(1613,2,51,'2020-05-25','Light'),(1614,4,1005,'2020-09-29','UNK'),(1615,2,321,'2020-02-05','Light'),(1616,1,776,'2020-04-13','Severe'),(1617,3,56,'2020-01-19','Moderate'),(1618,2,1007,'2020-09-10','Light'),(1619,2,16,'2020-03-29','Light'),(1620,2,336,'2020-09-27','Light'),(1621,2,1009,'2020-02-20','Light'),(1622,1,1010,'2020-10-23','Severe'),(1623,1,302,'2020-04-05','Severe'),(1624,3,1011,'2020-02-07','Heavy'),(1625,1,623,'2020-10-30','Severe'),(1626,4,237,'2020-07-25','UNK'),(1627,3,163,'2020-02-17','Light'),(1628,1,1012,'2020-03-26','Severe'),(1629,2,1013,'2020-12-14','Light'),(1630,1,1014,'2020-10-10','Severe'),(1631,2,692,'2020-12-12','Light'),(1632,2,895,'2020-05-23','Light'),(1633,1,29,'2020-01-26','Severe'),(1634,2,1016,'2020-03-11','Light'),(1635,2,190,'2020-05-17','Light'),(1636,1,391,'2020-09-25','Severe'),(1637,2,411,'2020-03-10','Light'),(1638,2,1017,'2020-10-21','Light'),(1639,3,1018,'2020-02-07','Light'),(1640,6,1019,'2020-06-29','Severe'),(1641,1,445,'2020-10-17','Severe'),(1642,4,384,'2020-03-04','UNK'),(1643,1,1020,'2020-10-14','Severe'),(1644,1,1021,'2020-11-03','Moderate'),(1645,2,276,'2020-03-10','Light'),(1646,2,1023,'2020-01-24','Light'),(1647,2,1024,'2020-03-19','Light'),(1648,5,23,'2020-09-19','Severe'),(1649,2,285,'2020-01-10','Light'),(1650,3,585,'2020-12-26','Light'),(1651,2,5,'2020-06-05','Light'),(1652,5,1026,'2020-05-01','Severe'),(1653,2,442,'2020-10-20','Light'),(1654,3,50,'2020-03-13','Light'),(1656,1,1027,'2020-12-17','Severe'),(1657,2,150,'2020-11-11','Light'),(1658,3,1028,'2020-03-22','Heavy'),(1659,1,1029,'2020-08-19','Moderate'),(1660,2,238,'2020-11-09','Light'),(1661,2,261,'2020-11-25','Light'),(1662,4,1030,'2020-07-25','UNK'),(1663,2,1012,'2020-02-27','Light'),(1664,2,1031,'2020-09-16','Moderate'),(1665,1,1032,'2020-09-25','Severe'),(1666,3,1033,'2020-02-28','Light'),(1667,1,617,'2020-09-10','Severe'),(1668,2,454,'2020-05-28','Light'),(1669,2,1030,'2020-07-05','Light'),(1670,2,670,'2020-01-18','Light'),(1671,2,155,'2020-03-04','Light'),(1672,3,951,'2020-01-30','Light'),(1673,2,385,'2020-02-24','Light'),(1674,2,1035,'2020-04-07','Light'),(1675,2,1036,'2020-05-18','Light'),(1676,2,408,'2020-03-11','Light'),(1677,2,415,'2020-11-14','Light'),(1678,1,1037,'2020-09-18','Severe'),(1679,1,600,'2020-12-09','Moderate'),(1680,2,1038,'2020-09-18','Light'),(1681,3,702,'2020-11-30','Light'),(1682,2,1040,'2020-01-23','Light'),(1683,2,48,'2020-03-04','Light'),(1684,1,1041,'2020-04-26','Severe'),(1685,3,1042,'2020-02-07','Light'),(1686,1,1043,'2020-08-11','Severe'),(1687,2,206,'2020-06-30','Light'),(1688,2,702,'2020-05-17','Moderate'),(1689,2,982,'2020-03-20','Light'),(1690,2,1044,'2020-02-27','Light'),(1691,2,381,'2020-09-03','Light'),(1692,1,1036,'2020-06-15','Severe'),(1693,2,481,'2020-11-21','Light'),(1694,2,426,'2020-08-01','Light'),(1695,2,1046,'2020-07-31','Light'),(1696,1,586,'2020-03-22','Severe'),(1697,2,343,'2020-05-25','Light'),(1698,2,321,'2020-03-03','Light'),(1699,2,1047,'2020-08-21','Light'),(1700,3,1048,'2020-03-29','Heavy'),(1701,2,776,'2020-04-07','Light'),(1702,1,419,'2020-08-18','Severe'),(1703,5,156,'2020-10-20','Severe'),(1704,2,954,'2020-09-01','Moderate'),(1705,1,1049,'2020-03-28','Severe'),(1706,2,1050,'2020-03-31','Light'),(1707,3,47,'2020-04-13','Light'),(1708,3,801,'2020-11-10','Light'),(1709,2,150,'2020-10-28','Light'),(1710,1,569,'2020-08-17','Severe'),(1711,1,232,'2020-10-20','Severe'),(1712,2,979,'2020-06-30','Light'),(1713,2,1051,'2020-03-31','Light'),(1714,2,302,'2020-09-02','Heavy'),(1715,1,1052,'2020-03-25','Severe'),(1716,2,19,'2020-09-01','Light'),(1717,2,57,'2020-07-30','Light'),(1718,2,335,'2020-05-18','Light'),(1719,1,164,'2020-12-24','Moderate'),(1720,1,1053,'2020-03-23','Severe'),(1721,1,280,'2020-12-03','Moderate'),(1722,2,1054,'2020-01-03','Light'),(1723,1,1055,'2020-06-02','Moderate'),(1724,3,80,'2020-10-30','Moderate'),(1725,3,1056,'2020-01-29','Light'),(1726,1,1057,'2020-04-19','Severe'),(1727,4,1058,'2020-07-29','UNK'),(1728,2,275,'2020-04-24','Light'),(1729,2,370,'2020-06-06','Light'),(1730,2,1059,'2020-03-11','Light'),(1731,2,660,'2020-02-13','Light'),(1732,2,331,'2020-01-01','Light'),(1733,2,429,'2020-03-06','Light'),(1734,2,682,'2020-01-10','Light'),(1735,1,888,'2020-06-27','Severe'),(1736,1,1060,'2020-01-26','Severe'),(1737,2,56,'2020-11-23','Moderate'),(1738,3,531,'2020-10-18','Light'),(1739,2,580,'2020-01-18','Light'),(1740,1,174,'2020-12-31','Severe'),(1741,2,1061,'2020-05-06','Light'),(1742,1,239,'2020-01-25','Severe'),(1743,2,743,'2020-10-28','Light'),(1744,2,885,'2020-11-15','Light'),(1745,1,1062,'2020-09-22','Severe'),(1746,1,1063,'2020-01-10','Moderate'),(1747,2,859,'2020-05-19','Moderate'),(1748,2,1064,'2020-08-28','Heavy'),(1749,2,884,'2020-01-03','Light'),(1750,4,1065,'2020-02-12','UNK'),(1751,2,1066,'2020-09-30','Light'),(1752,3,1067,'2020-02-11','Light'),(1753,2,675,'2020-01-18','Light'),(1754,3,1068,'2020-12-02','Light'),(1755,2,416,'2020-04-13','Moderate'),(1756,2,219,'2020-09-17','Moderate'),(1757,1,1069,'2020-10-20','Severe'),(1758,3,357,'2020-03-14','Light'),(1759,1,1070,'2020-11-22','Moderate'),(1760,2,317,'2020-08-19','Light'),(1761,1,508,'2020-01-30','Severe'),(1762,6,31,'2020-08-04','Severe'),(1763,1,389,'2020-02-06','Severe'),(1764,1,639,'2020-03-24','Severe'),(1765,2,15,'2020-10-28','Light'),(1766,2,1072,'2020-08-24','Light'),(1767,2,5,'2020-07-12','Light'),(1768,3,646,'2020-11-01','Light'),(1769,3,889,'2020-11-24','Light'),(1770,2,1073,'2020-11-12','Light'),(1771,3,852,'2020-01-04','Light'),(1772,2,23,'2020-12-25','Light'),(1773,2,672,'2020-05-02','Light'),(1774,1,1074,'2020-01-03','Severe'),(1775,2,299,'2020-01-11','Light'),(1776,2,37,'2020-10-28','Heavy'),(1777,2,1076,'2020-09-09','Light'),(1778,2,831,'2020-03-14','Light'),(1779,1,743,'2020-06-05','Moderate'),(1780,2,1077,'2020-10-08','Light'),(1781,1,1078,'2020-10-12','Moderate'),(1782,2,1079,'2020-08-03','Light'),(1783,2,1080,'2020-05-05','Light'),(1784,1,597,'2020-09-21','Severe'),(1785,1,1081,'2020-01-18','Severe'),(1786,1,149,'2020-01-13','Moderate'),(1787,3,730,'2020-02-27','Moderate'),(1788,2,57,'2020-07-07','Light'),(1789,3,86,'2020-01-27','Light'),(1790,1,108,'2020-05-24','Severe'),(1791,2,1082,'2020-05-25','Light'),(1792,2,28,'2020-03-31','Light'),(1793,1,42,'2020-09-14','Moderate'),(1794,2,913,'2020-01-14','Light'),(1795,1,397,'2020-03-11','Moderate'),(1796,2,169,'2020-05-12','Heavy'),(1797,2,1083,'2020-07-19','Light'),(1798,1,52,'2020-08-16','Severe'),(1799,2,664,'2020-08-28','Light'),(1800,3,1084,'2020-04-09','Light'),(1801,1,516,'2020-03-14','Severe'),(1802,2,282,'2020-06-21','Light'),(1803,1,273,'2020-11-16','Severe'),(1804,2,215,'2020-02-05','Light'),(1805,2,396,'2020-01-04','Light'),(1806,2,1085,'2020-12-11','Moderate'),(1807,4,66,'2020-08-07','UNK'),(1808,2,1086,'2020-11-26','Light'),(1809,5,295,'2020-09-30','Severe'),(1810,2,19,'2020-04-13','Moderate'),(1811,2,5,'2020-05-06','Light'),(1812,1,719,'2020-11-07','Severe'),(1813,2,1087,'2020-02-25','Light'),(1814,5,321,'2020-08-14','Severe'),(1815,1,303,'2020-01-14','Severe'),(1816,5,653,'2020-02-13','Severe'),(1817,2,1089,'2020-02-02','Light'),(1818,2,1090,'2020-07-19','Light'),(1819,1,396,'2020-03-27','Severe'),(1820,2,1092,'2020-09-18','Light'),(1821,3,676,'2020-03-13','Light'),(1822,2,1093,'2020-05-21','Light'),(1823,2,512,'2020-04-21','Light'),(1824,1,1094,'2020-03-30','Severe'),(1825,1,1095,'2020-06-09','Moderate'),(1826,2,299,'2020-02-10','Light'),(1827,2,75,'2020-03-24','Moderate'),(1828,6,465,'2020-08-03','Severe'),(1829,2,1021,'2020-03-23','Light'),(1830,3,888,'2020-01-27','Light'),(1831,2,1096,'2020-06-24','Moderate'),(1832,2,1007,'2020-11-10','Light'),(1833,2,274,'2020-07-23','Light'),(1834,2,625,'2020-03-15','Light'),(1835,2,840,'2020-12-14','Light'),(1836,2,282,'2020-01-10','Light'),(1837,2,1097,'2020-11-07','Light'),(1838,1,1098,'2020-05-28','Severe'),(1839,2,1099,'2020-08-04','Heavy'),(1840,2,479,'2020-06-09','Moderate'),(1841,2,1100,'2020-06-04','Light'),(1842,1,203,'2020-06-06','Severe'),(1843,2,1101,'2020-09-09','Light'),(1844,1,1102,'2020-01-26','Severe'),(1845,2,983,'2020-05-19','Light'),(1846,2,1103,'2020-08-14','Light'),(1847,2,208,'2020-06-30','Light'),(1848,1,205,'2020-07-04','Severe'),(1849,2,1104,'2020-10-25','Light'),(1850,3,1105,'2020-01-21','Light'),(1851,1,1106,'2020-10-14','Severe'),(1852,2,1107,'2020-11-09','Moderate'),(1853,2,1020,'2020-10-23','Moderate'),(1854,2,448,'2020-03-19','Light'),(1855,2,1108,'2020-09-10','Light'),(1856,2,641,'2020-12-13','Light'),(1857,1,65,'2020-02-13','Moderate'),(1858,3,126,'2020-02-02','Light'),(1859,2,491,'2020-05-10','Light'),(1860,1,411,'2020-08-27','Severe'),(1861,2,378,'2020-05-14','Light'),(1862,2,333,'2020-10-29','Light'),(1863,1,516,'2020-03-24','Moderate'),(1864,2,1099,'2020-05-26','Light'),(1865,2,249,'2020-04-24','Light'),(1866,1,673,'2020-12-05','Moderate'),(1867,1,1109,'2020-02-12','Severe'),(1868,1,424,'2020-03-28','Severe'),(1869,2,1110,'2020-05-17','Light'),(1870,2,358,'2020-07-23','Light'),(1871,1,430,'2020-11-26','Severe'),(1872,4,1111,'2020-07-27','UNK'),(1873,3,1112,'2020-02-12','Light'),(1874,2,1113,'2020-12-10','Light'),(1875,6,348,'2020-12-29','Severe'),(1876,2,518,'2020-05-15','Light'),(1877,1,176,'2020-10-04','Severe'),(1878,1,1114,'2020-01-12','Severe'),(1879,2,587,'2020-06-02','Light'),(1880,1,372,'2020-07-14','Moderate'),(1881,2,372,'2020-07-08','Light'),(1882,4,276,'2020-08-28','UNK'),(1883,1,801,'2020-03-17','Severe'),(1884,2,1040,'2020-08-01','Light'),(1885,3,232,'2020-01-17','Moderate'),(1886,2,256,'2020-08-10','Light'),(1887,2,1117,'2020-07-17','Light'),(1888,5,392,'2020-04-29','Severe'),(1889,2,758,'2020-02-12','Moderate'),(1890,1,474,'2020-10-21','Severe'),(1891,1,1119,'2020-09-03','Moderate'),(1892,3,71,'2020-01-28','Light'),(1893,1,1087,'2020-08-21','Severe'),(1894,3,1120,'2020-02-01','Light'),(1895,2,1121,'2020-10-12','Light'),(1896,2,335,'2020-03-02','Light'),(1897,5,576,'2020-06-10','Severe'),(1898,1,20,'2020-09-22','Severe'),(1899,2,908,'2020-09-12','Light'),(1900,2,327,'2020-06-08','Moderate'),(1901,1,414,'2020-01-15','Severe'),(1902,2,1111,'2020-10-21','Light'),(1903,2,242,'2020-05-20','Light'),(1904,2,6,'2020-01-19','Light'),(1905,1,503,'2020-03-29','Severe'),(1906,2,559,'2020-04-10','Light'),(1907,2,1122,'2020-09-10','Light'),(1908,2,379,'2020-02-17','Light'),(1909,2,969,'2020-04-12','Light'),(1910,4,302,'2020-06-16','UNK'),(1911,2,1124,'2020-03-13','Light'),(1912,2,310,'2020-05-25','Light'),(1913,2,1125,'2020-04-13','Moderate'),(1914,1,1126,'2020-02-23','Severe'),(1915,1,1127,'2020-12-31','Severe'),(1916,5,1128,'2020-05-03','Severe'),(1917,3,166,'2020-12-29','Moderate'),(1918,2,633,'2020-05-25','Light'),(1919,4,276,'2020-02-06','UNK'),(1920,3,1130,'2020-01-11','Moderate'),(1921,3,521,'2020-04-29','Light'),(1922,1,952,'2020-10-05','Moderate'),(1923,2,1040,'2020-11-15','Light'),(1924,2,840,'2020-01-04','Light'),(1925,2,65,'2020-06-04','Light'),(1926,2,1036,'2020-03-08','Light'),(1927,2,721,'2020-02-01','Heavy'),(1928,2,5,'2020-02-05','Light'),(1929,1,1023,'2020-03-04','Severe'),(1930,1,1007,'2020-03-31','Moderate'),(1931,1,563,'2020-10-21','Severe'),(1932,1,1131,'2020-01-15','Severe'),(1933,2,1132,'2020-10-28','Light'),(1934,2,219,'2020-06-25','Light'),(1935,2,1047,'2020-02-07','Light'),(1936,2,249,'2020-05-07','Light'),(1937,2,1134,'2020-03-23','Light'),(1938,3,98,'2020-02-04','Light'),(1939,2,825,'2020-12-24','Light'),(1940,2,129,'2020-08-24','Light'),(1941,2,348,'2020-10-15','Light'),(1942,2,563,'2020-10-09','Moderate'),(1943,2,1135,'2020-04-30','Moderate'),(1944,1,203,'2020-01-16','Severe'),(1945,2,1136,'2020-05-26','Light'),(1946,1,984,'2020-06-12','Moderate'),(1947,1,1137,'2020-05-16','Severe'),(1948,2,68,'2020-09-29','Moderate'),(1949,1,203,'2020-03-25','Moderate'),(1950,2,87,'2020-03-14','Light'),(1951,2,692,'2020-12-24','Light'),(1952,3,1139,'2020-10-22','Light'),(1953,2,215,'2020-05-16','Light'),(1954,2,969,'2020-06-25','Light'),(1955,2,415,'2020-10-20','Light'),(1956,1,1140,'2020-10-22','Moderate'),(1957,1,692,'2020-09-25','Severe'),(1958,2,441,'2020-01-24','Light'),(1959,2,1085,'2020-08-07','Light'),(1960,2,26,'2020-03-31','Light'),(1961,2,818,'2020-08-31','Light'),(1962,1,1142,'2020-11-28','Moderate'),(1963,1,1113,'2020-03-20','Severe'),(1964,2,545,'2020-06-16','Light'),(1965,1,673,'2020-08-05','Severe'),(1966,1,1143,'2020-10-13','Severe'),(1967,1,110,'2020-10-22','Severe'),(1968,2,77,'2020-01-14','Light'),(1969,3,1144,'2020-10-26','Light'),(1970,1,676,'2020-03-14','Severe'),(1971,2,127,'2020-08-01','Light'),(1972,1,324,'2020-10-29','Severe'),(1973,3,56,'2020-01-04','Light'),(1974,2,293,'2020-03-13','Light'),(1975,1,392,'2020-06-08','Severe'),(1976,2,1099,'2020-01-04','Light'),(1977,1,336,'2020-07-20','Moderate'),(1978,2,625,'2020-07-09','Light'),(1979,2,311,'2020-01-23','Light'),(1980,2,268,'2020-02-10','Light'),(1981,2,115,'2020-02-04','Light'),(1982,2,239,'2020-01-25','Light'),(1983,1,1146,'2020-03-20','Severe'),(1984,2,26,'2020-04-13','Light'),(1985,3,1090,'2020-12-26','Light'),(1986,2,681,'2020-06-22','Light'),(1987,2,694,'2020-05-20','Light'),(1988,1,709,'2020-11-26','Severe'),(1989,2,1147,'2020-03-13','Light'),(1990,1,493,'2020-09-13','Moderate'),(1991,2,1148,'2020-03-06','Light'),(1992,2,501,'2020-03-19','Moderate'),(1993,2,985,'2020-06-23','Light'),(1994,2,778,'2020-11-11','Heavy'),(1995,2,690,'2020-01-04','Light'),(1996,2,1121,'2020-07-06','Light'),(1997,5,1149,'2020-02-28','Severe'),(1998,2,530,'2020-04-27','Light'),(1999,1,1150,'2020-12-12','Severe'),(2000,2,896,'2020-09-17','Light'),(2001,2,332,'2020-03-13','Light'),(2002,4,781,'2020-01-11','UNK'),(2003,3,615,'2020-01-07','Light'),(2004,1,1151,'2020-12-19','Severe'),(2005,2,225,'2020-06-24','Moderate'),(2006,2,350,'2020-11-30','Moderate'),(2007,2,647,'2020-07-19','Light'),(2008,2,43,'2020-03-15','Light'),(2009,2,215,'2020-01-11','Light'),(2010,2,495,'2020-12-09','Light'),(2011,2,730,'2020-11-23','Light'),(2012,2,400,'2020-07-31','Light'),(2013,2,476,'2020-07-11','Light'),(2014,2,24,'2020-11-30','Light'),(2015,2,269,'2020-04-23','Heavy'),(2016,2,210,'2020-12-26','Light'),(2017,2,487,'2020-05-16','Moderate'),(2018,2,1152,'2020-03-28','Light'),(2019,1,571,'2020-10-15','Severe'),(2020,1,1049,'2020-11-06','Severe'),(2021,2,455,'2020-12-01','Moderate'),(2022,1,27,'2020-03-26','Moderate'),(2023,2,234,'2020-03-04','Light'),(2024,2,630,'2020-07-03','Light'),(2025,2,206,'2020-08-22','Light'),(2026,2,471,'2020-08-29','Light'),(2027,2,983,'2020-02-01','Light'),(2028,1,342,'2020-11-16','Severe'),(2029,2,3,'2020-11-30','Moderate'),(2030,2,848,'2020-07-01','Light'),(2031,2,1156,'2020-07-02','Light'),(2032,2,1157,'2020-03-09','Light'),(2033,2,512,'2020-04-08','Light'),(2034,2,535,'2020-03-25','Light'),(2035,3,1158,'2020-12-14','Light'),(2036,1,475,'2020-09-03','Severe'),(2037,2,298,'2020-10-01','Light'),(2038,3,163,'2020-01-13','Light'),(2039,1,399,'2020-10-09','Moderate'),(2040,5,1098,'2020-06-30','Severe'),(2041,1,1059,'2020-10-17','Severe'),(2042,1,1159,'2020-02-14','Severe'),(2043,2,642,'2020-07-24','Light'),(2044,3,421,'2020-02-29','Light'),(2045,2,617,'2020-05-16','Light'),(2046,2,1160,'2020-03-28','Light'),(2047,2,599,'2020-07-29','Light'),(2048,1,421,'2020-01-26','Severe'),(2049,2,112,'2020-08-29','Light'),(2050,2,324,'2020-05-22','Light'),(2051,2,773,'2020-03-29','Light'),(2052,2,17,'2020-10-12','Light'),(2053,2,595,'2020-06-17','Light'),(2054,2,1161,'2020-10-02','Light'),(2055,2,1162,'2020-04-20','Light'),(2056,2,323,'2020-07-23','Light'),(2057,2,890,'2020-05-23','Light'),(2058,2,577,'2020-02-06','Moderate'),(2059,2,1164,'2020-12-05','Moderate'),(2060,5,392,'2020-03-24','Severe'),(2061,2,474,'2020-05-28','Light'),(2062,2,1165,'2020-10-17','Moderate'),(2063,2,75,'2020-02-04','Moderate'),(2064,2,710,'2020-10-22','Light'),(2065,1,246,'2020-03-16','Moderate'),(2066,2,350,'2020-10-25','Light'),(2067,1,1166,'2020-08-03','Severe'),(2068,4,481,'2020-06-23','UNK'),(2069,1,1167,'2020-10-16','Severe'),(2070,1,501,'2020-03-13','Moderate'),(2071,2,1168,'2020-03-18','Light'),(2072,2,844,'2020-03-11','Light'),(2073,2,411,'2020-03-05','Light'),(2074,3,1169,'2020-01-18','Moderate'),(2075,4,105,'2020-06-15','UNK'),(2076,2,604,'2020-11-11','Light'),(2077,6,213,'2020-12-23','Severe'),(2078,2,1170,'2020-02-27','Light'),(2079,2,1171,'2020-03-11','Light'),(2080,4,589,'2020-07-21','UNK'),(2081,1,1172,'2020-09-26','Severe'),(2082,2,488,'2020-05-13','Light'),(2083,1,272,'2020-10-21','Moderate'),(2084,2,801,'2020-08-21','Heavy'),(2085,1,18,'2020-06-26','Moderate'),(2086,2,838,'2020-10-17','Moderate'),(2087,2,993,'2020-11-30','Light'),(2088,2,905,'2020-01-26','Light'),(2089,2,1173,'2020-06-17','Light'),(2090,3,332,'2020-02-13','Light'),(2091,3,491,'2020-12-30','Light'),(2092,2,1174,'2020-08-23','Light'),(2093,2,81,'2020-11-01','Moderate'),(2094,2,611,'2020-06-08','Light'),(2095,1,1175,'2020-01-23','Severe'),(2096,2,126,'2020-08-28','Light'),(2097,1,1174,'2020-05-19','Severe'),(2098,3,197,'2020-03-06','Light'),(2099,1,1176,'2020-11-09','Moderate'),(2100,3,112,'2020-02-18','Heavy'),(2101,2,1177,'2020-12-12','Heavy'),(2102,2,1178,'2020-05-02','Light'),(2103,2,978,'2020-05-15','Heavy'),(2104,3,1179,'2020-12-22','Light'),(2105,1,98,'2020-09-12','Moderate'),(2106,1,1180,'2020-01-24','Severe'),(2107,1,376,'2020-04-30','Moderate'),(2108,3,1181,'2020-01-25','Light'),(2109,1,464,'2020-01-19','Severe'),(2110,1,1182,'2020-03-30','Severe'),(2111,2,260,'2020-08-29','Light'),(2112,2,689,'2020-09-22','Light'),(2113,2,442,'2020-05-04','Moderate'),(2114,1,220,'2020-08-24','Moderate'),(2115,2,566,'2020-06-16','Light'),(2116,2,23,'2020-08-29','Heavy'),(2117,1,1183,'2020-09-21','Severe'),(2118,3,1184,'2020-02-13','Light'),(2119,2,987,'2020-09-02','Light'),(2120,1,1054,'2020-07-30','Moderate'),(2121,2,23,'2020-07-01','Moderate'),(2122,2,1185,'2020-03-03','Light'),(2123,2,1186,'2020-05-10','Light'),(2124,2,1187,'2020-09-01','Light'),(2125,2,1052,'2020-09-08','Light'),(2126,1,848,'2020-04-23','Severe'),(2127,2,843,'2020-05-19','Light'),(2128,2,398,'2020-06-26','Light'),(2129,2,1188,'2020-09-08','Light'),(2130,1,382,'2020-02-01','Moderate'),(2131,1,217,'2020-12-11','Severe'),(2132,1,540,'2020-03-22','Moderate'),(2133,2,5,'2020-02-13','Light'),(2134,2,1189,'2020-07-23','Light'),(2135,3,473,'2020-01-08','Light'),(2136,1,936,'2020-08-19','Severe'),(2137,3,1190,'2020-11-09','Light'),(2138,2,1191,'2020-12-19','Light'),(2139,1,990,'2020-12-17','Severe'),(2140,4,250,'2020-09-27','UNK'),(2141,2,391,'2020-11-25','Light'),(2142,3,729,'2020-02-13','Heavy'),(2143,1,5,'2020-02-10','Severe'),(2144,2,321,'2020-11-11','Light'),(2145,2,886,'2020-05-10','Light'),(2146,3,1079,'2020-12-30','Light'),(2147,2,773,'2020-12-23','Light'),(2148,2,56,'2020-03-28','Light'),(2149,2,1193,'2020-07-19','Light'),(2150,2,770,'2020-01-13','Light'),(2151,2,1194,'2020-03-23','Moderate'),(2152,2,237,'2020-03-05','Moderate'),(2153,2,753,'2020-06-28','Light'),(2154,2,1195,'2020-09-28','Light'),(2155,3,181,'2020-12-30','Moderate'),(2156,1,1085,'2020-10-21','Severe'),(2157,2,281,'2020-09-09','Light'),(2158,2,292,'2020-03-04','Light'),(2159,2,932,'2020-04-19','Light'),(2160,2,414,'2020-01-14','Moderate'),(2161,2,99,'2020-10-21','Light'),(2162,2,765,'2020-07-31','Light'),(2163,1,1197,'2020-01-03','Severe'),(2164,1,1198,'2020-01-03','Severe'),(2165,1,1199,'2020-09-23','Moderate'),(2166,2,486,'2020-06-26','Light'),(2167,1,322,'2020-04-17','Severe'),(2168,1,1201,'2020-09-14','Severe'),(2169,2,597,'2020-03-25','Light'),(2170,1,797,'2020-03-12','Severe'),(2171,1,936,'2020-03-28','Severe'),(2172,2,907,'2020-06-19','Light'),(2173,2,408,'2020-02-25','Light'),(2174,2,364,'2020-10-28','Light'),(2175,2,288,'2020-05-17','Moderate'),(2176,3,692,'2020-01-18','Light'),(2177,5,1202,'2020-02-21','Severe'),(2178,1,671,'2020-02-18','Moderate'),(2179,1,1203,'2020-06-04','Moderate'),(2180,1,681,'2020-02-12','Severe'),(2181,5,453,'2020-01-24','Severe'),(2182,5,876,'2020-11-24','Severe'),(2183,1,1204,'2020-01-28','Severe'),(2184,6,1205,'2020-04-24','Severe'),(2185,1,87,'2020-10-28','Severe'),(2186,2,311,'2020-08-04','Moderate'),(2187,3,574,'2020-04-14','Light'),(2188,1,1048,'2020-09-14','Severe'),(2189,2,688,'2020-12-30','Moderate'),(2190,3,419,'2020-02-13','Light'),(2191,2,60,'2020-07-01','Light'),(2192,2,18,'2020-06-09','Moderate'),(2193,2,406,'2020-05-17','Heavy'),(2194,1,1207,'2020-04-08','Severe'),(2195,2,516,'2020-06-19','Light'),(2196,2,1208,'2020-01-25','Moderate'),(2197,1,681,'2020-09-07','Severe'),(2198,2,1209,'2020-05-17','Light'),(2199,2,94,'2020-05-27','Light'),(2201,2,1210,'2020-05-04','Moderate'),(2202,1,1016,'2020-06-29','Severe'),(2203,4,1032,'2020-10-12','UNK'),(2204,2,1142,'2020-11-15','Light'),(2205,2,958,'2020-05-28','Light'),(2206,3,113,'2020-11-12','Light'),(2207,2,94,'2020-06-05','Heavy'),(2208,1,136,'2020-02-13','Severe'),(2209,2,362,'2020-12-16','Light'),(2210,2,212,'2020-03-10','Moderate'),(2211,2,425,'2020-11-27','Moderate'),(2212,2,48,'2020-09-10','Light'),(2213,2,1049,'2020-09-08','Light'),(2214,3,1211,'2020-05-12','Light'),(2215,3,909,'2020-01-02','Light'),(2216,2,1212,'2020-01-17','Light'),(2217,4,979,'2020-05-24','UNK'),(2218,2,317,'2020-12-20','Light'),(2219,2,71,'2020-07-07','Light'),(2220,2,698,'2020-07-27','Light'),(2221,2,913,'2020-02-12','Light'),(2222,1,719,'2020-01-27','Severe'),(2223,1,376,'2020-05-05','Moderate'),(2224,4,614,'2020-05-04','UNK'),(2225,1,46,'2020-05-12','Severe'),(2226,2,441,'2020-08-02','Heavy'),(2227,1,773,'2020-11-29','Severe'),(2228,2,130,'2020-06-28','Light'),(2229,2,1214,'2020-09-09','Moderate'),(2230,1,1165,'2020-07-10','Severe'),(2231,2,983,'2020-02-10','Light'),(2232,1,5,'2020-08-23','Severe'),(2233,2,449,'2020-12-13','Light'),(2234,2,242,'2020-04-03','Light'),(2235,5,1215,'2020-07-14','Severe'),(2236,2,488,'2020-04-23','Light'),(2237,2,1217,'2020-03-09','Moderate'),(2238,2,875,'2020-03-31','Light'),(2239,2,1218,'2020-02-05','Light'),(2240,2,56,'2020-10-02','Light'),(2241,4,1219,'2020-05-28','UNK'),(2243,2,27,'2020-07-03','Light'),(2244,2,244,'2020-02-28','Light'),(2245,2,578,'2020-03-06','Light'),(2246,1,765,'2020-09-01','Severe'),(2247,2,1080,'2020-05-21','Light'),(2248,5,870,'2020-05-14','Severe'),(2249,2,59,'2020-09-16','Light'),(2250,1,932,'2020-09-09','Severe'),(2251,2,567,'2020-02-16','Light'),(2252,1,685,'2020-02-17','Severe'),(2253,6,945,'2020-01-06','Severe'),(2254,2,100,'2020-10-16','Light'),(2255,1,1128,'2020-03-17','Severe'),(2256,1,248,'2020-11-19','Moderate'),(2257,3,1220,'2020-01-21','Light'),(2258,1,663,'2020-01-23','Severe'),(2259,2,730,'2020-08-25','Light'),(2260,1,3,'2020-12-21','Severe'),(2261,2,832,'2020-12-14','Light'),(2262,2,1221,'2020-05-28','Light'),(2263,2,208,'2020-01-24','Light'),(2264,5,417,'2020-09-17','Severe'),(2265,2,1182,'2020-07-29','Light'),(2266,2,678,'2020-07-14','Moderate'),(2267,3,286,'2020-02-06','Light'),(2268,1,1222,'2020-11-04','Moderate'),(2269,1,1223,'2020-07-23','Severe'),(2270,2,1103,'2020-05-27','Light'),(2271,1,1224,'2020-07-17','Severe'),(2272,2,890,'2020-02-21','Light'),(2273,2,454,'2020-01-03','Light'),(2274,2,292,'2020-09-12','Light'),(2275,2,1225,'2020-09-12','Light'),(2276,2,1226,'2020-03-17','Light'),(2277,2,578,'2020-07-31','Light'),(2278,3,1227,'2020-02-17','Light'),(2279,2,725,'2020-07-25','Light'),(2280,1,441,'2020-06-09','Severe'),(2281,2,604,'2020-03-16','Light'),(2282,2,902,'2020-03-05','Light'),(2283,1,865,'2020-12-15','Severe'),(2284,1,984,'2020-04-29','Severe'),(2285,2,1228,'2020-12-15','Light'),(2286,2,115,'2020-01-02','Light'),(2287,1,1100,'2020-11-12','Severe'),(2288,2,56,'2020-06-28','Light'),(2289,2,569,'2020-09-10','Light'),(2290,3,633,'2020-02-06','Light'),(2291,1,623,'2020-08-28','Severe'),(2292,2,1229,'2020-10-29','Light'),(2293,2,1230,'2020-04-13','Heavy'),(2294,3,3,'2020-02-13','Moderate'),(2295,3,228,'2020-02-13','Light'),(2296,4,1231,'2020-01-11','UNK'),(2297,2,1232,'2020-03-30','Light'),(2298,3,1051,'2020-12-12','Light'),(2299,2,650,'2020-08-28','Moderate'),(2300,2,37,'2020-07-31','Heavy'),(2301,2,707,'2020-05-22','Light'),(2302,2,277,'2020-12-19','Light'),(2303,2,1233,'2020-05-17','Light'),(2304,2,549,'2020-11-27','Light'),(2305,2,3,'2020-04-30','Light'),(2306,3,200,'2020-04-24','Light'),(2307,2,389,'2020-06-11','Light'),(2308,1,442,'2020-10-05','Severe'),(2309,3,390,'2020-11-24','Light'),(2310,3,937,'2020-12-15','Moderate'),(2311,4,127,'2020-05-08','UNK'),(2312,1,337,'2020-06-26','Moderate'),(2313,5,1181,'2020-12-30','Severe'),(2314,2,1236,'2020-05-24','Light'),(2315,2,972,'2020-03-23','Light'),(2316,1,704,'2020-10-26','Severe'),(2317,1,1142,'2020-12-20','Severe'),(2318,1,226,'2020-10-11','Severe'),(2319,2,1237,'2020-02-05','Light'),(2320,2,1238,'2020-06-09','Moderate'),(2321,1,344,'2020-11-26','Moderate'),(2322,1,979,'2020-02-11','Moderate'),(2323,1,1151,'2020-02-01','Severe'),(2324,2,908,'2020-10-21','Light'),(2325,2,721,'2020-11-12','Light'),(2326,2,503,'2020-02-04','Light'),(2327,2,885,'2020-06-27','Light'),(2328,2,248,'2020-01-04','Light'),(2329,1,15,'2020-05-21','Severe'),(2330,5,321,'2020-07-04','Severe'),(2331,5,317,'2020-05-22','Severe'),(2332,2,249,'2020-12-02','Light'),(2333,2,821,'2020-05-15','Light'),(2334,2,227,'2020-10-24','Light'),(2335,2,885,'2020-04-04','Light'),(2336,2,1239,'2020-09-23','Light'),(2337,1,163,'2020-07-24','Severe'),(2338,2,1078,'2020-10-26','Light'),(2339,2,1240,'2020-04-02','Light'),(2340,1,1241,'2020-02-17','Severe'),(2341,2,456,'2020-09-01','Light'),(2342,2,1242,'2020-05-17','Light'),(2343,1,26,'2020-01-25','Severe'),(2344,3,945,'2020-03-25','Light'),(2345,2,628,'2020-02-18','Light'),(2346,2,69,'2020-06-20','Light'),(2347,5,591,'2020-08-12','Severe'),(2348,2,1243,'2020-04-03','Light'),(2349,1,675,'2020-09-03','Severe'),(2350,1,1056,'2020-07-13','Severe'),(2351,1,337,'2020-03-13','Severe'),(2352,3,1041,'2020-01-21','Light'),(2353,1,143,'2020-09-17','Severe'),(2354,2,474,'2020-05-08','Light'),(2355,2,1167,'2020-07-29','Light'),(2356,3,1244,'2020-01-15','Light'),(2357,1,332,'2020-05-23','Severe'),(2358,2,182,'2020-06-20','Light'),(2359,3,259,'2020-03-16','Light'),(2360,1,571,'2020-02-11','Severe'),(2361,1,1137,'2020-05-28','Severe'),(2362,1,1165,'2020-06-29','Severe'),(2363,5,392,'2020-05-08','Severe'),(2364,2,469,'2020-04-15','Light'),(2365,2,1072,'2020-04-23','Light'),(2366,1,1246,'2020-02-07','Severe'),(2367,1,840,'2020-08-12','Severe'),(2368,2,1247,'2020-02-04','Light'),(2369,1,1248,'2020-12-30','Severe'),(2370,1,1249,'2020-08-24','Moderate'),(2371,4,398,'2020-08-14','UNK'),(2372,2,1250,'2020-07-24','Light'),(2373,3,132,'2020-12-27','Light'),(2374,2,692,'2020-02-04','Light'),(2375,1,357,'2020-08-04','Moderate'),(2376,2,571,'2020-11-23','Light'),(2377,1,82,'2020-02-11','Severe'),(2378,1,109,'2020-08-21','Severe'),(2379,2,1197,'2020-01-10','Light'),(2380,3,1251,'2020-12-27','Light'),(2381,2,1252,'2020-05-15','Heavy'),(2382,2,1009,'2020-07-31','Light'),(2383,1,56,'2020-02-13','Severe'),(2384,2,9,'2020-05-02','Light'),(2385,2,240,'2020-10-11','Light'),(2386,1,163,'2020-01-28','Severe'),(2387,2,467,'2020-09-29','Light'),(2388,1,112,'2020-09-09','Severe'),(2389,2,426,'2020-07-03','Light'),(2390,2,487,'2020-06-19','Moderate'),(2391,1,1020,'2020-07-16','Severe'),(2392,1,3,'2020-03-15','Severe'),(2393,1,1254,'2020-03-19','Severe'),(2394,3,829,'2020-01-23','Light'),(2395,2,760,'2020-02-20','Light'),(2396,2,208,'2020-08-29','Moderate'),(2397,2,1255,'2020-08-23','Light'),(2398,2,1256,'2020-09-18','Light'),(2399,2,329,'2020-01-02','Light'),(2400,2,1257,'2020-07-27','Light'),(2401,1,1258,'2020-10-20','Severe'),(2402,2,100,'2020-02-10','Light'),(2403,2,681,'2020-07-07','Light'),(2404,2,1259,'2020-03-11','Light'),(2406,2,24,'2020-02-11','Light'),(2407,2,558,'2020-04-20','Light'),(2408,2,234,'2020-03-10','Light'),(2409,2,1260,'2020-04-25','Light'),(2410,3,176,'2020-01-09','Light'),(2411,3,598,'2020-10-19','Light'),(2412,2,1261,'2020-06-19','Light'),(2413,1,986,'2020-08-26','Severe'),(2414,6,875,'2020-01-12','Severe'),(2415,1,998,'2020-09-27','Severe'),(2416,1,1262,'2020-04-17','Severe'),(2417,2,656,'2020-08-16','Light'),(2418,3,1263,'2020-11-07','Light'),(2419,2,385,'2020-01-02','Light'),(2420,1,234,'2020-07-05','Severe'),(2421,2,992,'2020-05-24','Light'),(2422,2,622,'2020-08-25','Light'),(2423,1,368,'2020-10-15','Severe'),(2424,2,441,'2020-07-24','Light'),(2425,3,723,'2020-02-18','Light'),(2426,1,822,'2020-02-05','Severe'),(2427,2,625,'2020-11-12','Light'),(2428,3,1264,'2020-01-11','Light'),(2429,1,682,'2020-09-28','Severe'),(2430,3,171,'2020-12-14','Light'),(2431,1,273,'2020-10-08','Severe'),(2432,2,1170,'2020-11-10','Light'),(2433,2,26,'2020-09-17','Light'),(2434,2,1265,'2020-12-19','Light'),(2435,1,163,'2020-04-24','Severe'),(2436,2,151,'2020-02-18','Light'),(2437,1,59,'2020-12-20','Severe'),(2438,4,1266,'2020-08-11','UNK'),(2439,2,1267,'2020-10-09','Light'),(2440,2,1268,'2020-02-22','Light'),(2441,2,474,'2020-11-26','Light'),(2442,4,866,'2020-05-28','UNK'),(2443,2,541,'2020-04-23','Light'),(2444,2,1132,'2020-03-15','Light'),(2445,1,1269,'2020-01-10','Severe'),(2446,1,875,'2020-05-01','Moderate'),(2447,2,1079,'2020-05-18','Moderate'),(2448,1,804,'2020-09-08','Severe'),(2449,1,1270,'2020-05-18','Severe'),(2450,1,104,'2020-03-14','Severe'),(2451,3,685,'2020-02-08','Moderate'),(2452,2,1271,'2020-01-22','Light'),(2453,2,1272,'2020-04-24','Light'),(2454,2,1040,'2020-03-20','Light'),(2455,1,182,'2020-01-14','Severe'),(2456,1,1273,'2020-01-19','Moderate'),(2457,4,902,'2020-06-23','UNK'),(2458,2,816,'2020-08-23','Light'),(2459,2,916,'2020-10-18','Moderate'),(2460,2,1274,'2020-01-24','Light'),(2461,2,156,'2020-04-23','Moderate'),(2462,1,500,'2020-12-30','Severe'),(2463,3,424,'2020-12-25','Light'),(2464,2,978,'2020-03-30','Light'),(2465,2,234,'2020-10-28','Light'),(2466,2,1275,'2020-11-13','Light'),(2467,2,1041,'2020-09-25','Light'),(2468,2,384,'2020-04-02','Light'),(2469,4,1276,'2020-05-18','UNK'),(2470,1,461,'2020-01-23','Severe'),(2471,2,389,'2020-02-12','Heavy'),(2472,2,223,'2020-02-06','Light'),(2473,2,1126,'2020-06-29','Light'),(2474,2,69,'2020-09-10','Light'),(2475,2,314,'2020-08-10','Light'),(2476,1,691,'2020-05-14','Severe'),(2477,2,240,'2020-05-20','Light'),(2478,2,474,'2020-01-25','Light'),(2479,2,499,'2020-05-18','Light'),(2480,2,541,'2020-12-26','Light'),(2481,2,1277,'2020-06-30','Light'),(2482,2,319,'2020-01-10','Light'),(2483,4,721,'2020-05-19','UNK'),(2484,2,257,'2020-10-24','Heavy'),(2485,1,27,'2020-07-01','Severe'),(2486,2,1019,'2020-04-13','Light'),(2487,2,1278,'2020-12-03','Light'),(2488,2,509,'2020-02-09','Light'),(2489,2,139,'2020-09-22','Light'),(2490,1,1279,'2020-01-14','Severe'),(2491,5,1280,'2020-07-19','Severe'),(2492,3,640,'2020-12-23','Moderate'),(2493,2,950,'2020-04-13','Light'),(2494,1,1281,'2020-02-24','Severe'),(2495,2,813,'2020-02-22','Light'),(2496,2,919,'2020-05-27','Heavy'),(2497,4,192,'2020-09-22','UNK'),(2498,2,219,'2020-11-30','Moderate'),(2499,4,36,'2020-07-14','UNK'),(2500,2,59,'2020-08-30','Moderate'),(2501,2,444,'2020-05-20','Light'),(2502,2,1038,'2020-11-01','Light'),(2503,2,1079,'2020-04-09','Light'),(2504,2,91,'2020-06-05','Light'),(2505,2,1283,'2020-11-21','Light'),(2506,1,1284,'2020-06-10','Moderate'),(2507,2,1236,'2020-07-09','Light'),(2508,2,418,'2020-08-27','Light'),(2509,2,462,'2020-05-26','Light'),(2510,2,5,'2020-03-23','Light'),(2511,2,373,'2020-07-06','Light'),(2512,1,642,'2020-10-27','Severe'),(2513,3,42,'2020-02-12','Moderate'),(2514,2,430,'2020-01-04','Light'),(2515,1,460,'2020-11-25','Severe'),(2516,2,1286,'2020-02-06','Moderate'),(2517,2,5,'2020-03-10','Light'),(2518,2,1287,'2020-08-10','Light'),(2519,2,1085,'2020-03-18','Moderate'),(2520,2,743,'2020-11-29','Light'),(2521,2,159,'2020-03-24','Light'),(2522,2,419,'2020-03-02','Light'),(2523,2,980,'2020-10-10','Light'),(2524,2,472,'2020-02-25','Light'),(2525,2,332,'2020-11-01','Light'),(2526,2,460,'2020-09-23','Moderate'),(2527,2,573,'2020-02-06','Light'),(2528,1,522,'2020-09-11','Moderate'),(2529,2,702,'2020-12-23','Light'),(2530,1,1288,'2020-10-09','Severe'),(2531,2,1289,'2020-07-16','Light'),(2532,2,296,'2020-10-11','Light'),(2533,2,935,'2020-11-22','Light'),(2534,2,597,'2020-10-13','Light'),(2535,2,383,'2020-01-27','Light'),(2536,2,1199,'2020-11-09','Moderate'),(2537,2,1174,'2020-08-26','Light'),(2538,1,1003,'2020-08-26','Severe'),(2539,5,55,'2020-04-08','Severe'),(2540,2,200,'2020-09-07','Light'),(2541,1,1187,'2020-08-14','Severe'),(2542,2,160,'2020-08-31','Light'),(2543,2,1290,'2020-10-29','Light'),(2544,2,488,'2020-03-17','Light'),(2545,2,1291,'2020-05-13','Light'),(2546,2,656,'2020-03-12','Light'),(2547,1,570,'2020-10-03','Moderate'),(2548,2,1292,'2020-05-08','Light'),(2549,1,1293,'2020-03-11','Severe'),(2550,2,1294,'2020-11-12','Light'),(2551,1,1258,'2020-06-23','Severe'),(2552,1,1295,'2020-08-14','Severe'),(2553,2,548,'2020-04-29','Light'),(2554,1,76,'2020-08-04','Moderate'),(2555,1,1296,'2020-12-07','Severe'),(2556,2,1297,'2020-01-25','Light'),(2557,3,1011,'2020-04-21','Light'),(2558,2,1298,'2020-10-28','Light'),(2559,1,344,'2020-09-27','Moderate'),(2560,1,1036,'2020-02-16','Severe'),(2561,2,220,'2020-02-25','Moderate'),(2562,1,41,'2020-11-02','Moderate'),(2563,5,605,'2020-06-16','Severe'),(2564,2,1299,'2020-02-25','Light'),(2565,2,26,'2020-06-25','Heavy'),(2566,2,19,'2020-09-17','Light'),(2567,2,324,'2020-03-17','Light'),(2568,2,1090,'2020-10-22','Light'),(2569,2,261,'2020-11-23','Light'),(2570,1,462,'2020-01-24','Moderate'),(2571,3,521,'2020-02-27','Light'),(2572,1,47,'2020-08-14','Severe'),(2573,2,617,'2020-07-23','Light'),(2574,2,735,'2020-10-22','Light'),(2575,2,364,'2020-02-10','Light'),(2576,2,221,'2020-02-19','Light'),(2577,2,1300,'2020-09-23','Light'),(2578,1,1140,'2020-03-12','Severe'),(2579,2,408,'2020-01-02','Light'),(2580,2,363,'2020-03-19','Light'),(2581,2,1009,'2020-05-11','Light'),(2582,2,926,'2020-05-08','Light'),(2583,2,95,'2020-08-21','Light'),(2584,4,105,'2020-06-24','UNK'),(2585,2,13,'2020-07-15','Light'),(2586,3,277,'2020-03-03','Light'),(2587,2,596,'2020-06-04','Heavy'),(2588,4,260,'2020-07-10','UNK'),(2589,2,81,'2020-05-23','Light'),(2590,2,647,'2020-07-10','Moderate'),(2591,2,3,'2020-10-28','Light'),(2592,5,688,'2020-11-18','Severe'),(2593,2,1301,'2020-05-28','Light'),(2594,1,57,'2020-03-24','Severe'),(2595,2,29,'2020-09-30','Light'),(2596,3,347,'2020-01-17','Light'),(2597,1,692,'2020-11-14','Severe'),(2598,3,1090,'2020-01-30','Light'),(2599,3,640,'2020-02-19','Light'),(2600,2,896,'2020-08-06','Light'),(2601,2,233,'2020-10-05','Light'),(2602,1,1302,'2020-09-22','Severe'),(2603,2,969,'2020-01-03','Light'),(2604,3,333,'2020-03-22','Heavy'),(2605,1,867,'2020-08-22','Severe'),(2606,2,746,'2020-05-14','Light'),(2607,2,372,'2020-05-23','Light'),(2608,2,888,'2020-08-01','Light'),(2609,2,123,'2020-10-28','Moderate'),(2610,3,1303,'2020-02-01','Light'),(2611,2,378,'2020-06-05','Light'),(2612,2,1304,'2020-08-09','Light'),(2613,6,644,'2020-01-18','Severe'),(2614,1,18,'2020-08-19','Severe'),(2615,5,417,'2020-11-07','Severe'),(2616,2,247,'2020-05-27','Moderate'),(2617,2,1305,'2020-07-28','Heavy'),(2618,2,109,'2020-12-30','Light'),(2619,2,649,'2020-05-16','Light'),(2620,1,35,'2020-10-27','Severe'),(2621,2,1086,'2020-04-01','Light'),(2622,1,1306,'2020-01-19','Severe'),(2623,2,1307,'2020-04-27','Light'),(2624,2,309,'2020-09-25','Light'),(2625,2,262,'2020-02-12','Light'),(2626,2,449,'2020-04-29','Light'),(2627,1,314,'2020-07-11','Severe'),(2628,1,902,'2020-09-04','Severe'),(2629,2,546,'2020-02-28','Light'),(2630,2,147,'2020-04-16','Light'),(2631,4,468,'2020-10-23','UNK'),(2632,2,1308,'2020-07-24','Light'),(2633,2,347,'2020-03-22','Light'),(2634,2,275,'2020-07-30','Light'),(2635,3,109,'2020-11-22','Moderate'),(2636,1,339,'2020-06-10','Severe'),(2637,2,1159,'2020-07-06','Light'),(2638,2,1309,'2020-11-16','Light'),(2639,1,307,'2020-12-12','Severe'),(2640,2,1100,'2020-03-13','Light'),(2641,2,602,'2020-09-30','Light'),(2642,2,115,'2020-04-18','Light'),(2643,4,362,'2020-01-11','UNK'),(2644,1,718,'2020-07-02','Severe'),(2645,1,375,'2020-09-25','Severe'),(2646,2,1139,'2020-07-24','Light'),(2647,2,1310,'2020-09-18','Light'),(2648,1,625,'2020-10-22','Severe'),(2649,2,1122,'2020-12-13','Light'),(2650,3,525,'2020-04-12','Light'),(2651,5,1311,'2020-04-27','Severe'),(2652,2,444,'2020-06-05','Light'),(2653,2,2,'2020-02-19','Light'),(2654,2,307,'2020-01-05','Light'),(2655,4,480,'2020-05-25','UNK'),(2656,2,608,'2020-03-03','Light'),(2657,2,1312,'2020-03-03','Light'),(2658,2,1265,'2020-07-01','Light'),(2659,2,640,'2020-09-23','Light'),(2660,3,412,'2020-10-26','Light'),(2661,3,714,'2020-12-28','Light'),(2662,1,773,'2020-06-27','Severe'),(2663,1,1003,'2020-12-11','Severe'),(2664,2,815,'2020-01-04','Light'),(2665,3,371,'2020-12-14','Moderate'),(2666,2,137,'2020-01-16','Moderate'),(2667,1,1042,'2020-12-31','Severe'),(2668,1,69,'2020-04-08','Severe'),(2669,1,386,'2020-08-14','Moderate'),(2670,6,1313,'2020-05-10','Severe'),(2671,2,302,'2020-10-26','Light'),(2672,4,486,'2020-11-11','UNK'),(2673,3,360,'2020-11-17','Light'),(2674,2,1314,'2020-09-10','Light'),(2675,2,1238,'2020-04-29','Light'),(2676,2,534,'2020-03-31','Moderate'),(2677,2,348,'2020-06-17','Light'),(2678,3,1033,'2020-01-18','Light'),(2679,1,165,'2020-11-10','Severe'),(2680,2,242,'2020-12-01','Light'),(2681,1,534,'2020-04-04','Severe'),(2682,1,991,'2020-12-08','Moderate'),(2683,1,1151,'2020-11-26','Severe'),(2684,2,743,'2020-04-04','Light'),(2685,1,1054,'2020-02-17','Moderate'),(2686,2,208,'2020-04-13','Moderate'),(2687,2,331,'2020-11-17','Light'),(2688,2,404,'2020-10-31','Moderate'),(2689,5,127,'2020-04-20','Severe'),(2690,2,836,'2020-04-23','Light'),(2691,3,552,'2020-12-23','Light'),(2692,3,1056,'2020-03-01','Light'),(2693,2,56,'2020-02-25','Light'),(2694,5,90,'2020-10-04','Severe'),(2695,4,886,'2020-09-09','UNK'),(2696,1,509,'2020-06-04','Moderate'),(2697,1,875,'2020-05-28','Severe'),(2698,1,138,'2020-05-11','Severe'),(2699,2,601,'2020-04-10','Light'),(2700,3,1315,'2020-01-13','Light'),(2701,2,825,'2020-07-22','Light'),(2702,2,420,'2020-12-06','Light'),(2703,1,1316,'2020-10-14','Severe'),(2704,1,1317,'2020-04-30','Severe'),(2705,1,570,'2020-01-14','Severe'),(2706,2,653,'2020-12-16','Light'),(2707,2,587,'2020-08-15','Light'),(2708,2,321,'2020-05-17','Light'),(2709,2,932,'2020-10-03','Light'),(2710,3,114,'2020-04-17','Light'),(2711,3,1318,'2020-01-16','Heavy'),(2712,1,972,'2020-03-03','Severe'),(2713,2,75,'2020-04-12','Light'),(2714,2,40,'2020-03-11','Light'),(2715,2,1319,'2020-12-14','Light'),(2716,2,466,'2020-05-13','Light'),(2717,2,1320,'2020-07-04','Light'),(2718,3,1264,'2020-01-29','Light'),(2719,3,698,'2020-02-27','Light'),(2720,3,1207,'2020-03-16','Light'),(2721,2,59,'2020-11-11','Light'),(2722,2,456,'2020-06-05','Light'),(2723,2,219,'2020-09-27','Heavy'),(2724,2,120,'2020-05-28','Light'),(2725,1,737,'2020-01-14','Severe'),(2726,2,105,'2020-07-22','Heavy'),(2727,1,1321,'2020-10-07','Severe'),(2728,2,361,'2020-12-16','Light'),(2729,2,1099,'2020-06-09','Moderate'),(2730,2,1147,'2020-03-23','Light'),(2731,1,1322,'2020-05-09','Severe'),(2732,1,46,'2020-03-26','Severe'),(2733,5,593,'2020-11-12','Severe'),(2734,2,345,'2020-06-29','Light'),(2735,2,529,'2020-09-12','Light'),(2736,3,224,'2020-11-24','Light'),(2737,2,1195,'2020-11-24','Light'),(2738,2,603,'2020-04-24','Light'),(2739,3,163,'2020-02-05','Light'),(2740,1,633,'2020-04-02','Moderate'),(2741,2,1082,'2020-09-23','Light'),(2742,1,396,'2020-02-19','Moderate'),(2743,2,1295,'2020-08-12','Light'),(2744,2,215,'2020-08-21','Light'),(2745,1,1323,'2020-03-11','Severe'),(2746,2,577,'2020-08-31','Light'),(2747,2,1092,'2020-01-27','Light'),(2748,2,1324,'2020-08-23','Light'),(2749,1,579,'2020-07-15','Moderate'),(2750,3,396,'2020-12-16','Light'),(2751,1,951,'2020-09-18','Moderate'),(2752,2,2,'2020-12-16','Light'),(2753,2,934,'2020-09-28','Light'),(2754,2,138,'2020-12-12','Light'),(2755,2,1099,'2020-10-29','Light'),(2756,3,1169,'2020-10-21','Moderate'),(2757,2,641,'2020-01-19','Moderate'),(2758,2,518,'2020-02-27','Light'),(2759,1,56,'2020-01-28','Moderate'),(2760,1,35,'2020-07-11','Moderate'),(2761,1,263,'2020-11-16','Moderate'),(2762,2,455,'2020-05-19','Light'),(2763,1,1326,'2020-07-30','Severe'),(2764,1,569,'2020-10-25','Severe'),(2765,2,215,'2020-03-30','Light'),(2766,1,1137,'2020-10-11','Severe'),(2767,1,1191,'2020-12-23','Severe'),(2768,2,414,'2020-05-29','Moderate'),(2769,3,1203,'2020-03-20','Moderate'),(2770,2,114,'2020-05-18','Light'),(2771,1,346,'2020-09-09','Severe'),(2772,1,1327,'2020-01-28','Severe'),(2773,2,299,'2020-03-28','Light'),(2774,2,980,'2020-07-20','Light'),(2775,1,1246,'2020-09-20','Severe'),(2776,1,414,'2020-12-21','Severe'),(2777,2,1040,'2020-07-30','Light'),(2778,2,1230,'2020-02-06','Light'),(2779,1,692,'2020-01-31','Moderate'),(2780,3,852,'2020-01-08','Light'),(2781,2,910,'2020-06-08','Moderate'),(2782,1,824,'2020-11-03','Severe'),(2783,1,1328,'2020-03-22','Severe'),(2784,2,159,'2020-09-17','Light'),(2785,1,302,'2020-10-11','Severe'),(2786,2,59,'2020-09-17','Light'),(2787,2,94,'2020-07-02','Light'),(2788,2,406,'2020-04-12','Light'),(2789,2,424,'2020-03-29','Light'),(2790,2,321,'2020-11-23','Light'),(2791,2,1329,'2020-05-21','Light'),(2792,2,1330,'2020-03-13','Moderate'),(2793,3,474,'2020-01-18','Light'),(2794,2,524,'2020-04-05','Light'),(2795,4,1029,'2020-11-25','UNK'),(2796,2,771,'2020-09-28','Light'),(2797,1,1331,'2020-05-21','Severe'),(2798,2,176,'2020-03-06','Moderate'),(2799,2,681,'2020-05-14','Moderate'),(2800,1,138,'2020-09-30','Severe'),(2801,1,896,'2020-09-26','Severe'),(2802,2,1332,'2020-12-13','Light'),(2803,2,1258,'2020-08-24','Light'),(2804,2,1334,'2020-10-22','Light'),(2805,5,744,'2020-09-01','Severe'),(2806,2,227,'2020-05-24','Light'),(2807,1,1147,'2020-11-05','Severe'),(2808,2,866,'2020-06-07','Light'),(2809,2,516,'2020-11-25','Moderate'),(2810,2,758,'2020-04-13','Moderate'),(2811,2,360,'2020-05-19','Light'),(2812,6,295,'2020-04-09','Severe'),(2813,1,996,'2020-09-09','Moderate'),(2814,2,269,'2020-05-28','Moderate'),(2815,2,204,'2020-02-08','Light'),(2816,3,1203,'2020-04-14','Light'),(2817,2,242,'2020-10-27','Light'),(2818,1,382,'2020-01-03','Severe'),(2819,2,980,'2020-02-07','Light'),(2820,1,579,'2020-09-05','Moderate'),(2821,2,3,'2020-04-29','Heavy'),(2822,2,5,'2020-03-04','Light'),(2823,2,662,'2020-05-09','Light'),(2824,2,404,'2020-04-26','Moderate'),(2825,5,344,'2020-02-03','Severe'),(2826,1,1335,'2020-01-22','Severe'),(2827,3,212,'2020-01-18','Light'),(2828,2,76,'2020-05-24','Light'),(2829,2,1132,'2020-07-23','Heavy'),(2830,2,234,'2020-01-24','Moderate'),(2831,3,641,'2020-11-23','Light'),(2832,1,1016,'2020-08-21','Severe'),(2833,2,1337,'2020-12-05','Light'),(2834,2,253,'2020-09-29','Moderate'),(2835,2,603,'2020-12-16','Moderate'),(2836,2,1230,'2020-01-13','Light'),(2837,1,1338,'2020-10-26','Severe'),(2838,2,563,'2020-03-14','Light'),(2839,2,118,'2020-01-02','Moderate'),(2840,1,994,'2020-10-27','Severe'),(2841,2,1314,'2020-05-12','Light'),(2842,3,745,'2020-01-05','Light'),(2843,2,160,'2020-09-26','Light'),(2844,1,322,'2020-10-05','Severe'),(2845,2,178,'2020-09-11','Heavy'),(2846,3,264,'2020-11-13','Light'),(2847,2,147,'2020-10-11','Moderate'),(2848,1,242,'2020-04-26','Severe'),(2849,2,176,'2020-01-10','Moderate'),(2850,2,164,'2020-03-18','Light'),(2851,1,28,'2020-07-04','Moderate'),(2852,2,1340,'2020-10-11','Light'),(2853,1,1341,'2020-02-17','Severe'),(2854,2,323,'2020-10-20','Light'),(2855,2,461,'2020-01-10','Light'),(2856,2,895,'2020-08-21','Light'),(2857,1,957,'2020-04-22','Moderate'),(2858,3,1343,'2020-02-07','Light'),(2859,2,398,'2020-08-29','Light'),(2860,2,91,'2020-05-22','Light'),(2861,1,419,'2020-10-22','Severe'),(2862,2,735,'2020-07-21','Light'),(2863,2,187,'2020-10-24','Moderate'),(2864,2,776,'2020-04-08','Light'),(2865,3,1060,'2020-12-22','Light'),(2866,1,1081,'2020-06-16','Severe'),(2867,2,223,'2020-09-11','Light'),(2868,2,32,'2020-10-28','Light'),(2869,1,520,'2020-06-25','Severe'),(2870,1,836,'2020-01-14','Severe'),(2871,3,1207,'2020-12-24','Light'),(2872,2,268,'2020-01-04','Light'),(2873,2,374,'2020-09-30','Moderate'),(2874,2,987,'2020-04-09','Light'),(2875,2,810,'2020-06-08','Light'),(2876,1,587,'2020-08-24','Severe'),(2877,2,628,'2020-10-28','Light'),(2878,2,203,'2020-11-15','Moderate'),(2879,2,1230,'2020-06-17','Light'),(2880,2,287,'2020-03-24','Light'),(2881,1,419,'2020-05-15','Severe'),(2882,2,65,'2020-03-30','Light'),(2883,2,1344,'2020-01-13','Light'),(2884,3,829,'2020-10-21','Light'),(2885,2,409,'2020-06-09','Moderate'),(2886,2,137,'2020-12-02','Light'),(2887,2,1345,'2020-02-19','Light'),(2888,3,209,'2020-01-23','Light'),(2889,3,73,'2020-12-22','Light'),(2890,2,1298,'2020-03-31','Light'),(2891,2,761,'2020-01-04','Light'),(2892,2,1346,'2020-03-02','Light'),(2893,2,1292,'2020-03-05','Light'),(2894,1,503,'2020-11-12','Severe'),(2895,2,1347,'2020-02-22','Light'),(2896,2,1072,'2020-01-03','Light'),(2897,2,754,'2020-09-08','Light'),(2898,1,423,'2020-08-07','Severe'),(2899,2,585,'2020-10-10','Light'),(2900,2,1005,'2020-05-26','Light'),(2901,3,972,'2020-02-26','Moderate'),(2902,2,144,'2020-01-18','Light'),(2903,1,1348,'2020-10-21','Severe'),(2904,1,699,'2020-07-09','Severe'),(2905,2,980,'2020-12-07','Light'),(2906,3,324,'2020-12-16','Light'),(2907,2,339,'2020-06-23','Light'),(2908,1,94,'2020-01-17','Moderate'),(2909,2,56,'2020-04-13','Moderate'),(2910,2,1166,'2020-08-31','Moderate'),(2911,2,1349,'2020-01-04','Heavy'),(2912,2,1110,'2020-10-17','Light'),(2913,2,791,'2020-04-25','Light'),(2914,2,1165,'2020-01-25','Light'),(2915,1,1157,'2020-01-19','Moderate'),(2916,1,888,'2020-08-30','Severe'),(2917,3,646,'2020-12-06','Light'),(2918,3,960,'2020-04-12','Light'),(2919,2,1021,'2020-11-15','Light'),(2920,2,243,'2020-04-28','Light'),(2921,1,617,'2020-11-06','Severe'),(2922,2,171,'2020-06-24','Light'),(2923,1,741,'2020-05-30','Moderate'),(2924,3,1351,'2020-01-29','Light'),(2925,1,515,'2020-09-14','Severe'),(2926,1,247,'2020-09-26','Severe'),(2927,1,1209,'2020-05-15','Severe'),(2928,2,1087,'2020-04-23','Light'),(2929,1,46,'2020-04-11','Severe'),(2930,2,1352,'2020-09-11','Light'),(2931,2,1353,'2020-05-18','Light'),(2932,2,386,'2020-03-29','Light'),(2933,1,1354,'2020-01-15','Severe'),(2934,2,953,'2020-01-29','Light'),(2935,2,47,'2020-09-03','Light'),(2936,2,1355,'2020-08-03','Light'),(2937,1,1356,'2020-01-23','Moderate'),(2938,2,480,'2020-05-25','Light'),(2939,1,958,'2020-07-06','Moderate'),(2940,2,205,'2020-02-19','Light'),(2941,3,941,'2020-02-15','Light'),(2942,2,225,'2020-01-02','Light'),(2943,4,402,'2020-05-25','UNK'),(2944,3,730,'2020-01-19','Light'),(2945,2,861,'2020-05-22','Light'),(2946,2,501,'2020-01-28','Light'),(2947,2,82,'2020-10-01','Light'),(2948,2,521,'2020-05-14','Light'),(2949,2,1047,'2020-03-17','Light'),(2950,1,71,'2020-07-11','Severe'),(2951,2,969,'2020-10-10','Moderate'),(2952,3,1229,'2020-03-14','Heavy'),(2953,1,737,'2020-09-26','Severe'),(2954,2,169,'2020-09-10','Light'),(2955,2,1322,'2020-04-09','Light'),(2956,2,653,'2020-11-30','Moderate'),(2957,1,786,'2020-06-17','Severe'),(2958,2,321,'2020-03-23','Light'),(2959,3,1357,'2020-01-23','Light'),(2960,1,465,'2020-12-12','Severe'),(2961,2,26,'2020-01-04','Light'),(2962,3,640,'2020-05-09','Light'),(2963,3,1358,'2020-12-02','Light'),(2964,1,912,'2020-10-08','Moderate'),(2965,2,247,'2020-02-19','Light'),(2966,2,216,'2020-03-10','Light'),(2967,1,29,'2020-01-14','Severe'),(2968,3,1360,'2020-01-31','Light'),(2969,1,870,'2020-09-08','Severe'),(2970,2,1,'2020-08-02','Light'),(2971,1,231,'2020-09-03','Severe'),(2972,2,978,'2020-01-26','Light'),(2973,3,387,'2020-11-10','Light'),(2974,1,832,'2020-10-12','Severe'),(2975,1,362,'2020-03-05','Severe'),(2976,2,1361,'2020-11-27','Light'),(2977,2,764,'2020-03-13','Light'),(2978,2,520,'2020-08-02','Light'),(2979,2,465,'2020-09-22','Light'),(2980,2,661,'2020-11-24','Light'),(2981,1,429,'2020-04-24','Severe'),(2982,1,1074,'2020-12-23','Severe'),(2983,2,321,'2020-07-15','Light'),(2984,1,1363,'2020-02-20','Severe'),(2985,1,162,'2020-10-19','Severe'),(2986,2,204,'2020-09-19','Light'),(2987,2,5,'2020-07-22','Light'),(2988,2,168,'2020-06-22','Light'),(2989,2,147,'2020-05-04','Light'),(2990,1,1166,'2020-05-25','Moderate'),(2991,1,138,'2020-07-04','Moderate'),(2992,2,73,'2020-01-06','Light'),(2993,2,1365,'2020-10-25','Light'),(2994,3,1157,'2020-12-11','Heavy'),(2995,2,1211,'2020-10-16','Light'),(2996,1,18,'2020-03-17','Severe'),(2997,3,490,'2020-12-06','Light'),(2998,2,809,'2020-07-15','Light'),(2999,2,450,'2020-01-12','Moderate'),(3000,1,710,'2020-01-25','Severe'),(3001,2,1366,'2020-12-05','Light'),(3002,1,1064,'2020-03-12','Severe'),(3003,2,817,'2020-10-22','Light'),(3004,1,442,'2020-09-10','Severe'),(3005,3,1198,'2020-03-23','Moderate'),(3006,2,1188,'2020-12-11','Light'),(3007,1,1099,'2020-04-06','Severe'),(3008,2,1367,'2020-06-17','Light'),(3009,2,145,'2020-11-05','Light'),(3010,1,166,'2020-03-04','Severe'),(3011,5,1368,'2020-07-24','Severe'),(3012,2,366,'2020-06-10','Light'),(3013,1,741,'2020-10-03','Moderate'),(3014,2,540,'2020-01-01','Light'),(3015,2,1046,'2020-09-09','Light'),(3016,2,734,'2020-01-04','Light'),(3017,3,448,'2020-01-19','Light'),(3018,2,639,'2020-06-10','Light'),(3019,1,386,'2020-06-23','Severe'),(3020,1,210,'2020-10-02','Severe'),(3021,2,305,'2020-09-17','Light'),(3022,2,667,'2020-03-29','Light'),(3023,2,22,'2020-10-25','Light'),(3024,2,11,'2020-02-19','Light'),(3025,1,1125,'2020-03-29','Severe'),(3026,1,196,'2020-07-18','Moderate'),(3027,2,736,'2020-01-16','Light'),(3028,2,155,'2020-09-17','Light'),(3029,2,383,'2020-04-23','Light'),(3030,2,763,'2020-07-11','Light'),(3031,2,923,'2020-05-20','Light'),(3032,2,16,'2020-11-09','Light'),(3033,2,588,'2020-09-18','Light'),(3034,2,1321,'2020-10-28','Moderate'),(3035,3,213,'2020-02-11','Light'),(3036,2,797,'2020-02-06','Heavy'),(3037,1,641,'2020-05-22','Severe'),(3038,2,139,'2020-11-10','Light'),(3039,2,971,'2020-01-23','Light'),(3040,2,792,'2020-02-25','Light'),(3041,2,1076,'2020-01-18','Light'),(3042,4,422,'2020-07-06','UNK'),(3043,1,336,'2020-10-12','Severe'),(3044,3,324,'2020-02-08','Light'),(3045,2,203,'2020-10-25','Light'),(3046,2,743,'2020-05-31','Light'),(3047,1,670,'2020-10-21','Moderate'),(3048,2,804,'2020-02-06','Light'),(3049,1,311,'2020-01-15','Severe'),(3050,2,1252,'2020-03-18','Light'),(3051,2,260,'2020-04-29','Light'),(3052,2,641,'2020-02-06','Light'),(3053,2,1369,'2020-06-03','Light'),(3054,2,1170,'2020-05-18','Light'),(3055,3,1184,'2020-11-22','Heavy'),(3056,2,47,'2020-04-27','Light'),(3057,3,561,'2020-01-15','Light'),(3058,4,770,'2020-05-25','UNK'),(3059,1,346,'2020-09-02','Severe'),(3060,2,11,'2020-06-15','Light'),(3061,3,1370,'2020-03-12','Light'),(3062,2,857,'2020-09-26','Light'),(3063,2,1371,'2020-05-26','Light'),(3064,1,670,'2020-03-14','Moderate'),(3065,2,1372,'2020-09-12','Light'),(3066,2,553,'2020-05-19','Light'),(3067,2,1373,'2020-10-21','Light'),(3068,2,60,'2020-09-09','Light'),(3069,1,1374,'2020-12-19','Severe'),(3070,2,1375,'2020-05-18','Light'),(3071,2,548,'2020-01-22','Light'),(3072,1,639,'2020-12-31','Severe'),(3073,1,5,'2020-10-12','Severe'),(3074,1,1197,'2020-09-01','Severe'),(3075,1,55,'2020-10-14','Severe'),(3076,2,302,'2020-06-22','Light'),(3077,2,117,'2020-03-04','Light'),(3078,2,843,'2020-06-20','Light'),(3079,2,766,'2020-03-17','Light'),(3080,4,1005,'2020-08-14','UNK'),(3081,1,1344,'2020-12-21','Severe'),(3082,2,836,'2020-12-30','Light'),(3083,1,1376,'2020-02-29','Severe'),(3084,2,1104,'2020-10-31','Light'),(3085,2,565,'2020-03-19','Light'),(3086,2,608,'2020-09-25','Light'),(3087,1,725,'2020-01-18','Severe'),(3088,1,1377,'2020-08-31','Severe'),(3089,2,1291,'2020-09-08','Light'),(3090,1,112,'2020-08-22','Severe'),(3091,1,567,'2020-05-19','Severe'),(3092,1,527,'2020-06-03','Severe'),(3093,2,661,'2020-05-08','Light'),(3094,3,27,'2020-04-16','Light'),(3095,1,215,'2020-06-21','Severe'),(3096,2,743,'2020-04-18','Light'),(3097,3,1225,'2020-12-21','Light'),(3098,2,640,'2020-08-11','Light'),(3099,3,1177,'2020-01-02','Light'),(3100,2,305,'2020-03-14','Light'),(3101,2,198,'2020-03-10','Light'),(3102,5,876,'2020-12-29','Severe'),(3103,2,364,'2020-08-31','Light'),(3104,2,482,'2020-07-21','Heavy'),(3105,3,283,'2020-11-15','Light'),(3106,1,639,'2020-08-16','Moderate'),(3107,2,524,'2020-03-05','Light'),(3108,2,1380,'2020-04-18','Light'),(3109,2,434,'2020-12-06','Light'),(3110,2,1301,'2020-08-30','Light'),(3111,1,1037,'2020-12-21','Severe'),(3112,3,673,'2020-12-07','Light'),(3113,2,217,'2020-02-25','Light'),(3114,2,735,'2020-10-03','Light'),(3115,3,107,'2020-12-13','Light'),(3116,2,1381,'2020-12-19','Moderate'),(3117,2,559,'2020-06-10','Light'),(3118,1,389,'2020-12-03','Severe'),(3119,1,1137,'2020-08-30','Severe'),(3120,2,59,'2020-01-28','Light'),(3121,2,366,'2020-11-24','Light'),(3122,2,415,'2020-07-01','Light'),(3123,1,479,'2020-03-11','Severe'),(3124,2,526,'2020-09-03','Moderate'),(3125,3,839,'2020-12-28','Light'),(3126,2,1160,'2020-03-19','Light'),(3127,1,865,'2020-01-25','Moderate'),(3128,3,600,'2020-01-12','Light'),(3129,2,113,'2020-06-10','Light'),(3130,5,377,'2020-02-14','Severe'),(3131,1,529,'2020-09-11','Severe'),(3132,3,867,'2020-01-10','Light'),(3133,1,147,'2020-08-22','Moderate'),(3134,1,375,'2020-06-26','Severe'),(3135,2,1079,'2020-07-22','Light'),(3136,2,647,'2020-01-25','Light'),(3137,2,518,'2020-08-22','Light'),(3138,3,685,'2020-02-14','Moderate'),(3139,1,1289,'2020-04-14','Moderate'),(3140,2,1058,'2020-05-17','Light'),(3141,1,1368,'2020-12-20','Severe'),(3142,2,26,'2020-07-27','Moderate'),(3143,2,408,'2020-01-11','Light'),(3144,2,445,'2020-12-11','Light'),(3145,2,1384,'2020-03-15','Light'),(3146,2,353,'2020-12-29','Light'),(3147,1,1386,'2020-07-18','Severe'),(3148,2,1387,'2020-03-17','Light'),(3149,1,1262,'2020-05-14','Severe'),(3150,1,198,'2020-02-06','Moderate'),(3151,1,795,'2020-11-04','Moderate'),(3152,1,945,'2020-04-24','Severe'),(3153,1,1073,'2020-01-16','Severe'),(3154,3,575,'2020-03-14','Light'),(3155,1,599,'2020-07-27','Severe'),(3156,2,631,'2020-07-16','Light'),(3157,2,217,'2020-07-28','Light'),(3158,2,338,'2020-02-11','Light'),(3159,2,386,'2020-06-24','Light'),(3160,2,475,'2020-05-16','Light'),(3161,1,643,'2020-04-03','Severe'),(3162,2,213,'2020-03-21','Light'),(3163,2,547,'2020-09-15','Light'),(3164,2,470,'2020-08-01','Light'),(3165,3,1236,'2020-03-22','Light'),(3166,3,308,'2020-04-14','Light'),(3167,1,1390,'2020-04-10','Severe'),(3168,2,1227,'2020-03-16','Light'),(3169,3,198,'2020-12-17','Light'),(3170,2,386,'2020-05-08','Light'),(3171,2,898,'2020-06-22','Light'),(3172,2,640,'2020-05-04','Light'),(3173,2,604,'2020-05-30','Light'),(3174,3,1369,'2020-01-01','Light'),(3175,2,846,'2020-04-30','Light'),(3176,2,126,'2020-02-16','Light'),(3177,2,547,'2020-07-01','Light'),(3178,2,1304,'2020-08-31','Light'),(3179,2,776,'2020-03-20','Light'),(3180,2,1208,'2020-01-25','Light'),(3181,2,1391,'2020-03-16','Light'),(3182,3,1299,'2020-11-24','Light'),(3183,1,1000,'2020-04-26','Severe'),(3184,2,525,'2020-10-26','Light'),(3185,1,1177,'2020-02-24','Severe'),(3186,1,75,'2020-12-21','Severe'),(3187,2,864,'2020-04-28','Light'),(3188,1,1393,'2020-10-27','Severe'),(3189,3,29,'2020-11-14','Light'),(3190,4,859,'2020-07-24','UNK'),(3191,1,311,'2020-10-21','Severe'),(3192,1,1215,'2020-08-30','Severe'),(3193,2,797,'2020-10-25','Light'),(3194,2,414,'2020-01-14','Light'),(3195,1,1046,'2020-01-13','Severe'),(3196,2,117,'2020-06-10','Light'),(3197,2,699,'2020-09-25','Light'),(3198,2,840,'2020-09-26','Light'),(3199,1,500,'2020-12-14','Severe'),(3200,1,713,'2020-11-12','Moderate'),(3201,2,321,'2020-05-15','Light'),(3202,2,431,'2020-03-02','Light'),(3203,2,1284,'2020-04-11','Light'),(3204,2,205,'2020-02-24','Light'),(3205,1,460,'2020-06-29','Severe'),(3206,1,108,'2020-03-18','Severe'),(3207,2,1166,'2020-05-27','Light'),(3208,2,264,'2020-03-16','Light'),(3209,3,878,'2020-02-10','Light'),(3210,1,299,'2020-11-07','Moderate'),(3211,1,371,'2020-02-19','Severe'),(3212,2,1395,'2020-01-03','Moderate'),(3213,2,472,'2020-09-13','Moderate'),(3214,3,540,'2020-11-20','Light'),(3215,5,1062,'2020-11-11','Severe'),(3216,1,1397,'2020-03-23','Severe'),(3217,2,743,'2020-06-20','Light'),(3218,1,1127,'2020-11-23','Severe'),(3219,2,1398,'2020-12-29','Light'),(3220,2,5,'2020-12-01','Light'),(3221,2,2,'2020-02-19','Moderate'),(3222,3,1399,'2020-01-27','Light'),(3223,1,10,'2020-02-13','Moderate'),(3224,2,986,'2020-10-30','Light'),(3225,2,1097,'2020-06-30','Light'),(3226,2,614,'2020-07-29','Light'),(3227,2,383,'2020-02-08','Light'),(3228,2,80,'2020-06-11','Moderate'),(3229,2,3,'2020-01-18','Light'),(3230,1,319,'2020-09-12','Severe'),(3231,1,145,'2020-09-12','Severe'),(3232,4,981,'2020-09-06','UNK'),(3233,2,1219,'2020-04-05','Light'),(3234,2,573,'2020-02-11','Light'),(3235,5,376,'2020-02-15','Severe'),(3236,1,1317,'2020-09-15','Moderate'),(3237,2,898,'2020-06-09','Light'),(3238,3,1401,'2020-03-18','Moderate'),(3239,4,407,'2020-07-19','UNK'),(3240,3,867,'2020-10-20','Light'),(3241,5,203,'2020-08-04','Severe'),(3242,2,301,'2020-03-22','Light'),(3243,2,549,'2020-03-30','Light'),(3244,2,305,'2020-12-04','Light'),(3245,1,532,'2020-01-25','Severe'),(3246,2,1402,'2020-07-29','Light'),(3247,1,1403,'2020-02-20','Moderate'),(3248,4,476,'2020-08-27','UNK'),(3249,1,196,'2020-09-16','Moderate'),(3250,2,37,'2020-01-04','Moderate'),(3251,2,1275,'2020-07-10','Heavy'),(3252,3,1054,'2020-12-26','Light'),(3253,2,817,'2020-06-26','Light'),(3254,2,363,'2020-11-30','Light'),(3255,2,1404,'2020-11-06','Light'),(3256,2,234,'2020-02-12','Light'),(3257,2,12,'2020-03-09','Light'),(3258,3,1405,'2020-04-16','Light'),(3259,3,966,'2020-01-20','Light'),(3260,2,321,'2020-12-31','Light'),(3261,2,1399,'2020-04-19','Light'),(3262,2,262,'2020-03-12','Light'),(3263,3,1366,'2020-01-08','Light'),(3264,2,954,'2020-08-11','Light'),(3265,1,1406,'2020-01-18','Severe'),(3266,1,1197,'2020-09-17','Severe'),(3267,2,1185,'2020-02-18','Light'),(3268,4,922,'2020-04-13','UNK'),(3269,1,1294,'2020-10-07','Severe'),(3270,3,751,'2020-02-12','Light'),(3271,2,1407,'2020-09-12','Moderate'),(3272,1,828,'2020-02-01','Severe'),(3273,2,1011,'2020-12-24','Light'),(3274,1,1408,'2020-10-12','Moderate'),(3275,2,734,'2020-03-20','Moderate'),(3276,2,688,'2020-10-23','Light'),(3277,2,593,'2020-09-10','Light'),(3278,5,1409,'2020-10-21','Severe'),(3279,2,122,'2020-11-23','Light'),(3280,2,804,'2020-07-22','Heavy'),(3281,4,914,'2020-05-24','UNK'),(3282,2,425,'2020-10-28','Light'),(3283,2,1410,'2020-06-24','Light'),(3284,2,1411,'2020-07-23','Light'),(3285,1,743,'2020-02-12','Severe'),(3286,2,461,'2020-08-01','Light'),(3287,3,609,'2020-01-18','Light'),(3288,3,889,'2020-11-28','Light'),(3289,1,1412,'2020-07-09','Severe'),(3290,2,1014,'2020-06-16','Light'),(3291,2,390,'2020-06-24','Moderate'),(3292,2,1265,'2020-05-18','Light'),(3293,1,383,'2020-04-20','Severe'),(3294,2,424,'2020-10-16','Light'),(3295,1,771,'2020-05-26','Moderate'),(3296,2,215,'2020-11-30','Light'),(3297,2,1413,'2020-11-11','Light'),(3298,2,530,'2020-05-25','Light'),(3299,2,1414,'2020-04-06','Moderate'),(3300,2,1415,'2020-11-07','Light'),(3301,2,247,'2020-07-20','Light'),(3302,2,27,'2020-11-15','Light'),(3303,1,1127,'2020-01-22','Severe'),(3304,2,982,'2020-10-19','Light'),(3305,2,422,'2020-07-20','Heavy'),(3306,2,1368,'2020-03-17','Light'),(3307,2,666,'2020-01-07','Light'),(3308,3,140,'2020-04-15','Light'),(3309,2,1416,'2020-08-28','Light'),(3310,2,26,'2020-06-22','Light'),(3311,1,461,'2020-08-04','Severe'),(3312,2,704,'2020-06-08','Light'),(3313,2,157,'2020-08-02','Light'),(3314,2,1418,'2020-07-14','Moderate'),(3315,2,147,'2020-04-30','Light'),(3316,2,1038,'2020-10-17','Light'),(3317,1,156,'2020-02-10','Severe'),(3318,2,336,'2020-10-03','Light'),(3319,2,540,'2020-06-24','Light'),(3320,2,760,'2020-09-08','Moderate'),(3321,4,1086,'2020-02-06','UNK'),(3322,2,1419,'2020-03-19','Light'),(3323,2,759,'2020-03-09','Light'),(3324,2,386,'2020-10-12','Light'),(3325,1,34,'2020-02-12','Severe'),(3326,2,1317,'2020-12-28','Moderate'),(3327,2,1355,'2020-09-08','Light'),(3328,2,1420,'2020-06-09','Light'),(3329,1,1341,'2020-07-04','Moderate'),(3330,2,220,'2020-07-30','Light'),(3331,1,247,'2020-09-27','Moderate'),(3332,1,220,'2020-08-09','Moderate'),(3333,2,618,'2020-07-07','Light'),(3334,1,426,'2020-10-15','Severe'),(3335,3,1422,'2020-12-24','Light'),(3336,2,1423,'2020-03-29','Light'),(3337,1,1424,'2020-10-16','Severe'),(3338,2,371,'2020-05-22','Light'),(3339,3,837,'2020-02-07','Light'),(3340,3,504,'2020-02-06','Light'),(3341,2,146,'2020-04-09','Light'),(3342,2,998,'2020-01-03','Moderate'),(3343,4,156,'2020-04-24','UNK'),(3344,3,1188,'2020-01-11','Light'),(3345,1,219,'2020-12-10','Severe'),(3346,2,205,'2020-01-11','Heavy'),(3347,1,1426,'2020-01-27','Severe'),(3348,2,48,'2020-07-05','Moderate'),(3349,2,75,'2020-04-03','Light'),(3350,1,539,'2020-03-18','Severe'),(3351,2,74,'2020-09-10','Light'),(3352,2,299,'2020-03-22','Light'),(3353,2,569,'2020-08-31','Light'),(3354,2,488,'2020-09-25','Light'),(3355,2,909,'2020-08-14','Light'),(3356,1,1173,'2020-12-04','Severe'),(3357,3,960,'2020-01-15','Light'),(3358,1,314,'2020-10-09','Moderate'),(3359,2,345,'2020-05-20','Moderate'),(3360,2,594,'2020-07-01','Light'),(3361,2,1365,'2020-11-12','Light'),(3362,2,1427,'2020-05-15','Moderate'),(3363,2,404,'2020-09-05','Light'),(3364,2,543,'2020-12-31','Light'),(3365,2,537,'2020-12-12','Light'),(3366,1,996,'2020-09-17','Moderate'),(3367,2,933,'2020-12-24','Light'),(3368,1,579,'2020-07-30','Moderate'),(3369,2,1428,'2020-11-30','Light'),(3370,2,1429,'2020-08-29','Light'),(3371,2,896,'2020-03-05','Moderate'),(3372,3,417,'2020-02-09','Light'),(3373,1,1430,'2020-12-16','Severe'),(3374,1,469,'2020-09-14','Moderate'),(3375,1,1354,'2020-06-22','Severe'),(3376,2,1122,'2020-06-28','Light'),(3377,2,1159,'2020-11-25','Light'),(3378,2,464,'2020-01-25','Light'),(3379,1,432,'2020-05-07','Moderate'),(3380,3,773,'2020-12-08','Light'),(3381,2,3,'2020-01-03','Light'),(3382,2,1431,'2020-01-14','Light'),(3383,1,509,'2020-11-23','Moderate'),(3384,1,154,'2020-09-26','Severe'),(3385,2,940,'2020-03-07','Light'),(3386,3,585,'2020-01-10','Light'),(3387,2,43,'2020-09-17','Moderate'),(3388,2,9,'2020-05-17','Moderate'),(3389,2,325,'2020-11-26','Light'),(3390,5,1377,'2020-04-04','Severe'),(3391,2,389,'2020-01-25','Light'),(3392,2,737,'2020-05-19','Light'),(3393,2,292,'2020-09-27','Light'),(3394,2,1258,'2020-08-10','Light'),(3395,3,346,'2020-12-04','Light'),(3396,1,311,'2020-10-11','Severe'),(3397,1,567,'2020-07-07','Severe'),(3398,2,6,'2020-10-11','Moderate'),(3399,2,1424,'2020-08-30','Moderate'),(3400,2,571,'2020-01-04','Moderate'),(3401,2,536,'2020-04-20','Moderate'),(3402,1,1040,'2020-10-08','Severe'),(3403,3,595,'2020-10-21','Light'),(3404,2,95,'2020-01-18','Light'),(3405,2,898,'2020-08-25','Light'),(3406,3,1044,'2020-01-19','Moderate'),(3407,1,346,'2020-02-17','Severe'),(3408,3,133,'2020-03-23','Moderate'),(3409,2,633,'2020-05-13','Light'),(3410,2,94,'2020-02-12','Light'),(3411,2,1432,'2020-11-25','Light'),(3412,2,789,'2020-02-05','Light'),(3413,3,1299,'2020-12-28','Light'),(3414,1,14,'2020-07-14','Severe'),(3415,1,1433,'2020-02-17','Severe'),(3416,2,395,'2020-10-05','Light'),(3417,3,1434,'2020-01-19','Light'),(3418,1,1106,'2020-10-22','Severe'),(3419,2,390,'2020-06-10','Light'),(3420,2,321,'2020-03-03','Light'),(3421,2,90,'2020-09-13','Light'),(3422,2,1258,'2020-09-09','Light'),(3423,2,204,'2020-12-30','Moderate'),(3424,3,46,'2020-11-15','Light'),(3425,3,678,'2020-01-05','Moderate'),(3426,1,612,'2020-08-22','Severe'),(3427,2,5,'2020-03-25','Light'),(3428,3,865,'2020-12-17','Light'),(3429,1,202,'2020-09-28','Severe'),(3430,2,284,'2020-10-16','Light'),(3431,2,932,'2020-04-30','Light'),(3432,5,1345,'2020-02-06','Severe'),(3433,2,321,'2020-02-26','Light'),(3434,3,56,'2020-10-21','Light'),(3435,2,1080,'2020-11-25','Light'),(3436,2,635,'2020-10-01','Light'),(3437,3,1321,'2020-02-05','Light'),(3438,1,1435,'2020-04-18','Severe'),(3439,3,1436,'2020-02-25','Light'),(3440,2,563,'2020-09-17','Light'),(3441,2,480,'2020-04-29','Light'),(3442,1,281,'2020-06-21','Severe'),(3443,2,389,'2020-01-12','Light'),(3444,1,227,'2020-09-11','Severe'),(3445,6,348,'2020-09-25','Severe'),(3446,1,840,'2020-08-15','Severe'),(3447,2,98,'2020-01-23','Light'),(3448,1,286,'2020-01-25','Severe'),(3449,2,593,'2020-06-07','Light'),(3450,3,1033,'2020-11-24','Light'),(3451,1,509,'2020-09-13','Moderate'),(3452,2,1437,'2020-04-07','Light'),(3453,2,721,'2020-01-05','Light'),(3454,3,1312,'2020-11-17','Light'),(3455,2,513,'2020-03-27','Light'),(3456,3,387,'2020-11-26','Light'),(3457,2,215,'2020-01-31','Light'),(3458,2,896,'2020-06-15','Light'),(3459,2,364,'2020-02-13','Light'),(3460,5,299,'2020-04-24','Severe'),(3461,1,851,'2020-03-05','Moderate'),(3462,1,187,'2020-04-22','Severe'),(3463,2,1321,'2020-02-12','Light'),(3464,2,1036,'2020-04-05','Light'),(3465,2,625,'2020-09-25','Light'),(3466,2,976,'2020-04-10','Light'),(3467,1,424,'2020-03-19','Severe'),(3468,2,707,'2020-08-12','Light'),(3469,2,317,'2020-06-15','Light'),(3470,2,228,'2020-10-22','Light'),(3471,4,601,'2020-02-05','UNK'),(3472,2,204,'2020-12-11','Moderate'),(3473,1,61,'2020-09-11','Moderate'),(3474,2,1161,'2020-02-07','Light'),(3475,2,546,'2020-06-19','Light'),(3476,2,28,'2020-09-08','Light'),(3477,2,150,'2020-01-03','Light'),(3478,2,673,'2020-10-27','Light'),(3479,5,163,'2020-02-25','Severe'),(3480,2,1080,'2020-05-19','Light'),(3481,1,979,'2020-02-19','Severe'),(3482,2,937,'2020-09-10','Light'),(3483,2,1435,'2020-07-08','Light'),(3484,4,1438,'2020-06-30','UNK'),(3485,3,105,'2020-02-26','Light'),(3486,2,924,'2020-11-12','Light'),(3487,2,1440,'2020-09-24','Light'),(3488,2,1441,'2020-01-26','Moderate'),(3489,2,1442,'2020-05-25','Light'),(3490,2,979,'2020-04-23','Light'),(3491,2,268,'2020-06-19','Moderate'),(3492,1,1222,'2020-09-27','Severe'),(3493,1,299,'2020-01-23','Severe'),(3494,1,828,'2020-06-06','Moderate'),(3495,2,1443,'2020-10-21','Light'),(3496,2,547,'2020-03-23','Light'),(3497,1,1444,'2020-10-30','Moderate'),(3498,3,1063,'2020-01-09','Light'),(3499,2,677,'2020-03-25','Light'),(3500,2,145,'2020-07-03','Light'),(3501,1,1365,'2020-09-02','Moderate'),(3502,2,249,'2020-04-09','Light'),(3503,1,868,'2020-03-24','Severe'),(3504,2,743,'2020-12-02','Light'),(3505,2,331,'2020-03-25','Light'),(3506,2,118,'2020-11-25','Light'),(3507,2,238,'2020-10-14','Light'),(3508,1,1445,'2020-01-21','Moderate'),(3509,3,1214,'2020-12-29','Moderate'),(3510,1,46,'2020-12-01','Severe'),(3511,2,601,'2020-07-02','Light'),(3512,2,219,'2020-02-06','Moderate'),(3513,2,816,'2020-03-05','Light'),(3514,1,6,'2020-10-28','Moderate'),(3515,1,3,'2020-04-25','Moderate'),(3516,2,886,'2020-08-02','Light'),(3517,3,999,'2020-12-16','Light'),(3518,2,1446,'2020-09-30','Heavy'),(3519,3,286,'2020-03-07','Light'),(3520,1,442,'2020-03-16','Severe'),(3521,1,525,'2020-11-12','Moderate'),(3522,2,67,'2020-09-10','Light'),(3523,2,59,'2020-01-13','Light'),(3524,5,670,'2020-05-19','Severe'),(3525,3,1110,'2020-11-15','Light'),(3526,2,567,'2020-03-24','Light'),(3527,2,81,'2020-06-20','Light'),(3528,3,901,'2020-02-14','Light'),(3529,3,102,'2020-02-26','Light'),(3530,5,218,'2020-02-09','Severe'),(3531,2,1448,'2020-03-28','Light'),(3532,1,162,'2020-05-14','Severe'),(3533,2,746,'2020-04-17','Light'),(3534,2,723,'2020-09-30','Moderate'),(3535,2,139,'2020-10-19','Light'),(3536,1,1099,'2020-01-07','Severe'),(3537,2,797,'2020-10-29','Moderate'),(3538,2,372,'2020-08-18','Light'),(3539,2,88,'2020-08-13','Light'),(3540,4,869,'2020-05-23','UNK'),(3541,2,196,'2020-04-04','Light'),(3542,2,422,'2020-06-05','Light'),(3543,1,428,'2020-07-06','Severe'),(3544,2,75,'2020-02-13','Light'),(3545,1,708,'2020-06-09','Moderate'),(3546,4,1449,'2020-10-23','UNK'),(3547,2,1029,'2020-01-18','Light'),(3548,1,11,'2020-06-22','Severe'),(3549,3,960,'2020-10-22','Light'),(3550,3,1450,'2020-04-20','Light'),(3551,2,123,'2020-05-13','Light'),(3552,2,560,'2020-11-12','Light'),(3553,1,1094,'2020-06-29','Moderate'),(3554,4,1451,'2020-05-18','UNK'),(3555,2,18,'2020-02-06','Light'),(3556,1,1452,'2020-12-23','Severe'),(3557,1,216,'2020-07-05','Moderate'),(3558,1,1453,'2020-03-28','Severe'),(3559,2,1454,'2020-03-23','Light'),(3560,3,132,'2020-01-30','Light'),(3561,2,390,'2020-05-26','Light'),(3562,2,1435,'2020-08-14','Light'),(3563,1,1422,'2020-03-24','Severe'),(3564,2,1274,'2020-02-06','Light'),(3565,2,1292,'2020-01-13','Light'),(3566,2,1120,'2020-11-25','Light'),(3567,1,693,'2020-04-20','Severe'),(3568,1,1455,'2020-04-25','Severe'),(3569,2,32,'2020-05-23','Light'),(3570,2,890,'2020-01-24','Light'),(3571,1,323,'2020-12-12','Severe'),(3572,2,1406,'2020-05-31','Heavy'),(3573,2,633,'2020-06-29','Light'),(3574,3,556,'2020-02-28','Light'),(3575,3,732,'2020-03-12','Light'),(3576,3,1456,'2020-01-20','Light'),(3577,2,604,'2020-07-14','Light'),(3578,2,1419,'2020-04-03','Moderate'),(3579,3,1079,'2020-01-11','Light'),(3580,2,1023,'2020-10-25','Light'),(3581,1,1016,'2020-06-25','Severe'),(3582,2,916,'2020-01-04','Light'),(3583,3,112,'2020-05-09','Light'),(3584,2,1458,'2020-04-27','Light'),(3585,2,116,'2020-09-22','Light'),(3586,2,470,'2020-04-23','Light'),(3587,2,171,'2020-01-16','Light'),(3588,2,1459,'2020-02-10','Light'),(3589,2,441,'2020-03-09','Light'),(3590,1,210,'2020-03-20','Severe'),(3591,2,408,'2020-07-15','Light'),(3592,2,1093,'2020-10-10','Light'),(3593,1,1273,'2020-02-06','Severe'),(3594,2,2,'2020-11-26','Light'),(3595,3,663,'2020-01-17','Light'),(3596,2,745,'2020-05-18','Light'),(3597,1,1209,'2020-01-11','Severe'),(3598,2,618,'2020-06-09','Light'),(3599,1,775,'2020-01-18','Severe'),(3600,5,309,'2020-01-17','Severe'),(3601,5,85,'2020-09-30','Severe'),(3602,2,95,'2020-04-20','Light'),(3603,3,313,'2020-03-20','Light'),(3604,2,1366,'2020-05-29','Light'),(3605,2,801,'2020-06-02','Light'),(3606,2,889,'2020-05-25','Light'),(3607,2,1369,'2020-10-14','Light'),(3608,2,88,'2020-01-19','Light'),(3609,2,180,'2020-11-26','Light'),(3610,2,206,'2020-02-17','Light'),(3611,2,445,'2020-03-23','Light'),(3612,2,168,'2020-04-03','Light'),(3613,2,532,'2020-05-11','Light'),(3614,2,761,'2020-04-01','Light'),(3615,2,909,'2020-11-09','Light'),(3616,1,670,'2020-10-03','Moderate'),(3617,2,66,'2020-12-16','Light'),(3618,2,1462,'2020-07-13','Light'),(3619,1,336,'2020-10-10','Severe'),(3620,2,655,'2020-07-31','Light'),(3621,1,1463,'2020-02-11','Severe'),(3622,1,1464,'2020-06-05','Severe'),(3623,2,1175,'2020-03-22','Light'),(3624,1,246,'2020-12-13','Severe'),(3625,3,458,'2020-01-01','Light'),(3626,1,1408,'2020-09-22','Severe'),(3627,5,203,'2020-05-20','Severe'),(3628,2,221,'2020-09-17','Light'),(3629,1,297,'2020-09-22','Severe'),(3630,5,489,'2020-07-30','Severe'),(3631,1,1466,'2020-11-28','Severe'),(3632,1,105,'2020-08-05','Severe'),(3633,2,124,'2020-02-18','Light'),(3634,3,334,'2020-11-15','Light'),(3635,1,841,'2020-09-26','Severe'),(3636,2,302,'2020-09-04','Light'),(3637,2,1402,'2020-02-24','Light'),(3638,3,867,'2020-02-17','Light'),(3639,2,979,'2020-08-25','Light'),(3640,2,464,'2020-12-31','Light'),(3641,2,563,'2020-04-28','Light'),(3642,2,825,'2020-02-07','Light'),(3643,1,186,'2020-01-04','Severe'),(3644,2,597,'2020-02-13','Light'),(3645,3,846,'2020-01-20','Light'),(3646,1,1467,'2020-08-22','Moderate'),(3647,1,196,'2020-07-17','Severe'),(3648,1,915,'2020-12-24','Severe'),(3649,2,671,'2020-06-21','Light'),(3650,2,571,'2020-07-04','Light'),(3651,1,494,'2020-08-19','Moderate'),(3652,1,1266,'2020-03-23','Severe'),(3653,1,383,'2020-02-08','Severe'),(3654,3,216,'2020-04-12','Light'),(3655,2,1265,'2020-01-03','Light'),(3656,2,1468,'2020-06-07','Light'),(3657,3,1102,'2020-11-10','Light'),(3658,1,1469,'2020-10-10','Severe'),(3659,1,584,'2020-11-25','Severe'),(3660,2,1371,'2020-09-25','Light'),(3661,2,1470,'2020-03-11','Light'),(3662,2,1471,'2020-05-20','Light'),(3663,1,166,'2020-12-09','Severe'),(3664,1,354,'2020-03-12','Severe'),(3665,1,1037,'2020-01-21','Severe'),(3666,2,1472,'2020-05-22','Light'),(3667,1,1473,'2020-03-18','Severe'),(3668,1,749,'2020-03-16','Severe'),(3669,2,1474,'2020-05-23','Light'),(3670,2,933,'2020-12-14','Light'),(3671,6,1161,'2020-06-06','Severe'),(3672,2,1266,'2020-09-01','Light'),(3673,2,1232,'2020-09-02','Light'),(3674,3,298,'2020-12-28','Light'),(3675,1,48,'2020-03-17','Severe'),(3676,2,1324,'2020-06-08','Light'),(3677,2,895,'2020-09-17','Heavy'),(3678,2,268,'2020-01-12','Heavy'),(3679,2,60,'2020-10-24','Light'),(3680,2,59,'2020-03-05','Light'),(3681,1,286,'2020-02-07','Severe'),(3682,2,160,'2020-10-12','Moderate'),(3683,2,716,'2020-06-30','Light'),(3684,2,1475,'2020-11-12','Light'),(3685,5,415,'2020-06-22','Severe'),(3686,1,804,'2020-10-21','Severe'),(3687,1,246,'2020-12-21','Severe'),(3688,2,12,'2020-05-08','Moderate'),(3689,2,56,'2020-05-14','Light'),(3690,2,1476,'2020-10-12','Moderate'),(3691,2,1104,'2020-06-06','Light'),(3692,2,1367,'2020-08-15','Light'),(3693,1,315,'2020-01-31','Moderate'),(3694,2,208,'2020-06-17','Light'),(3695,2,215,'2020-05-11','Light'),(3696,2,1084,'2020-04-23','Light'),(3697,2,558,'2020-02-26','Light'),(3698,2,1477,'2020-07-13','Light'),(3699,1,47,'2020-12-29','Severe'),(3700,4,1416,'2020-01-11','UNK'),(3701,1,465,'2020-02-12','Severe'),(3702,1,361,'2020-03-26','Moderate'),(3703,2,652,'2020-04-19','Light'),(3704,1,1110,'2020-08-23','Severe'),(3705,3,302,'2020-03-03','Light'),(3706,2,1288,'2020-01-12','Light'),(3707,1,464,'2020-11-26','Severe'),(3708,3,1199,'2020-10-25','Light'),(3709,2,109,'2020-02-12','Light'),(3710,2,1189,'2020-11-29','Light'),(3711,2,907,'2020-04-11','Light'),(3712,2,523,'2020-09-24','Light'),(3713,3,1478,'2020-12-21','Light'),(3714,1,1150,'2020-02-25','Severe'),(3715,2,1013,'2020-01-11','Light'),(3716,2,416,'2020-12-25','Light'),(3717,2,770,'2020-08-17','Light'),(3718,2,95,'2020-10-29','Moderate'),(3719,2,417,'2020-06-07','Light'),(3720,1,26,'2020-03-29','Moderate'),(3721,2,1084,'2020-04-13','Light'),(3722,2,1106,'2020-04-23','Light'),(3723,2,481,'2020-04-12','Light'),(3724,2,402,'2020-03-04','Light'),(3725,4,311,'2020-03-05','UNK'),(3726,2,559,'2020-04-29','Light'),(3727,2,1413,'2020-05-17','Light'),(3728,1,1194,'2020-02-07','Severe'),(3729,2,1239,'2020-11-15','Light'),(3730,1,386,'2020-11-12','Severe'),(3731,4,679,'2020-09-24','UNK'),(3732,2,11,'2020-04-12','Light'),(3733,3,421,'2020-01-08','Heavy'),(3734,1,18,'2020-03-19','Severe'),(3735,1,1479,'2020-04-07','Severe'),(3736,3,1220,'2020-01-06','Light'),(3737,2,268,'2020-08-06','Light'),(3738,3,685,'2020-10-13','Heavy'),(3739,1,742,'2020-07-04','Moderate'),(3740,1,81,'2020-05-30','Severe'),(3741,3,714,'2020-03-20','Heavy'),(3742,1,272,'2020-02-17','Severe'),(3743,2,216,'2020-04-03','Light'),(3744,2,441,'2020-12-25','Light'),(3745,2,350,'2020-01-27','Light'),(3746,1,1158,'2020-03-24','Severe'),(3747,1,582,'2020-08-27','Severe'),(3748,1,1408,'2020-10-28','Severe'),(3749,2,7,'2020-12-07','Heavy'),(3750,2,104,'2020-03-17','Moderate'),(3751,2,41,'2020-01-18','Light'),(3752,2,959,'2020-04-30','Moderate'),(3753,2,881,'2020-03-10','Moderate'),(3754,2,960,'2020-08-08','Light'),(3755,1,592,'2020-02-11','Severe'),(3756,3,653,'2020-11-10','Light'),(3757,2,731,'2020-07-14','Light'),(3758,2,316,'2020-11-03','Light'),(3759,2,1403,'2020-06-20','Light'),(3760,2,1092,'2020-01-11','Light'),(3761,2,957,'2020-03-23','Moderate'),(3762,2,189,'2020-01-01','Light'),(3763,2,550,'2020-05-18','Light'),(3764,2,355,'2020-02-10','Light'),(3765,2,60,'2020-10-17','Moderate'),(3766,1,138,'2020-01-30','Severe'),(3767,4,1480,'2020-04-12','UNK'),(3768,2,204,'2020-06-16','Light'),(3769,2,292,'2020-09-09','Light'),(3770,2,360,'2020-07-19','Light'),(3771,2,66,'2020-07-21','Light'),(3772,4,797,'2020-07-24','UNK'),(3773,3,22,'2020-02-07','Light'),(3774,1,250,'2020-03-06','Moderate'),(3775,2,215,'2020-02-07','Light'),(3776,3,523,'2020-01-14','Light'),(3777,1,337,'2020-11-15','Severe'),(3778,1,1481,'2020-02-25','Severe'),(3779,1,462,'2020-06-20','Severe'),(3780,2,484,'2020-03-13','Light'),(3781,2,26,'2020-08-23','Moderate'),(3782,3,1355,'2020-03-31','Light'),(3783,2,819,'2020-05-17','Light'),(3784,2,139,'2020-11-14','Moderate'),(3785,1,1189,'2020-11-15','Severe'),(3786,1,836,'2020-10-21','Severe'),(3787,1,411,'2020-06-06','Severe'),(3788,6,633,'2020-05-05','Severe'),(3789,3,1063,'2020-10-17','Moderate'),(3790,3,641,'2020-11-02','Light'),(3791,1,867,'2020-05-24','Severe'),(3792,2,3,'2020-02-20','Light'),(3793,2,92,'2020-11-13','Light'),(3794,1,468,'2020-05-03','Severe'),(3795,2,2,'2020-06-08','Light'),(3796,3,1021,'2020-12-31','Light'),(3797,3,555,'2020-02-25','Light'),(3798,2,1076,'2020-11-25','Light'),(3799,2,1426,'2020-06-22','Light'),(3800,1,1483,'2020-03-16','Severe'),(3801,2,114,'2020-03-12','Light'),(3802,1,615,'2020-01-22','Severe'),(3803,1,88,'2020-08-21','Severe'),(3804,2,625,'2020-01-04','Light'),(3805,1,1427,'2020-04-21','Severe'),(3806,2,1412,'2020-11-30','Heavy'),(3807,2,402,'2020-02-09','Light'),(3808,2,68,'2020-10-30','Light'),(3809,1,592,'2020-10-15','Severe'),(3810,2,493,'2020-03-16','Light'),(3811,1,1485,'2020-02-13','Severe'),(3812,2,26,'2020-07-01','Light'),(3813,1,782,'2020-01-28','Severe'),(3814,2,323,'2020-08-31','Light'),(3815,2,98,'2020-06-20','Light'),(3816,1,337,'2020-08-06','Severe'),(3817,2,702,'2020-07-16','Heavy'),(3818,2,1009,'2020-04-09','Light'),(3819,2,655,'2020-10-17','Moderate'),(3820,2,653,'2020-06-30','Light'),(3821,2,263,'2020-06-11','Light'),(3822,2,318,'2020-03-15','Light'),(3823,2,861,'2020-11-12','Light'),(3824,2,1286,'2020-11-28','Heavy'),(3825,3,267,'2020-11-11','Light'),(3826,2,26,'2020-06-13','Light'),(3827,2,404,'2020-09-09','Light'),(3828,1,336,'2020-01-02','Severe'),(3829,1,378,'2020-03-17','Severe'),(3830,2,456,'2020-01-14','Light'),(3831,2,1303,'2020-04-29','Light'),(3832,2,523,'2020-08-15','Light'),(3833,5,1486,'2020-01-19','Severe'),(3834,2,1487,'2020-09-10','Moderate'),(3835,1,666,'2020-09-26','Severe'),(3836,2,1194,'2020-06-27','Moderate'),(3837,2,1488,'2020-03-05','Light'),(3838,2,276,'2020-05-16','Light'),(3839,2,958,'2020-01-13','Light'),(3840,2,206,'2020-04-05','Light'),(3841,2,599,'2020-01-15','Light'),(3842,2,1345,'2020-07-07','Light'),(3843,5,115,'2020-09-21','Severe'),(3844,2,513,'2020-01-10','Light'),(3845,3,283,'2020-10-26','Light'),(3846,2,136,'2020-02-24','Light'),(3847,1,560,'2020-02-12','Severe'),(3848,3,734,'2020-02-10','Light'),(3849,1,1241,'2020-12-05','Moderate'),(3850,3,255,'2020-01-13','Light'),(3851,3,124,'2020-04-17','Light'),(3852,2,269,'2020-03-24','Moderate'),(3853,2,1175,'2020-09-09','Light'),(3854,1,102,'2020-06-07','Severe'),(3855,2,981,'2020-03-16','Light'),(3856,2,317,'2020-07-08','Light'),(3857,1,912,'2020-07-27','Moderate'),(3858,1,261,'2020-08-04','Severe'),(3859,1,625,'2020-11-14','Severe'),(3860,2,1243,'2020-07-12','Light'),(3861,1,1007,'2020-03-20','Severe'),(3862,2,599,'2020-02-25','Light'),(3863,2,1111,'2020-01-10','Light'),(3864,2,430,'2020-05-24','Moderate'),(3865,2,1490,'2020-08-04','Light'),(3866,1,915,'2020-02-13','Severe'),(3867,1,454,'2020-12-28','Severe'),(3868,2,1161,'2020-11-14','Light'),(3869,1,709,'2020-03-24','Severe'),(3870,2,113,'2020-10-12','Light'),(3871,2,1391,'2020-11-11','Light'),(3872,1,1416,'2020-10-21','Severe'),(3873,2,792,'2020-05-27','Moderate'),(3874,1,1491,'2020-10-26','Severe'),(3875,2,785,'2020-03-10','Light'),(3876,3,525,'2020-02-25','Light'),(3877,1,142,'2020-09-10','Moderate'),(3878,2,1106,'2020-01-14','Light'),(3879,2,583,'2020-09-11','Light'),(3880,2,603,'2020-10-25','Light'),(3881,2,1492,'2020-06-04','Light'),(3882,4,292,'2020-07-07','UNK'),(3883,1,480,'2020-12-28','Severe'),(3884,2,42,'2020-06-08','Moderate'),(3885,2,928,'2020-08-24','Light'),(3886,2,1064,'2020-06-11','Light'),(3887,2,1493,'2020-05-05','Light'),(3888,2,716,'2020-08-25','Light'),(3889,3,387,'2020-12-17','Light'),(3890,1,392,'2020-03-20','Moderate'),(3891,2,1198,'2020-10-23','Light'),(3892,2,653,'2020-05-18','Moderate'),(3893,3,1494,'2020-04-22','Light'),(3894,3,140,'2020-01-28','Light'),(3895,1,1495,'2020-09-15','Moderate'),(3896,2,349,'2020-03-05','Light'),(3897,1,323,'2020-08-23','Severe'),(3898,1,321,'2020-07-08','Severe'),(3899,2,702,'2020-07-20','Light'),(3900,1,1222,'2020-08-22','Severe'),(3901,5,815,'2020-08-21','Severe'),(3902,2,608,'2020-04-23','Light'),(3903,2,1332,'2020-06-20','Light'),(3904,1,44,'2020-10-01','Severe'),(3905,2,647,'2020-03-28','Light'),(3906,1,442,'2020-09-09','Severe'),(3907,1,46,'2020-10-18','Severe'),(3908,2,1426,'2020-10-23','Light'),(3909,2,317,'2020-03-18','Light'),(3910,2,1353,'2020-09-06','Moderate'),(3911,1,578,'2020-05-01','Severe'),(3912,3,1056,'2020-03-24','Light'),(3913,1,338,'2020-04-20','Severe'),(3914,1,140,'2020-01-14','Severe'),(3915,3,372,'2020-01-19','Light'),(3916,2,937,'2020-08-11','Heavy'),(3917,2,745,'2020-03-31','Light'),(3918,2,189,'2020-07-05','Heavy'),(3919,3,1497,'2020-01-13','Light'),(3920,2,910,'2020-03-15','Moderate'),(3921,2,1230,'2020-08-21','Light'),(3922,2,59,'2020-12-31','Light'),(3923,2,796,'2020-03-02','Light'),(3924,1,844,'2020-01-15','Severe'),(3925,3,238,'2020-02-11','Light'),(3926,2,18,'2020-03-31','Light'),(3927,2,1458,'2020-04-25','Light'),(3928,2,284,'2020-09-03','Light'),(3929,1,1391,'2020-08-23','Severe'),(3930,5,48,'2020-02-25','Severe'),(3931,2,26,'2020-06-07','Moderate'),(3932,3,365,'2020-12-10','Light'),(3933,2,630,'2020-11-10','Light'),(3934,2,454,'2020-07-07','Light'),(3935,2,321,'2020-02-19','Light'),(3936,2,59,'2020-02-11','Moderate'),(3937,1,311,'2020-06-18','Severe'),(3938,2,1498,'2020-09-08','Light'),(3939,2,1124,'2020-07-28','Light'),(3940,3,1450,'2020-01-12','Light'),(3941,1,242,'2020-09-04','Severe'),(3942,1,1226,'2020-06-27','Moderate'),(3943,2,569,'2020-03-07','Light'),(3944,1,1366,'2020-05-27','Severe'),(3945,1,262,'2020-07-13','Severe'),(3946,2,1440,'2020-06-29','Heavy'),(3947,2,1277,'2020-03-28','Light'),(3948,2,358,'2020-06-29','Light'),(3949,1,669,'2020-10-14','Severe'),(3950,1,280,'2020-03-28','Severe'),(3951,2,933,'2020-08-26','Light'),(3952,1,2,'2020-05-27','Severe'),(3953,1,1418,'2020-03-11','Moderate'),(3954,2,1500,'2020-05-02','Light'),(3955,5,392,'2020-04-18','Severe'),(3956,2,1256,'2020-08-06','Light'),(3957,2,1209,'2020-06-05','Light'),(3958,2,244,'2020-04-26','Light'),(3959,1,1140,'2020-09-26','Severe'),(3960,2,197,'2020-01-28','Light'),(3961,2,216,'2020-05-25','Light'),(3962,2,59,'2020-08-30','Moderate'),(3963,1,1222,'2020-10-28','Severe'),(3964,2,443,'2020-04-30','Light'),(3965,5,773,'2020-11-23','Severe'),(3966,2,447,'2020-03-14','Light'),(3967,2,1063,'2020-05-13','Light'),(3968,2,1502,'2020-03-24','Light'),(3969,1,196,'2020-12-07','Moderate'),(3970,3,55,'2020-01-26','Light'),(3972,2,165,'2020-01-27','Light'),(3973,2,574,'2020-10-17','Light'),(3974,2,365,'2020-10-13','Light'),(3975,1,1080,'2020-06-20','Severe'),(3976,3,1272,'2020-04-17','Light'),(3977,1,813,'2020-09-11','Severe'),(3978,3,1503,'2020-11-24','Light'),(3979,1,189,'2020-01-24','Severe'),(3980,2,1344,'2020-08-21','Light'),(3981,2,256,'2020-07-19','Light'),(3982,2,743,'2020-05-06','Moderate'),(3983,2,1387,'2020-07-24','Light'),(3984,2,1256,'2020-04-20','Moderate'),(3985,2,1146,'2020-10-02','Light'),(3986,2,723,'2020-05-29','Light'),(3987,1,1055,'2020-10-20','Severe'),(3988,2,1044,'2020-12-25','Moderate'),(3989,2,625,'2020-01-14','Light'),(3990,2,176,'2020-07-22','Light'),(3991,1,775,'2020-05-07','Severe'),(3992,1,1111,'2020-11-14','Severe'),(3993,2,1505,'2020-07-15','Light'),(3994,2,56,'2020-10-23','Light'),(3995,2,558,'2020-12-24','Light'),(3996,3,912,'2020-01-15','Light'),(3997,2,990,'2020-04-01','Light'),(3998,2,175,'2020-10-13','Light'),(3999,1,889,'2020-07-12','Severe'),(4000,2,1111,'2020-03-02','Light'),(4001,2,882,'2020-09-15','Light'),(4002,2,1355,'2020-08-09','Light'),(4003,2,1506,'2020-09-30','Heavy'),(4004,2,1012,'2020-05-22','Light'),(4005,2,256,'2020-07-25','Heavy'),(4006,2,204,'2020-12-09','Light'),(4007,2,902,'2020-09-28','Light'),(4008,6,1507,'2020-01-18','Severe'),(4009,2,244,'2020-09-27','Light'),(4010,2,247,'2020-12-24','Light'),(4011,2,305,'2020-02-07','Light'),(4012,2,492,'2020-10-16','Light'),(4013,3,1508,'2020-03-20','Light'),(4014,2,1472,'2020-05-09','Light'),(4015,4,75,'2020-04-29','UNK'),(4016,1,1329,'2020-01-30','Severe'),(4017,2,307,'2020-12-31','Moderate'),(4018,1,699,'2020-02-13','Severe'),(4019,2,371,'2020-08-08','Light'),(4020,2,250,'2020-06-07','Heavy'),(4021,2,49,'2020-12-24','Light'),(4022,1,689,'2020-11-06','Severe'),(4023,1,950,'2020-03-18','Severe'),(4024,1,988,'2020-08-05','Severe'),(4025,1,1004,'2020-02-15','Severe'),(4026,6,1455,'2020-12-23','Severe'),(4027,1,504,'2020-01-20','Severe'),(4028,1,1170,'2020-05-13','Severe'),(4029,1,1122,'2020-10-31','Severe'),(4030,1,1170,'2020-10-23','Severe'),(4031,3,570,'2020-03-15','Light'),(4032,2,234,'2020-01-11','Light'),(4033,3,208,'2020-02-08','Light'),(4034,1,196,'2020-01-01','Severe'),(4035,2,1209,'2020-09-09','Light'),(4036,2,1509,'2020-03-03','Light'),(4037,2,120,'2020-09-17','Light'),(4038,1,336,'2020-07-06','Severe'),(4039,2,1452,'2020-06-09','Light'),(4040,2,137,'2020-12-13','Light'),(4041,1,450,'2020-10-14','Moderate'),(4042,2,354,'2020-09-25','Light'),(4043,2,238,'2020-09-12','Light'),(4044,4,414,'2020-06-05','UNK'),(4045,3,65,'2020-01-05','Light'),(4046,3,740,'2020-02-09','Light'),(4047,1,650,'2020-09-26','Severe'),(4048,2,192,'2020-04-30','Light'),(4049,2,232,'2020-01-01','Light'),(4050,2,127,'2020-08-26','Light'),(4051,2,5,'2020-02-04','Light'),(4052,2,800,'2020-04-30','Light'),(4053,1,843,'2020-12-01','Moderate'),(4054,2,424,'2020-09-10','Light'),(4055,2,1481,'2020-01-10','Moderate'),(4056,2,470,'2020-01-24','Light'),(4057,6,1510,'2020-08-03','Severe'),(4058,4,1511,'2020-08-02','UNK'),(4059,2,625,'2020-09-30','Moderate'),(4060,4,414,'2020-02-18','UNK'),(4061,2,618,'2020-09-09','Moderate'),(4062,2,620,'2020-05-21','Light'),(4063,5,1305,'2020-03-12','Severe'),(4064,5,524,'2020-09-24','Severe'),(4065,2,328,'2020-07-12','Light'),(4066,5,115,'2020-11-20','Severe'),(4067,2,59,'2020-05-05','Light'),(4068,2,140,'2020-10-15','Light'),(4069,2,490,'2020-12-19','Light'),(4070,2,597,'2020-03-29','Light'),(4071,1,260,'2020-09-29','Severe'),(4072,2,154,'2020-01-23','Light'),(4073,3,111,'2020-10-17','Light'),(4074,2,1512,'2020-06-10','Moderate'),(4075,2,662,'2020-02-24','Light'),(4076,2,853,'2020-10-04','Light'),(4077,2,718,'2020-01-04','Light'),(4078,2,143,'2020-09-22','Light'),(4079,2,227,'2020-08-29','Light'),(4080,2,773,'2020-11-28','Light'),(4081,2,479,'2020-07-12','Moderate'),(4082,2,1307,'2020-05-22','Moderate'),(4083,2,390,'2020-06-10','Moderate'),(4084,1,1191,'2020-04-26','Severe'),(4085,2,1117,'2020-01-02','Light'),(4086,2,165,'2020-06-17','Light'),(4087,2,476,'2020-10-16','Light'),(4088,2,1438,'2020-06-04','Heavy'),(4089,2,232,'2020-11-28','Light'),(4090,3,3,'2020-02-27','Light'),(4091,2,780,'2020-04-04','Light'),(4092,2,592,'2020-10-28','Light'),(4093,1,1131,'2020-03-24','Severe'),(4094,1,378,'2020-06-29','Severe'),(4095,2,1170,'2020-09-02','Light'),(4096,2,761,'2020-04-03','Light'),(4097,2,261,'2020-01-14','Light'),(4098,2,818,'2020-05-28','Light'),(4099,1,1513,'2020-08-26','Moderate'),(4100,2,588,'2020-02-20','Light'),(4101,2,150,'2020-02-01','Light'),(4102,1,620,'2020-12-23','Severe'),(4103,2,53,'2020-08-28','Light'),(4104,2,865,'2020-02-09','Light'),(4105,2,447,'2020-01-31','Light'),(4106,3,752,'2020-01-17','Heavy'),(4107,1,692,'2020-01-14','Severe'),(4108,2,1514,'2020-09-24','Light'),(4109,2,1026,'2020-03-10','Light'),(4110,1,281,'2020-01-13','Severe'),(4111,2,808,'2020-09-18','Light'),(4112,1,604,'2020-12-24','Severe'),(4113,3,1079,'2020-12-24','Light'),(4114,2,204,'2020-08-21','Light'),(4115,1,668,'2020-11-27','Severe'),(4116,4,487,'2020-05-16','UNK'),(4117,2,300,'2020-09-03','Light'),(4118,2,290,'2020-09-11','Light'),(4119,1,660,'2020-03-24','Severe'),(4120,2,973,'2020-05-25','Light'),(4121,2,309,'2020-01-13','Light'),(4122,2,461,'2020-05-17','Light'),(4123,2,59,'2020-07-09','Light'),(4124,2,428,'2020-12-09','Light'),(4125,3,570,'2020-12-26','Light'),(4126,1,92,'2020-06-28','Severe'),(4127,2,1485,'2020-06-10','Light'),(4128,2,1515,'2020-03-25','Light'),(4129,2,350,'2020-11-25','Light'),(4130,1,1177,'2020-06-26','Severe'),(4131,2,1360,'2020-03-26','Light'),(4132,1,1265,'2020-10-09','Severe'),(4133,2,396,'2020-01-14','Light'),(4134,1,1516,'2020-06-23','Severe'),(4135,2,1377,'2020-11-15','Light'),(4136,1,1403,'2020-03-24','Severe'),(4137,2,1517,'2020-05-16','Moderate'),(4138,2,1518,'2020-03-20','Light'),(4139,1,369,'2020-04-08','Severe'),(4140,2,824,'2020-03-29','Light'),(4141,2,1519,'2020-07-06','Light'),(4142,1,451,'2020-12-14','Severe'),(4143,2,532,'2020-11-25','Light'),(4144,2,518,'2020-05-30','Moderate'),(4145,2,1519,'2020-01-14','Light'),(4146,2,690,'2020-11-09','Moderate'),(4147,5,246,'2020-06-11','Severe'),(4148,2,343,'2020-06-22','Light'),(4149,2,749,'2020-09-25','Light'),(4150,2,345,'2020-01-01','Light'),(4151,2,69,'2020-11-28','Moderate'),(4152,2,287,'2020-01-14','Light'),(4153,2,653,'2020-04-29','Light'),(4154,1,1520,'2020-11-28','Severe'),(4155,2,416,'2020-11-26','Heavy'),(4156,2,24,'2020-11-23','Light'),(4157,2,12,'2020-11-10','Light'),(4158,2,48,'2020-02-09','Light'),(4159,2,840,'2020-05-18','Light'),(4160,2,26,'2020-09-13','Light'),(4161,1,299,'2020-07-07','Severe'),(4162,2,1240,'2020-01-22','Light'),(4163,2,468,'2020-03-31','Light'),(4164,2,456,'2020-03-19','Light'),(4165,2,353,'2020-08-26','Light'),(4166,2,1230,'2020-08-24','Light'),(4167,1,460,'2020-10-27','Severe'),(4168,2,1299,'2020-12-04','Light'),(4169,1,173,'2020-08-20','Severe'),(4170,1,1522,'2020-03-20','Severe'),(4171,3,1167,'2020-02-04','Light'),(4172,2,134,'2020-04-19','Light'),(4173,6,878,'2020-01-06','Severe'),(4174,2,234,'2020-01-11','Light'),(4175,2,150,'2020-03-31','Light'),(4176,3,803,'2020-11-23','Light'),(4177,6,5,'2020-11-15','Severe'),(4178,6,102,'2020-05-11','Severe'),(4179,2,1227,'2020-04-12','Light'),(4180,1,643,'2020-05-13','Severe'),(4181,3,646,'2020-12-30','Light'),(4182,2,139,'2020-11-12','Light'),(4183,5,1524,'2020-10-08','Severe'),(4184,3,790,'2020-01-17','Light'),(4185,3,1360,'2020-01-01','Light'),(4186,4,1142,'2020-08-11','UNK'),(4187,2,380,'2020-04-07','Light'),(4188,3,922,'2020-12-25','Light'),(4189,3,570,'2020-01-14','Heavy'),(4190,2,403,'2020-12-20','Light'),(4191,3,1056,'2020-04-10','Light'),(4192,1,1295,'2020-10-13','Severe'),(4193,3,1525,'2020-12-11','Light'),(4194,2,26,'2020-12-14','Light'),(4195,2,705,'2020-05-18','Moderate'),(4196,1,147,'2020-02-23','Severe'),(4197,3,1401,'2020-01-16','Light'),(4198,2,603,'2020-02-06','Light'),(4199,2,251,'2020-09-07','Light'),(4200,2,5,'2020-05-20','Light'),(4201,2,105,'2020-03-27','Moderate'),(4202,1,353,'2020-08-10','Moderate'),(4203,1,957,'2020-04-19','Moderate'),(4204,2,777,'2020-09-08','Moderate'),(4205,2,1181,'2020-05-18','Light'),(4206,1,1330,'2020-05-13','Severe'),(4207,1,1527,'2020-08-22','Moderate'),(4208,2,1186,'2020-09-08','Light'),(4209,3,801,'2020-02-09','Light'),(4210,5,417,'2020-10-10','Severe'),(4211,2,321,'2020-12-05','Light'),(4212,1,117,'2020-03-05','Severe'),(4213,1,232,'2020-04-29','Severe'),(4214,3,732,'2020-04-02','Light'),(4215,1,196,'2020-08-21','Moderate'),(4216,2,1377,'2020-05-21','Moderate'),(4217,2,396,'2020-12-24','Light'),(4218,1,685,'2020-01-19','Severe'),(4219,1,830,'2020-05-28','Severe'),(4220,1,1528,'2020-09-26','Moderate'),(4221,1,402,'2020-10-27','Severe'),(4222,2,470,'2020-03-05','Light'),(4223,3,810,'2020-01-12','Light'),(4224,3,641,'2020-11-24','Light'),(4225,1,308,'2020-07-28','Severe'),(4226,4,67,'2020-08-15','UNK'),(4227,2,160,'2020-12-04','Light'),(4228,1,1530,'2020-02-11','Severe'),(4229,2,1531,'2020-11-10','Light'),(4230,2,913,'2020-08-13','Light'),(4231,1,570,'2020-09-22','Moderate'),(4232,2,1434,'2020-05-10','Light'),(4233,3,298,'2020-04-09','Light'),(4234,2,473,'2020-08-02','Light'),(4235,2,731,'2020-08-22','Light'),(4236,3,448,'2020-04-14','Light'),(4237,2,886,'2020-06-27','Heavy'),(4238,2,923,'2020-02-20','Light'),(4239,2,213,'2020-09-24','Light'),(4240,2,488,'2020-01-13','Light'),(4241,3,1307,'2020-12-17','Light'),(4242,2,464,'2020-01-21','Light'),(4243,3,1134,'2020-12-31','Light'),(4244,1,838,'2020-01-15','Severe'),(4245,2,205,'2020-07-21','Light'),(4246,3,499,'2020-12-17','Heavy'),(4247,2,311,'2020-03-20','Light'),(4248,1,1246,'2020-09-21','Moderate'),(4249,3,1169,'2020-01-17','Light'),(4250,2,828,'2020-03-07','Light'),(4251,2,987,'2020-05-27','Light'),(4252,2,1532,'2020-04-13','Light'),(4253,1,98,'2020-08-20','Moderate'),(4254,3,332,'2020-11-24','Light'),(4255,2,66,'2020-12-04','Light'),(4256,1,615,'2020-09-22','Severe'),(4257,2,646,'2020-11-10','Light'),(4258,2,256,'2020-07-23','Light'),(4259,2,215,'2020-12-19','Light'),(4260,1,876,'2020-12-27','Moderate'),(4261,3,1405,'2020-01-09','Light'),(4262,1,424,'2020-10-20','Severe'),(4263,1,328,'2020-07-02','Severe'),(4264,5,321,'2020-08-12','Severe'),(4265,2,1534,'2020-04-04','Light'),(4266,2,274,'2020-09-30','Moderate'),(4267,2,246,'2020-10-17','Light'),(4268,3,222,'2020-02-12','Moderate'),(4269,2,1535,'2020-06-18','Light'),(4270,3,1494,'2020-12-10','Light'),(4271,2,65,'2020-09-09','Light'),(4272,5,1158,'2020-10-07','Severe'),(4273,4,693,'2020-06-20','UNK'),(4274,2,848,'2020-06-26','Light'),(4275,2,229,'2020-02-13','Light'),(4276,2,1031,'2020-01-31','Light'),(4277,1,397,'2020-02-29','Moderate'),(4278,2,1078,'2020-06-04','Light'),(4279,1,946,'2020-12-18','Severe'),(4280,2,451,'2020-09-25','Light'),(4281,3,1536,'2020-02-03','Light'),(4282,3,685,'2020-06-09','Light'),(4283,1,382,'2020-12-10','Moderate'),(4284,2,1537,'2020-07-10','Light'),(4285,1,322,'2020-10-03','Severe'),(4286,2,75,'2020-12-31','Light'),(4287,2,1538,'2020-12-31','Moderate'),(4288,1,244,'2020-05-22','Severe'),(4289,2,6,'2020-02-11','Light'),(4290,2,190,'2020-10-18','Light'),(4291,3,1052,'2020-02-07','Light'),(4292,1,1393,'2020-03-14','Severe'),(4293,3,1158,'2020-03-11','Light'),(4294,2,392,'2020-05-06','Light'),(4295,1,1287,'2020-12-07','Severe'),(4296,1,1539,'2020-01-27','Severe'),(4297,2,60,'2020-10-02','Light'),(4298,2,612,'2020-04-12','Light'),(4299,2,361,'2020-02-06','Light'),(4300,2,383,'2020-12-13','Light'),(4301,1,1540,'2020-07-02','Moderate'),(4302,2,969,'2020-08-14','Light'),(4303,2,109,'2020-12-03','Light'),(4304,2,19,'2020-06-28','Light'),(4305,1,571,'2020-09-04','Severe'),(4306,2,338,'2020-02-11','Light'),(4307,1,1054,'2020-05-02','Severe'),(4308,3,241,'2020-04-13','Light'),(4309,2,759,'2020-04-10','Light'),(4310,2,115,'2020-10-11','Moderate'),(4311,2,1541,'2020-12-30','Light'),(4312,2,75,'2020-12-19','Light'),(4313,2,815,'2020-07-09','Heavy'),(4314,1,215,'2020-01-21','Moderate'),(4315,4,560,'2020-08-17','UNK'),(4316,2,946,'2020-12-13','Light'),(4317,2,667,'2020-09-24','Light'),(4318,2,916,'2020-12-03','Light'),(4319,2,913,'2020-11-11','Heavy'),(4320,2,655,'2020-06-27','Light'),(4321,2,937,'2020-01-18','Light'),(4322,2,279,'2020-10-15','Light'),(4323,2,979,'2020-02-19','Light'),(4324,2,991,'2020-03-18','Light'),(4325,5,1243,'2020-08-04','Severe'),(4326,1,570,'2020-09-10','Moderate'),(4327,1,396,'2020-03-12','Severe'),(4328,2,1090,'2020-06-27','Moderate'),(4329,2,167,'2020-02-10','Moderate'),(4330,2,591,'2020-06-08','Light'),(4331,2,803,'2020-01-25','Light'),(4332,6,1542,'2020-06-09','Severe'),(4333,1,287,'2020-11-05','Severe'),(4334,2,1446,'2020-10-26','Light'),(4335,2,109,'2020-05-29','Light'),(4336,2,338,'2020-10-11','Light'),(4337,2,321,'2020-05-18','Light'),(4338,3,119,'2020-01-02','Light'),(4339,1,246,'2020-06-25','Severe'),(4340,2,1543,'2020-10-16','Light'),(4341,1,493,'2020-03-13','Severe'),(4342,1,290,'2020-03-11','Severe'),(4343,2,538,'2020-10-17','Light'),(4344,2,484,'2020-04-24','Light'),(4345,2,903,'2020-08-06','Light'),(4346,3,556,'2020-01-09','Light'),(4347,2,11,'2020-07-18','Light'),(4348,1,177,'2020-09-30','Severe'),(4349,2,302,'2020-07-09','Light'),(4350,3,36,'2020-12-14','Light'),(4351,2,368,'2020-02-06','Light'),(4352,2,521,'2020-10-26','Light'),(4353,1,262,'2020-08-16','Severe'),(4354,1,1052,'2020-03-18','Severe'),(4355,6,605,'2020-10-12','Severe'),(4356,2,226,'2020-06-09','Light'),(4357,2,156,'2020-04-29','Light'),(4358,2,1038,'2020-11-30','Moderate'),(4359,2,215,'2020-01-24','Light'),(4360,2,787,'2020-03-12','Light'),(4361,6,1545,'2020-08-15','Severe'),(4362,2,109,'2020-04-23','Light'),(4363,5,32,'2020-03-11','Severe'),(4364,2,307,'2020-02-01','Moderate'),(4365,2,3,'2020-04-30','Light'),(4366,1,874,'2020-11-13','Severe'),(4367,2,433,'2020-03-19','Light'),(4368,2,1546,'2020-01-28','Light'),(4369,2,689,'2020-07-05','Light'),(4370,2,620,'2020-02-29','Light'),(4371,2,378,'2020-05-21','Light'),(4372,3,255,'2020-02-14','Light'),(4373,2,340,'2020-12-11','Light'),(4375,1,384,'2020-01-17','Severe'),(4376,2,875,'2020-10-02','Light'),(4377,4,216,'2020-07-01','UNK'),(4378,3,640,'2020-02-06','Light'),(4379,2,55,'2020-05-11','Light'),(4380,1,957,'2020-01-26','Moderate'),(4381,2,951,'2020-06-28','Light'),(4382,3,618,'2020-12-29','Moderate'),(4383,2,73,'2020-12-12','Light'),(4384,2,204,'2020-11-03','Light'),(4385,2,1065,'2020-12-11','Light'),(4386,2,1403,'2020-09-08','Light'),(4387,1,842,'2020-09-28','Severe'),(4388,3,1355,'2020-01-24','Light'),(4389,1,972,'2020-10-19','Severe'),(4390,2,1162,'2020-05-06','Light'),(4391,2,1265,'2020-07-17','Moderate'),(4392,3,678,'2020-12-17','Light'),(4393,5,321,'2020-08-11','Severe'),(4394,2,219,'2020-10-09','Light'),(4395,2,248,'2020-09-17','Heavy'),(4396,1,734,'2020-02-01','Moderate'),(4397,2,5,'2020-03-27','Light'),(4398,3,112,'2020-03-23','Moderate'),(4399,4,36,'2020-08-15','UNK'),(4400,2,1547,'2020-02-23','Light'),(4401,2,707,'2020-06-19','Light'),(4402,2,1027,'2020-02-06','Light'),(4403,2,119,'2020-10-29','Light'),(4404,2,1061,'2020-06-29','Light'),(4405,1,587,'2020-07-24','Severe'),(4406,2,702,'2020-11-15','Light'),(4407,3,971,'2020-02-27','Light'),(4408,2,455,'2020-01-12','Light'),(4409,2,1223,'2020-09-24','Light'),(4410,6,1509,'2020-06-30','Severe'),(4411,2,890,'2020-11-11','Light'),(4412,2,488,'2020-03-23','Light'),(4413,2,238,'2020-06-20','Light'),(4414,1,988,'2020-03-18','Severe'),(4415,1,807,'2020-06-04','Severe'),(4416,1,56,'2020-12-08','Severe'),(4417,5,1549,'2020-05-21','Severe'),(4418,1,359,'2020-08-11','Severe'),(4419,1,838,'2020-02-07','Severe'),(4420,2,918,'2020-06-26','Light'),(4421,3,685,'2020-04-27','Moderate'),(4422,1,701,'2020-05-31','Severe'),(4423,2,222,'2020-03-14','Moderate'),(4424,2,1550,'2020-07-06','Light'),(4425,2,1344,'2020-01-18','Light'),(4426,2,1551,'2020-05-05','Light'),(4427,5,115,'2020-01-31','Severe'),(4428,2,109,'2020-06-28','Light'),(4429,2,53,'2020-08-15','Light'),(4430,3,794,'2020-02-10','Light'),(4431,2,546,'2020-06-10','Light'),(4432,2,1023,'2020-09-29','Light'),(4433,2,408,'2020-02-13','Light'),(4434,2,466,'2020-09-29','Light'),(4435,2,1130,'2020-09-11','Light'),(4436,1,1020,'2020-06-20','Severe'),(4437,3,773,'2020-10-26','Light'),(4438,2,311,'2020-08-31','Light'),(4439,2,1450,'2020-06-07','Light'),(4440,2,1416,'2020-02-24','Light'),(4441,1,44,'2020-10-06','Severe'),(4442,2,804,'2020-10-16','Light'),(4443,2,1330,'2020-05-16','Light'),(4444,2,1020,'2020-06-10','Moderate'),(4445,1,302,'2020-11-10','Severe'),(4446,3,641,'2020-01-05','Light'),(4447,1,813,'2020-07-06','Moderate'),(4448,2,406,'2020-02-12','Light'),(4449,2,534,'2020-08-27','Light'),(4450,1,268,'2020-07-29','Severe'),(4451,2,1092,'2020-01-07','Light'),(4452,1,707,'2020-11-07','Severe'),(4453,2,1552,'2020-06-09','Light'),(4454,2,796,'2020-08-02','Light'),(4455,3,683,'2020-01-13','Light'),(4456,1,791,'2020-01-30','Moderate'),(4457,3,780,'2020-01-23','Light'),(4458,2,115,'2020-02-20','Light'),(4459,1,1553,'2020-05-20','Severe'),(4460,1,805,'2020-10-21','Severe'),(4461,2,389,'2020-02-17','Light'),(4462,1,1087,'2020-05-27','Severe'),(4463,3,1371,'2020-01-28','Light'),(4464,6,31,'2020-06-03','Severe'),(4465,3,234,'2020-01-03','Light'),(4466,1,1047,'2020-02-09','Severe'),(4467,2,915,'2020-11-17','Light'),(4468,2,735,'2020-07-20','Light'),(4469,2,1181,'2020-11-15','Light'),(4470,2,11,'2020-03-11','Light'),(4471,2,56,'2020-08-03','Light'),(4472,2,109,'2020-05-19','Heavy'),(4473,2,887,'2020-06-20','Light'),(4474,2,117,'2020-11-28','Light'),(4475,2,879,'2020-11-22','Moderate'),(4476,2,945,'2020-05-20','Light'),(4477,2,1555,'2020-07-26','Light'),(4478,1,159,'2020-10-05','Severe'),(4479,1,687,'2020-03-18','Severe'),(4480,2,25,'2020-03-24','Light'),(4481,2,1164,'2020-10-10','Light'),(4482,3,864,'2020-12-30','Light'),(4483,2,1055,'2020-02-20','Heavy'),(4484,2,1424,'2020-05-24','Light'),(4485,1,156,'2020-02-11','Severe'),(4486,2,732,'2020-03-13','Light'),(4487,1,204,'2020-11-20','Moderate'),(4488,2,175,'2020-11-01','Light'),(4489,2,1556,'2020-04-13','Light'),(4490,2,1557,'2020-08-18','Light'),(4491,2,829,'2020-05-16','Light'),(4492,1,273,'2020-09-07','Severe'),(4493,1,1520,'2020-12-13','Severe'),(4494,3,731,'2020-01-23','Light'),(4495,2,1355,'2020-03-24','Light'),(4496,2,495,'2020-11-23','Light'),(4497,2,1327,'2020-11-27','Light'),(4498,2,572,'2020-05-30','Light'),(4499,2,456,'2020-12-24','Light'),(4500,4,716,'2020-02-06','UNK'),(4501,2,1535,'2020-02-07','Light'),(4502,2,749,'2020-10-24','Light'),(4503,2,413,'2020-11-10','Light'),(4504,3,801,'2020-02-12','Light'),(4505,2,65,'2020-01-11','Light'),(4506,4,1065,'2020-05-12','UNK'),(4507,2,105,'2020-11-22','Light'),(4508,4,614,'2020-07-09','UNK'),(4509,2,674,'2020-10-29','Light'),(4510,4,850,'2020-07-03','UNK'),(4511,1,306,'2020-12-02','Severe'),(4512,2,816,'2020-06-08','Light'),(4513,2,1558,'2020-08-30','Light'),(4514,2,1357,'2020-01-17','Light'),(4515,2,86,'2020-03-10','Light'),(4516,3,1228,'2020-03-15','Moderate'),(4517,4,789,'2020-10-23','UNK'),(4518,3,133,'2020-12-24','Light'),(4519,2,821,'2020-08-22','Heavy'),(4520,1,708,'2020-11-10','Severe'),(4521,2,929,'2020-09-06','Moderate'),(4522,2,368,'2020-01-04','Light'),(4523,1,742,'2020-04-04','Moderate'),(4524,1,859,'2020-11-29','Severe'),(4525,1,599,'2020-08-11','Severe'),(4526,1,413,'2020-09-12','Severe'),(4527,3,324,'2020-01-20','Light'),(4528,1,1228,'2020-02-05','Severe'),(4529,2,250,'2020-07-30','Light'),(4530,2,1559,'2020-03-17','Light'),(4531,5,392,'2020-08-12','Severe'),(4532,3,1018,'2020-02-18','Light'),(4533,2,852,'2020-01-11','Moderate'),(4534,1,1263,'2020-04-21','Severe'),(4535,1,116,'2020-03-29','Severe'),(4536,2,986,'2020-04-30','Light'),(4537,2,1530,'2020-04-18','Light'),(4538,2,1095,'2020-06-20','Light'),(4539,2,219,'2020-07-06','Light'),(4540,2,1273,'2020-08-09','Light'),(4541,2,620,'2020-04-05','Light'),(4542,1,160,'2020-06-08','Severe'),(4543,2,1560,'2020-03-11','Light'),(4544,3,1494,'2020-03-10','Light'),(4545,2,565,'2020-01-25','Light'),(4546,1,314,'2020-09-22','Severe'),(4547,2,139,'2020-05-16','Light'),(4548,1,913,'2020-12-25','Severe'),(4549,1,311,'2020-09-02','Severe'),(4550,2,1561,'2020-06-16','Light'),(4551,2,1397,'2020-07-31','Light'),(4552,2,481,'2020-02-05','Light'),(4553,2,1562,'2020-07-27','Light'),(4554,2,866,'2020-11-26','Light'),(4555,2,214,'2020-02-16','Light'),(4556,2,1397,'2020-03-13','Moderate'),(4557,2,1563,'2020-03-04','Light'),(4558,2,1564,'2020-06-09','Moderate'),(4559,2,188,'2020-03-15','Heavy'),(4560,3,914,'2020-01-03','Light'),(4561,1,251,'2020-04-08','Severe'),(4562,2,109,'2020-01-04','Light'),(4563,1,3,'2020-02-26','Severe'),(4564,2,1290,'2020-04-26','Moderate'),(4565,1,225,'2020-01-15','Severe'),(4566,2,309,'2020-04-01','Light'),(4567,1,1251,'2020-12-07','Severe'),(4568,1,470,'2020-03-07','Moderate'),(4569,3,1262,'2020-12-24','Light'),(4570,3,710,'2020-01-30','Light'),(4571,3,773,'2020-03-05','Light'),(4572,2,537,'2020-05-08','Light'),(4573,2,53,'2020-05-28','Moderate'),(4574,2,1301,'2020-02-12','Moderate'),(4575,1,97,'2020-12-29','Severe'),(4576,3,321,'2020-11-01','Light'),(4577,2,602,'2020-08-23','Light'),(4578,2,915,'2020-12-19','Moderate'),(4579,1,409,'2020-12-20','Severe'),(4580,2,76,'2020-06-05','Light'),(4581,2,818,'2020-12-14','Light'),(4582,1,769,'2020-03-23','Severe'),(4583,2,312,'2020-04-10','Light'),(4584,3,286,'2020-02-16','Light'),(4585,1,1230,'2020-12-21','Severe'),(4586,1,299,'2020-10-25','Moderate'),(4587,2,167,'2020-03-11','Light'),(4588,2,5,'2020-01-03','Light'),(4589,2,898,'2020-01-14','Light'),(4590,1,465,'2020-08-08','Severe'),(4591,2,389,'2020-12-25','Light'),(4592,2,1183,'2020-01-11','Light'),(4593,3,1387,'2020-10-27','Light'),(4594,1,1409,'2020-01-28','Severe'),(4595,2,1029,'2020-11-21','Light'),(4596,2,233,'2020-09-20','Light'),(4597,2,377,'2020-04-03','Light'),(4598,1,157,'2020-02-11','Moderate'),(4599,2,454,'2020-07-31','Light'),(4600,2,302,'2020-02-10','Heavy'),(4601,2,200,'2020-04-26','Light'),(4602,2,475,'2020-12-25','Moderate'),(4603,2,488,'2020-02-20','Light'),(4604,3,124,'2020-01-26','Light'),(4605,4,1565,'2020-07-01','UNK'),(4606,2,721,'2020-08-10','Light'),(4607,2,1485,'2020-11-11','Light'),(4608,2,754,'2020-09-10','Light'),(4609,2,148,'2020-02-16','Heavy'),(4610,2,433,'2020-03-24','Light'),(4611,1,1454,'2020-03-16','Severe'),(4612,2,162,'2020-11-25','Light'),(4613,2,2,'2020-07-30','Light'),(4614,2,50,'2020-04-29','Light'),(4615,4,1498,'2020-08-07','UNK'),(4616,2,74,'2020-04-02','Light'),(4617,2,1360,'2020-08-30','Light'),(4618,3,220,'2020-12-24','Light'),(4619,4,795,'2020-10-27','UNK'),(4620,4,1023,'2020-04-19','UNK'),(4621,1,776,'2020-06-20','Moderate'),(4622,2,1286,'2020-10-28','Heavy'),(4623,2,553,'2020-02-20','Moderate'),(4624,2,444,'2020-03-14','Light'),(4626,2,614,'2020-01-22','Light'),(4627,2,79,'2020-12-28','Light'),(4628,2,133,'2020-04-11','Light'),(4629,2,678,'2020-08-29','Moderate'),(4630,2,449,'2020-06-25','Moderate'),(4631,2,1062,'2020-05-12','Light'),(4632,1,1445,'2020-11-02','Moderate'),(4633,1,381,'2020-07-17','Moderate'),(4634,3,1236,'2020-05-09','Heavy'),(4635,2,75,'2020-01-24','Light'),(4636,2,265,'2020-04-12','Heavy'),(4637,2,197,'2020-10-20','Light'),(4638,2,1424,'2020-06-22','Light'),(4639,1,848,'2020-09-14','Severe'),(4640,3,1312,'2020-02-29','Light'),(4641,2,1566,'2020-01-10','Light'),(4642,2,987,'2020-12-28','Light'),(4643,2,1305,'2020-03-10','Light'),(4644,1,617,'2020-08-23','Severe'),(4645,3,372,'2020-03-12','Light'),(4646,1,922,'2020-05-06','Severe'),(4647,2,793,'2020-04-01','Light'),(4648,5,1402,'2020-08-31','Severe'),(4649,2,1044,'2020-02-11','Light'),(4650,1,72,'2020-09-19','Severe'),(4651,3,461,'2020-01-03','Light'),(4652,3,1166,'2020-01-01','Light'),(4653,2,493,'2020-03-18','Light'),(4654,6,951,'2020-02-11','Severe'),(4655,2,335,'2020-05-06','Light'),(4656,2,1013,'2020-08-08','Light'),(4657,1,681,'2020-10-21','Severe'),(4658,4,1569,'2020-05-12','UNK'),(4659,1,145,'2020-10-06','Severe'),(4660,2,1570,'2020-08-31','Light'),(4661,1,1467,'2020-06-21','Severe'),(4662,3,367,'2020-12-14','Light'),(4663,2,370,'2020-08-23','Light'),(4664,1,813,'2020-04-07','Severe'),(4665,1,1571,'2020-03-16','Severe'),(4666,3,53,'2020-12-30','Light'),(4667,2,305,'2020-03-22','Light'),(4668,2,441,'2020-05-14','Light'),(4669,4,745,'2020-08-28','UNK'),(4670,2,129,'2020-02-06','Light'),(4671,2,56,'2020-03-14','Light'),(4672,1,1491,'2020-02-14','Moderate'),(4673,1,395,'2020-12-20','Severe'),(4674,1,1572,'2020-02-03','Severe'),(4675,6,31,'2020-02-01','Severe'),(4676,2,26,'2020-03-23','Light'),(4677,2,602,'2020-05-29','Light'),(4678,1,218,'2020-11-01','Severe'),(4679,2,503,'2020-05-08','Light'),(4680,5,1202,'2020-06-13','Severe'),(4681,1,344,'2020-10-07','Moderate'),(4682,2,580,'2020-09-10','Moderate'),(4683,1,1124,'2020-05-06','Moderate'),(4684,2,1427,'2020-03-19','Light'),(4685,2,338,'2020-12-31','Light'),(4686,3,286,'2020-01-06','Light'),(4687,2,1573,'2020-09-12','Moderate'),(4688,2,639,'2020-02-19','Light'),(4689,2,206,'2020-09-12','Light'),(4690,2,355,'2020-10-24','Moderate'),(4691,1,299,'2020-06-19','Severe'),(4692,2,1426,'2020-10-22','Light'),(4693,3,846,'2020-01-28','Light'),(4694,2,1288,'2020-03-07','Light'),(4695,1,1575,'2020-10-20','Severe'),(4696,2,244,'2020-06-22','Light'),(4697,2,677,'2020-08-18','Light'),(4698,2,54,'2020-07-13','Light'),(4699,2,281,'2020-04-24','Light'),(4700,3,640,'2020-03-26','Light'),(4701,2,237,'2020-11-12','Heavy'),(4702,2,443,'2020-08-25','Light'),(4703,2,884,'2020-05-29','Light'),(4704,2,1361,'2020-06-24','Light'),(4705,1,1036,'2020-10-05','Severe'),(4706,2,234,'2020-05-24','Light'),(4707,2,745,'2020-05-01','Light'),(4708,2,1380,'2020-10-11','Light'),(4709,1,137,'2020-01-14','Severe'),(4710,2,366,'2020-08-09','Moderate'),(4711,3,630,'2020-01-15','Light'),(4712,3,379,'2020-01-30','Light'),(4713,2,702,'2020-04-12','Moderate'),(4714,2,725,'2020-02-16','Light'),(4715,2,488,'2020-12-14','Light'),(4716,2,213,'2020-08-28','Light'),(4717,1,1486,'2020-08-07','Severe'),(4718,1,249,'2020-09-06','Severe'),(4719,1,1240,'2020-04-24','Severe'),(4720,6,31,'2020-08-19','Severe'),(4721,1,752,'2020-03-22','Severe'),(4722,3,995,'2020-02-07','Light'),(4723,2,869,'2020-08-04','Light'),(4724,2,1033,'2020-04-29','Moderate'),(4725,2,540,'2020-04-06','Light'),(4726,1,396,'2020-06-06','Severe'),(4727,2,280,'2020-07-31','Light'),(4728,2,1576,'2020-05-16','Light'),(4729,1,679,'2020-04-03','Severe'),(4730,1,1251,'2020-09-13','Severe'),(4731,3,1474,'2020-03-14','Moderate'),(4732,3,251,'2020-01-13','Light'),(4733,4,234,'2020-05-24','UNK'),(4734,2,308,'2020-05-25','Light'),(4735,2,3,'2020-03-30','Light'),(4736,1,26,'2020-08-06','Severe'),(4737,2,1538,'2020-11-12','Heavy'),(4738,2,1577,'2020-04-24','Light'),(4739,1,232,'2020-11-28','Severe'),(4740,3,1113,'2020-01-27','Light'),(4741,1,315,'2020-08-30','Moderate'),(4742,2,66,'2020-03-10','Light'),(4743,1,253,'2020-11-28','Severe'),(4744,1,805,'2020-12-21','Severe'),(4745,1,1026,'2020-03-17','Severe'),(4746,1,1578,'2020-11-05','Moderate'),(4747,2,308,'2020-03-31','Light'),(4748,1,845,'2020-05-21','Severe'),(4749,2,1103,'2020-01-23','Light'),(4750,2,445,'2020-01-11','Light'),(4751,2,133,'2020-05-15','Moderate'),(4752,2,1579,'2020-03-14','Light'),(4753,2,1580,'2020-02-06','Light'),(4754,2,378,'2020-05-22','Light'),(4755,1,126,'2020-03-28','Severe'),(4756,2,322,'2020-06-15','Light'),(4757,2,1581,'2020-09-28','Light'),(4758,2,852,'2020-05-29','Light'),(4759,1,909,'2020-02-02','Severe'),(4760,1,1558,'2020-09-16','Moderate'),(4761,1,450,'2020-08-26','Moderate'),(4762,2,301,'2020-12-29','Light'),(4763,3,1582,'2020-11-10','Light'),(4764,2,1553,'2020-03-04','Light'),(4765,3,1578,'2020-01-03','Light'),(4766,2,5,'2020-11-26','Heavy'),(4767,2,1368,'2020-09-02','Light'),(4768,2,58,'2020-07-22','Light'),(4769,1,1583,'2020-09-18','Moderate'),(4770,1,689,'2020-10-06','Severe'),(4771,2,1171,'2020-03-18','Light'),(4772,1,1194,'2020-12-21','Moderate'),(4773,2,18,'2020-05-21','Light'),(4774,2,398,'2020-03-13','Light'),(4775,2,32,'2020-06-20','Heavy'),(4776,1,1049,'2020-11-05','Severe'),(4777,2,386,'2020-08-15','Light'),(4778,2,217,'2020-02-26','Light'),(4779,2,1519,'2020-12-24','Light'),(4780,3,259,'2020-01-28','Light'),(4781,2,285,'2020-12-11','Light'),(4782,3,363,'2020-12-29','Light'),(4783,2,1130,'2020-06-19','Moderate'),(4784,2,1107,'2020-05-12','Light'),(4785,2,1109,'2020-05-08','Light'),(4786,1,37,'2020-06-20','Severe'),(4787,2,1292,'2020-01-16','Light'),(4788,2,1450,'2020-12-10','Light'),(4789,1,261,'2020-04-25','Moderate'),(4790,2,1345,'2020-06-06','Moderate'),(4791,1,765,'2020-09-28','Severe'),(4792,2,1573,'2020-04-29','Light'),(4793,2,120,'2020-04-20','Light'),(4794,5,1585,'2020-03-04','Severe'),(4795,1,1424,'2020-10-26','Severe'),(4796,2,1586,'2020-05-28','Light'),(4797,2,1283,'2020-09-29','Light'),(4798,2,386,'2020-09-28','Light'),(4799,2,1042,'2020-02-04','Light'),(4800,2,143,'2020-12-15','Light'),(4801,2,1518,'2020-05-17','Heavy'),(4802,2,381,'2020-05-16','Light'),(4803,2,796,'2020-05-29','Light'),(4804,2,512,'2020-04-15','Light'),(4805,1,972,'2020-03-11','Severe'),(4806,3,565,'2020-03-15','Light'),(4807,2,1286,'2020-01-13','Light'),(4808,2,492,'2020-07-12','Light'),(4809,3,541,'2020-11-06','Heavy'),(4810,4,219,'2020-10-11','UNK'),(4811,2,1539,'2020-05-05','Light'),(4812,3,1539,'2020-12-12','Light'),(4813,1,3,'2020-01-14','Severe'),(4814,2,578,'2020-10-12','Light'),(4815,1,1072,'2020-01-14','Severe'),(4816,1,273,'2020-11-19','Moderate'),(4817,1,723,'2020-12-19','Severe'),(4818,2,1587,'2020-07-21','Light'),(4819,3,408,'2020-02-08','Moderate'),(4820,2,357,'2020-01-23','Light'),(4821,2,1561,'2020-05-20','Light'),(4822,3,1588,'2020-12-13','Light'),(4823,2,1159,'2020-02-21','Light'),(4824,4,1106,'2020-01-15','UNK'),(4825,1,1332,'2020-02-11','Severe'),(4826,2,384,'2020-09-03','Light'),(4827,1,1505,'2020-01-17','Severe'),(4828,1,386,'2020-10-23','Severe'),(4829,1,828,'2020-10-21','Severe'),(4830,2,1261,'2020-09-09','Moderate'),(4831,2,1058,'2020-05-15','Light'),(4832,2,519,'2020-07-22','Moderate'),(4833,1,572,'2020-03-16','Severe'),(4834,3,1450,'2020-02-26','Light'),(4835,2,321,'2020-03-14','Light'),(4836,2,116,'2020-05-24','Light'),(4837,2,1571,'2020-03-21','Light'),(4838,2,987,'2020-07-07','Light'),(4839,2,108,'2020-02-18','Light'),(4840,3,602,'2020-03-14','Light'),(4841,2,912,'2020-09-03','Light'),(4842,1,32,'2020-04-05','Severe'),(4843,1,288,'2020-07-24','Severe'),(4844,2,59,'2020-03-03','Light'),(4845,2,748,'2020-03-28','Light'),(4846,3,1525,'2020-02-05','Moderate'),(4847,3,300,'2020-02-27','Light'),(4848,1,187,'2020-02-17','Severe'),(4849,2,1323,'2020-04-08','Light'),(4850,2,1485,'2020-01-11','Light'),(4851,2,1590,'2020-04-02','Light'),(4852,1,773,'2020-11-11','Severe'),(4853,1,147,'2020-08-18','Moderate'),(4854,2,425,'2020-09-21','Light'),(4855,5,760,'2020-02-04','Severe'),(4856,1,152,'2020-01-26','Severe'),(4857,2,618,'2020-10-27','Light'),(4858,1,1591,'2020-10-27','Severe'),(4859,2,32,'2020-03-16','Moderate'),(4860,1,1592,'2020-10-03','Moderate'),(4861,1,1106,'2020-05-02','Severe'),(4862,2,635,'2020-09-09','Heavy'),(4863,1,187,'2020-10-13','Severe'),(4864,2,1084,'2020-11-30','Light'),(4865,2,1593,'2020-05-05','Moderate'),(4866,1,72,'2020-12-04','Severe'),(4867,2,213,'2020-02-11','Moderate'),(4868,3,1225,'2020-01-12','Light'),(4869,2,203,'2020-04-23','Light'),(4870,5,76,'2020-01-27','Severe'),(4871,3,131,'2020-04-14','Light'),(4872,1,845,'2020-01-24','Severe'),(4873,2,1074,'2020-10-30','Light'),(4874,2,140,'2020-08-03','Light'),(4875,2,958,'2020-02-25','Light'),(4876,2,1261,'2020-06-26','Light'),(4877,2,681,'2020-07-22','Light'),(4878,3,1512,'2020-02-25','Light'),(4879,4,869,'2020-06-26','UNK'),(4880,2,433,'2020-05-23','Light'),(4881,2,466,'2020-12-20','Light'),(4882,2,935,'2020-08-29','Light'),(4883,2,74,'2020-01-18','Light'),(4884,2,166,'2020-12-31','Light'),(4885,3,1143,'2020-02-08','Light'),(4886,2,488,'2020-02-24','Light'),(4887,2,425,'2020-11-27','Light'),(4888,2,582,'2020-04-18','Light'),(4889,1,379,'2020-04-13','Moderate'),(4890,2,1069,'2020-09-28','Light'),(4891,1,1407,'2020-09-14','Severe'),(4892,2,1595,'2020-06-13','Moderate'),(4893,1,108,'2020-04-29','Severe'),(4894,1,125,'2020-02-11','Severe'),(4895,4,763,'2020-07-27','UNK'),(4896,1,1597,'2020-07-19','Moderate'),(4897,1,1480,'2020-04-18','Severe'),(4898,2,139,'2020-02-13','Light'),(4899,2,1328,'2020-09-01','Light'),(4900,2,633,'2020-07-28','Light'),(4901,2,1029,'2020-11-22','Light'),(4902,2,487,'2020-03-13','Light'),(4903,1,608,'2020-12-16','Severe'),(4904,2,912,'2020-06-20','Moderate'),(4905,2,1598,'2020-01-10','Light'),(4906,2,1062,'2020-07-09','Light'),(4907,2,618,'2020-10-21','Light'),(4908,2,100,'2020-02-27','Light'),(4909,2,649,'2020-09-26','Light'),(4910,1,163,'2020-02-11','Severe'),(4911,1,186,'2020-11-17','Moderate'),(4912,2,441,'2020-11-12','Light'),(4913,1,1322,'2020-10-03','Moderate'),(4914,2,622,'2020-12-05','Moderate'),(4915,2,82,'2020-10-30','Light'),(4916,2,885,'2020-08-02','Moderate'),(4917,2,329,'2020-04-30','Light'),(4918,2,12,'2020-04-23','Light'),(4919,2,1534,'2020-03-16','Light'),(4920,1,1137,'2020-05-27','Severe'),(4921,2,577,'2020-06-07','Light'),(4922,2,337,'2020-05-18','Light'),(4923,1,1183,'2020-07-04','Severe'),(4924,1,49,'2020-12-17','Severe'),(4925,1,147,'2020-04-24','Severe'),(4926,2,175,'2020-08-31','Moderate'),(4927,1,5,'2020-03-03','Severe'),(4928,2,1111,'2020-02-01','Light'),(4929,1,1198,'2020-02-01','Moderate'),(4930,2,861,'2020-10-29','Light'),(4931,2,120,'2020-10-12','Light'),(4932,3,1599,'2020-10-25','Light'),(4933,2,302,'2020-05-25','Heavy'),(4934,5,1578,'2020-06-18','Severe'),(4935,1,106,'2020-11-29','Severe'),(4936,2,735,'2020-01-12','Light'),(4937,2,1514,'2020-07-01','Light'),(4938,2,1121,'2020-02-27','Light'),(4939,1,1466,'2020-01-02','Severe'),(4940,4,233,'2020-09-18','UNK'),(4941,1,912,'2020-11-13','Moderate'),(4942,1,331,'2020-01-25','Severe'),(4943,1,328,'2020-10-05','Moderate'),(4944,2,32,'2020-10-27','Light'),(4945,3,234,'2020-04-15','Light'),(4946,1,149,'2020-01-18','Severe'),(4947,1,1036,'2020-09-26','Severe'),(4948,5,392,'2020-11-24','Severe'),(4949,2,1600,'2020-10-01','Light'),(4950,2,352,'2020-02-25','Moderate'),(4951,1,705,'2020-05-15','Severe'),(4952,2,1539,'2020-10-22','Moderate'),(4953,3,1601,'2020-03-16','Light'),(4954,4,369,'2020-06-29','UNK'),(4955,2,256,'2020-10-31','Heavy'),(4956,2,176,'2020-11-05','Light'),(4957,2,1581,'2020-09-12','Light'),(4958,1,1602,'2020-08-24','Moderate'),(4959,2,821,'2020-06-11','Light'),(4960,3,1603,'2020-01-13','Light'),(4961,2,1337,'2020-02-07','Light'),(4962,1,1355,'2020-01-31','Moderate'),(4963,3,1604,'2020-03-15','Light'),(4964,1,724,'2020-09-08','Severe'),(4965,1,1134,'2020-12-10','Moderate'),(4966,1,81,'2020-09-26','Severe'),(4967,2,199,'2020-06-23','Light'),(4968,2,312,'2020-01-03','Light'),(4969,3,692,'2020-03-14','Light'),(4970,2,260,'2020-01-24','Light'),(4971,2,743,'2020-09-21','Light'),(4972,2,212,'2020-06-26','Light'),(4973,2,126,'2020-02-07','Light'),(4974,3,633,'2020-09-08','Heavy'),(4975,1,987,'2020-02-23','Severe'),(4976,1,816,'2020-12-13','Severe'),(4977,2,370,'2020-03-04','Light'),(4978,2,245,'2020-05-18','Light'),(4979,6,1344,'2020-11-17','Severe'),(4981,1,353,'2020-03-08','Moderate'),(4982,2,403,'2020-08-01','Light'),(4983,2,1139,'2020-04-15','Light'),(4984,2,681,'2020-09-23','Moderate'),(4985,1,641,'2020-01-14','Severe'),(4986,3,98,'2020-12-29','Light'),(4987,2,874,'2020-04-29','Moderate'),(4988,2,437,'2020-08-02','Light'),(4989,2,1137,'2020-02-12','Light'),(4990,2,146,'2020-05-03','Light'),(4991,3,885,'2020-02-26','Light'),(4992,1,582,'2020-06-20','Severe'),(4993,1,1106,'2020-09-10','Severe'),(4994,1,1605,'2020-08-19','Severe'),(4995,3,540,'2020-02-15','Light'),(4996,1,386,'2020-02-01','Severe'),(4997,4,1013,'2020-07-13','UNK'),(4998,2,1606,'2020-12-24','Light'),(4999,2,324,'2020-10-11','Light'),(5000,1,946,'2020-04-09','Severe'),(5001,2,19,'2020-03-18','Light'),(5002,1,474,'2020-09-25','Severe'),(5003,2,1113,'2020-10-13','Light'),(5004,1,667,'2020-07-24','Severe'),(5005,2,469,'2020-03-24','Light'),(5006,3,526,'2020-02-10','Moderate'),(5007,1,1553,'2020-09-26','Severe'),(5008,2,362,'2020-05-24','Light'),(5009,1,1607,'2020-12-12','Severe'),(5010,2,390,'2020-08-22','Light'),(5011,3,856,'2020-03-10','Light'),(5012,2,513,'2020-08-21','Light'),(5013,1,592,'2020-07-06','Severe'),(5014,1,246,'2020-06-29','Severe'),(5015,2,305,'2020-07-07','Moderate'),(5016,1,770,'2020-01-15','Severe'),(5017,1,1082,'2020-11-22','Moderate'),(5018,1,1066,'2020-10-31','Severe'),(5019,2,219,'2020-03-04','Light'),(5020,2,742,'2020-02-23','Light'),(5021,5,846,'2020-04-23','Severe'),(5022,2,1358,'2020-08-26','Light'),(5023,2,782,'2020-08-31','Light'),(5024,2,301,'2020-12-03','Light'),(5025,2,1005,'2020-05-16','Light'),(5026,2,1608,'2020-02-25','Light'),(5027,4,1321,'2020-07-12','UNK'),(5028,2,453,'2020-03-22','Light'),(5029,1,1609,'2020-02-10','Severe'),(5030,2,410,'2020-02-14','Light'),(5031,1,1463,'2020-11-14','Moderate'),(5032,2,71,'2020-04-12','Light'),(5033,1,1158,'2020-03-16','Severe'),(5034,3,527,'2020-12-03','Light'),(5035,1,336,'2020-06-20','Severe'),(5036,2,199,'2020-06-09','Light'),(5037,3,98,'2020-01-11','Heavy'),(5038,1,290,'2020-12-29','Moderate'),(5039,1,649,'2020-03-23','Severe'),(5040,1,1238,'2020-12-05','Severe'),(5041,2,384,'2020-05-21','Light'),(5042,1,1610,'2020-05-17','Severe'),(5043,2,377,'2020-10-23','Light'),(5044,5,572,'2020-06-18','Severe'),(5045,2,331,'2020-02-03','Light'),(5046,1,636,'2020-07-23','Moderate'),(5047,2,1467,'2020-04-05','Moderate'),(5048,2,650,'2020-01-15','Light'),(5049,2,813,'2020-03-23','Light'),(5050,2,947,'2020-01-11','Light'),(5051,3,267,'2020-01-11','Light'),(5052,2,746,'2020-06-28','Light'),(5053,2,225,'2020-11-29','Light'),(5054,1,1028,'2020-12-30','Severe'),(5055,1,1377,'2020-12-27','Moderate'),(5056,2,588,'2020-04-13','Light'),(5057,4,26,'2020-07-23','UNK'),(5058,6,661,'2020-10-12','Severe'),(5059,2,120,'2020-02-06','Light'),(5060,2,488,'2020-06-21','Light'),(5061,2,24,'2020-04-26','Light'),(5062,1,1611,'2020-10-08','Moderate'),(5063,2,19,'2020-10-16','Light'),(5064,1,1222,'2020-08-02','Severe'),(5065,4,979,'2020-08-13','UNK'),(5066,5,149,'2020-05-03','Severe'),(5067,2,33,'2020-05-11','Light'),(5068,2,1207,'2020-10-14','Light'),(5069,2,1267,'2020-01-11','Light'),(5070,3,960,'2020-11-10','Moderate'),(5071,1,1244,'2020-03-04','Severe'),(5072,2,481,'2020-04-29','Moderate'),(5073,2,197,'2020-03-19','Light'),(5074,2,398,'2020-12-02','Light'),(5075,3,238,'2020-10-24','Light'),(5076,3,740,'2020-02-12','Light'),(5077,2,465,'2020-08-26','Light'),(5078,5,957,'2020-01-17','Severe'),(5079,1,913,'2020-09-22','Moderate'),(5080,2,65,'2020-06-23','Light'),(5081,2,781,'2020-08-11','Light'),(5082,2,548,'2020-12-18','Light'),(5083,3,1550,'2020-01-03','Light'),(5084,3,259,'2020-02-07','Light'),(5085,2,643,'2020-11-22','Light'),(5086,4,1559,'2020-05-16','UNK'),(5087,1,371,'2020-03-29','Severe'),(5088,2,520,'2020-11-24','Light'),(5089,2,63,'2020-10-11','Light'),(5090,1,371,'2020-01-03','Severe'),(5091,2,668,'2020-12-14','Moderate'),(5092,1,813,'2020-09-13','Moderate'),(5093,1,1613,'2020-11-15','Severe'),(5094,2,57,'2020-01-03','Light'),(5095,3,650,'2020-12-25','Heavy'),(5096,1,500,'2020-08-24','Moderate'),(5097,2,214,'2020-01-28','Light'),(5098,2,160,'2020-03-27','Light'),(5099,1,400,'2020-07-31','Severe'),(5100,2,1307,'2020-09-29','Light'),(5101,2,526,'2020-07-26','Moderate'),(5102,2,757,'2020-06-18','Light'),(5103,2,198,'2020-01-17','Light'),(5104,3,1303,'2020-04-22','Light'),(5105,6,3,'2020-03-29','Severe'),(5106,3,1422,'2020-01-13','Light'),(5107,2,1538,'2020-11-30','Light'),(5108,2,269,'2020-03-11','Light'),(5109,1,1614,'2020-05-13','Severe'),(5110,3,238,'2020-01-10','Light'),(5111,2,688,'2020-04-13','Light'),(5112,2,485,'2020-12-25','Light'),(5113,1,206,'2020-01-15','Severe'),(5114,2,1583,'2020-11-23','Light'),(5115,1,143,'2020-12-02','Severe'),(5116,1,1365,'2020-02-07','Severe'),(5117,2,1435,'2020-06-04','Light'),(5118,1,336,'2020-03-15','Severe'),(5119,2,1615,'2020-09-17','Light'),(5120,2,26,'2020-09-27','Light'),(5121,2,1297,'2020-04-24','Light'),(5122,2,608,'2020-06-20','Light'),(5123,3,1318,'2020-02-10','Light'),(5124,2,1314,'2020-03-29','Light'),(5125,2,1069,'2020-03-03','Light'),(5126,1,577,'2020-02-17','Severe'),(5127,1,281,'2020-04-26','Moderate'),(5128,1,2,'2020-04-25','Severe'),(5129,1,262,'2020-02-08','Moderate'),(5130,1,480,'2020-02-10','Severe'),(5131,2,775,'2020-04-24','Moderate'),(5132,2,1227,'2020-03-08','Light'),(5133,2,88,'2020-03-21','Light'),(5134,1,994,'2020-03-06','Severe'),(5135,1,1146,'2020-02-04','Severe'),(5136,2,1089,'2020-07-11','Moderate'),(5137,2,647,'2020-12-30','Light'),(5138,4,1616,'2020-03-19','UNK'),(5139,2,205,'2020-03-10','Light'),(5140,1,31,'2020-09-13','Severe'),(5141,2,192,'2020-07-16','Light'),(5142,2,106,'2020-04-10','Light'),(5143,1,321,'2020-01-22','Severe'),(5144,1,538,'2020-06-29','Severe'),(5145,2,524,'2020-02-10','Moderate'),(5146,2,576,'2020-03-23','Moderate'),(5147,1,1203,'2020-08-27','Severe'),(5148,2,742,'2020-03-08','Light'),(5149,2,150,'2020-01-03','Moderate'),(5150,2,843,'2020-11-06','Light'),(5151,2,1184,'2020-03-02','Moderate'),(5152,2,167,'2020-08-03','Light'),(5153,2,1217,'2020-12-30','Light'),(5154,2,784,'2020-05-28','Light'),(5155,1,1095,'2020-09-25','Moderate'),(5156,3,429,'2020-01-29','Light'),(5157,1,229,'2020-08-05','Severe'),(5158,3,650,'2020-02-07','Moderate'),(5159,1,950,'2020-03-12','Severe'),(5160,2,1571,'2020-07-24','Light'),(5161,3,1494,'2020-02-17','Light'),(5162,2,550,'2020-10-28','Light'),(5163,2,105,'2020-08-03','Light'),(5164,2,1617,'2020-02-19','Light'),(5165,2,777,'2020-03-19','Light'),(5166,3,21,'2020-03-12','Light'),(5167,4,1070,'2020-05-25','UNK'),(5168,1,1348,'2020-06-18','Severe'),(5169,3,557,'2020-02-08','Light'),(5170,2,1124,'2020-03-08','Light'),(5171,4,538,'2020-06-04','UNK'),(5172,2,1579,'2020-06-22','Light'),(5173,2,26,'2020-06-07','Light'),(5174,2,1099,'2020-11-11','Light'),(5175,3,966,'2020-12-01','Light'),(5176,4,639,'2020-05-22','UNK'),(5177,2,86,'2020-06-27','Light'),(5178,2,601,'2020-01-13','Light'),(5179,2,1500,'2020-04-24','Light'),(5180,3,932,'2020-02-08','Light'),(5181,1,1273,'2020-09-11','Moderate'),(5182,5,417,'2020-12-02','Severe'),(5183,1,509,'2020-06-03','Moderate'),(5184,3,310,'2020-02-11','Moderate'),(5185,2,1021,'2020-01-17','Light'),(5186,2,466,'2020-03-02','Light'),(5187,2,956,'2020-03-13','Light'),(5188,4,979,'2020-05-15','UNK'),(5189,2,1494,'2020-11-23','Light'),(5190,3,276,'2020-02-29','Light'),(5191,2,635,'2020-02-07','Light'),(5192,2,749,'2020-07-24','Light'),(5193,2,885,'2020-07-10','Light'),(5194,2,1345,'2020-07-05','Light'),(5195,1,620,'2020-02-13','Severe'),(5196,1,1165,'2020-02-01','Severe'),(5197,1,908,'2020-12-08','Severe'),(5198,1,196,'2020-11-30','Moderate'),(5199,3,1618,'2020-10-22','Light'),(5200,1,950,'2020-01-13','Severe'),(5201,2,718,'2020-05-01','Light'),(5202,2,526,'2020-08-16','Moderate'),(5203,1,1468,'2020-09-13','Severe'),(5204,2,1348,'2020-10-29','Light'),(5205,1,1441,'2020-02-26','Severe'),(5206,2,735,'2020-08-01','Light'),(5207,3,224,'2020-04-08','Light'),(5208,2,87,'2020-05-16','Light'),(5209,4,1357,'2020-06-10','UNK'),(5210,3,1619,'2020-01-14','Heavy'),(5211,2,693,'2020-04-29','Light'),(5212,2,569,'2020-01-11','Light'),(5213,2,1013,'2020-11-28','Light'),(5214,5,148,'2020-07-24','Severe'),(5215,1,336,'2020-10-22','Severe'),(5216,1,1539,'2020-02-10','Severe'),(5217,2,1092,'2020-03-31','Light'),(5218,2,443,'2020-06-08','Light'),(5219,2,449,'2020-09-10','Light'),(5220,5,555,'2020-07-18','Severe'),(5221,1,1620,'2020-01-08','Moderate'),(5222,2,1202,'2020-10-23','Light'),(5223,2,205,'2020-03-20','Light'),(5224,3,1621,'2020-12-11','Light'),(5225,2,764,'2020-09-25','Light'),(5226,2,861,'2020-06-05','Light'),(5227,1,1121,'2020-07-04','Moderate'),(5228,2,1232,'2020-03-28','Light'),(5229,1,1270,'2020-08-22','Severe'),(5230,3,243,'2020-04-22','Light'),(5231,1,1407,'2020-04-28','Severe'),(5232,2,205,'2020-09-20','Light'),(5233,2,5,'2020-03-11','Light'),(5234,1,411,'2020-07-17','Severe'),(5235,3,372,'2020-12-26','Light'),(5236,2,284,'2020-06-17','Light'),(5237,2,1038,'2020-06-11','Light'),(5238,4,934,'2020-04-22','UNK'),(5239,2,59,'2020-01-18','Light'),(5240,2,350,'2020-03-17','Light'),(5241,2,105,'2020-09-13','Light'),(5242,1,1317,'2020-12-29','Severe'),(5243,1,552,'2020-03-15','Severe'),(5244,2,515,'2020-07-23','Light'),(5245,1,1137,'2020-10-19','Severe'),(5246,6,1623,'2020-12-20','Severe'),(5247,1,1624,'2020-03-03','Severe'),(5248,3,1459,'2020-04-18','Light'),(5249,2,204,'2020-02-09','Light'),(5250,1,809,'2020-05-23','Severe'),(5251,2,413,'2020-04-09','Light'),(5252,5,203,'2020-07-26','Severe'),(5253,3,476,'2020-01-27','Light'),(5254,2,268,'2020-12-24','Light'),(5255,3,745,'2020-11-22','Moderate'),(5256,2,1476,'2020-07-23','Light'),(5257,1,281,'2020-04-07','Severe'),(5258,2,558,'2020-03-23','Light'),(5259,1,1625,'2020-01-27','Moderate'),(5260,2,203,'2020-01-10','Light'),(5261,2,555,'2020-11-25','Moderate'),(5262,3,636,'2020-12-08','Light'),(5263,2,705,'2020-06-10','Light'),(5264,2,449,'2020-01-23','Light'),(5265,1,996,'2020-01-22','Severe'),(5266,1,1231,'2020-11-28','Severe'),(5267,2,249,'2020-04-30','Moderate'),(5268,3,805,'2020-04-22','Heavy'),(5269,2,1430,'2020-05-12','Light'),(5270,1,1170,'2020-10-25','Severe'),(5271,1,592,'2020-11-13','Severe'),(5272,2,1480,'2020-04-25','Light'),(5273,2,1337,'2020-01-25','Heavy'),(5274,1,302,'2020-04-16','Moderate'),(5275,2,318,'2020-09-16','Light'),(5276,2,456,'2020-04-24','Light'),(5277,2,1469,'2020-07-27','Light'),(5278,2,1375,'2020-09-28','Moderate'),(5279,2,389,'2020-10-12','Light'),(5280,1,1004,'2020-06-04','Moderate'),(5281,1,66,'2020-11-27','Severe'),(5282,2,1348,'2020-01-26','Moderate'),(5283,1,326,'2020-04-29','Moderate'),(5284,1,1228,'2020-10-22','Severe'),(5285,1,875,'2020-03-17','Severe'),(5287,1,623,'2020-05-16','Moderate'),(5288,2,1107,'2020-10-28','Light'),(5289,2,140,'2020-03-29','Light'),(5290,2,659,'2020-06-13','Light'),(5291,1,1351,'2020-03-27','Severe'),(5292,1,135,'2020-12-01','Severe'),(5293,2,208,'2020-10-29','Light'),(5294,2,74,'2020-12-30','Light'),(5295,2,302,'2020-04-03','Light'),(5296,3,280,'2020-04-17','Light'),(5297,2,409,'2020-03-17','Light'),(5298,2,1513,'2020-01-25','Light'),(5299,2,558,'2020-03-05','Light'),(5300,2,981,'2020-07-27','Light'),(5301,2,998,'2020-06-25','Light'),(5302,1,1249,'2020-11-12','Moderate'),(5303,1,245,'2020-07-05','Severe'),(5304,1,411,'2020-10-21','Severe'),(5305,2,499,'2020-03-14','Light'),(5306,2,332,'2020-05-23','Moderate'),(5307,2,220,'2020-09-14','Light'),(5308,1,31,'2020-05-03','Moderate'),(5309,1,162,'2020-03-23','Severe'),(5310,2,1195,'2020-06-14','Light'),(5311,2,135,'2020-07-01','Light'),(5312,3,1063,'2020-03-18','Light'),(5313,3,1166,'2020-04-13','Light'),(5314,1,423,'2020-01-24','Severe'),(5315,2,449,'2020-07-29','Light'),(5316,1,1100,'2020-07-25','Severe'),(5317,1,106,'2020-03-10','Moderate'),(5318,2,668,'2020-04-23','Light'),(5319,2,398,'2020-02-25','Light'),(5320,2,215,'2020-12-25','Light'),(5321,2,1296,'2020-05-26','Light'),(5322,2,117,'2020-06-08','Light'),(5323,4,484,'2020-10-13','UNK'),(5324,2,649,'2020-09-01','Light'),(5325,2,445,'2020-02-19','Heavy'),(5326,2,1272,'2020-10-21','Light'),(5327,2,105,'2020-04-13','Moderate'),(5328,1,1309,'2020-08-12','Moderate'),(5329,2,1016,'2020-04-23','Light'),(5330,1,149,'2020-07-02','Moderate'),(5331,1,317,'2020-04-13','Moderate'),(5332,2,440,'2020-10-30','Light'),(5333,2,913,'2020-01-04','Light'),(5334,2,797,'2020-01-18','Light'),(5335,1,839,'2020-05-12','Severe'),(5336,2,26,'2020-03-31','Light'),(5337,5,1094,'2020-07-01','Severe'),(5338,2,241,'2020-05-13','Light'),(5339,2,207,'2020-08-25','Light'),(5340,2,1231,'2020-12-24','Moderate'),(5341,2,378,'2020-09-03','Moderate'),(5342,2,509,'2020-12-28','Moderate'),(5343,2,1497,'2020-08-28','Light'),(5344,2,818,'2020-04-12','Light'),(5345,2,242,'2020-11-29','Light'),(5346,2,832,'2020-11-11','Light'),(5347,3,1626,'2020-02-29','Light'),(5348,2,1292,'2020-01-31','Light'),(5349,2,1137,'2020-02-04','Light'),(5350,1,1301,'2020-05-13','Severe'),(5351,1,287,'2020-05-27','Severe'),(5352,2,1236,'2020-07-06','Light'),(5353,2,2,'2020-01-31','Light'),(5354,2,155,'2020-04-07','Light'),(5355,1,960,'2020-10-23','Severe'),(5356,1,1418,'2020-02-10','Moderate'),(5357,1,183,'2020-11-25','Severe'),(5358,2,631,'2020-09-17','Light'),(5359,3,523,'2020-04-21','Light'),(5360,2,1029,'2020-03-19','Light'),(5361,1,1431,'2020-03-25','Severe'),(5362,2,682,'2020-03-06','Light'),(5363,2,145,'2020-12-08','Light'),(5364,2,228,'2020-04-12','Light'),(5365,1,659,'2020-03-04','Severe'),(5366,3,1366,'2020-12-10','Light'),(5367,2,1599,'2020-10-05','Light'),(5368,2,11,'2020-03-21','Light'),(5369,3,1455,'2020-01-17','Light'),(5370,2,441,'2020-04-29','Light'),(5371,2,641,'2020-04-21','Light'),(5372,2,1175,'2020-05-15','Light'),(5373,1,234,'2020-07-14','Severe'),(5374,2,115,'2020-01-23','Light'),(5375,2,285,'2020-10-27','Light'),(5376,2,275,'2020-09-23','Light'),(5377,2,110,'2020-02-13','Light'),(5378,2,584,'2020-02-29','Light'),(5379,1,1271,'2020-04-05','Severe'),(5380,2,1023,'2020-07-07','Light'),(5381,1,293,'2020-06-11','Severe'),(5382,3,540,'2020-03-26','Light'),(5383,2,205,'2020-12-12','Light'),(5384,2,901,'2020-04-07','Light'),(5385,1,1627,'2020-01-20','Severe'),(5386,3,358,'2020-03-24','Light'),(5387,1,234,'2020-02-11','Severe'),(5388,2,391,'2020-05-17','Light'),(5389,3,200,'2020-11-24','Light'),(5390,2,945,'2020-07-30','Light'),(5391,2,773,'2020-11-10','Light'),(5392,1,344,'2020-08-17','Severe'),(5393,1,112,'2020-06-04','Severe'),(5394,2,888,'2020-03-06','Light'),(5395,2,363,'2020-01-11','Light'),(5396,1,255,'2020-09-01','Moderate'),(5397,3,594,'2020-10-20','Light'),(5398,3,1456,'2020-03-17','Light'),(5399,2,824,'2020-08-26','Light'),(5400,2,405,'2020-01-18','Light'),(5401,2,76,'2020-06-04','Light'),(5402,2,248,'2020-08-10','Light'),(5403,3,1146,'2020-03-01','Light'),(5404,2,408,'2020-09-10','Light'),(5405,4,1628,'2020-03-29','UNK'),(5406,2,1517,'2020-09-09','Light'),(5407,1,429,'2020-05-14','Severe'),(5408,3,1494,'2020-02-07','Light'),(5409,3,534,'2020-01-26','Light'),(5410,2,66,'2020-11-11','Heavy'),(5411,2,896,'2020-02-24','Light'),(5412,3,1531,'2020-10-25','Light'),(5413,1,1346,'2020-01-26','Severe'),(5414,3,508,'2020-03-14','Light'),(5415,2,1164,'2020-06-16','Light'),(5416,1,3,'2020-11-10','Severe'),(5417,1,147,'2020-11-12','Severe'),(5418,2,1579,'2020-01-13','Light'),(5419,1,303,'2020-02-17','Severe'),(5420,1,331,'2020-01-31','Severe'),(5421,1,688,'2020-10-28','Severe'),(5422,2,26,'2020-06-08','Light'),(5423,2,1194,'2020-07-17','Light'),(5424,1,209,'2020-12-11','Severe'),(5425,2,1332,'2020-01-01','Light'),(5426,2,884,'2020-12-01','Light'),(5427,3,387,'2020-01-27','Light'),(5428,2,355,'2020-02-10','Heavy'),(5429,2,593,'2020-09-18','Moderate'),(5430,1,1629,'2020-03-26','Severe'),(5431,2,502,'2020-12-20','Light'),(5432,2,1018,'2020-07-17','Moderate'),(5433,2,416,'2020-09-10','Light'),(5434,1,120,'2020-03-06','Severe'),(5435,3,249,'2020-12-16','Heavy'),(5436,3,1601,'2020-11-13','Light'),(5437,3,697,'2020-12-22','Light'),(5438,1,1290,'2020-07-02','Severe'),(5439,2,215,'2020-04-01','Light'),(5440,2,492,'2020-09-30','Light'),(5441,2,1532,'2020-04-02','Light'),(5442,4,182,'2020-04-02','UNK'),(5443,2,49,'2020-08-15','Light'),(5444,2,969,'2020-01-11','Light'),(5445,2,88,'2020-03-06','Light'),(5446,4,1540,'2020-06-23','UNK'),(5447,2,818,'2020-02-19','Light'),(5448,2,713,'2020-01-17','Light'),(5449,1,299,'2020-01-14','Severe'),(5450,2,925,'2020-11-12','Moderate'),(5451,2,1630,'2020-03-15','Moderate'),(5452,2,151,'2020-01-06','Light'),(5453,2,1210,'2020-07-29','Light'),(5454,2,528,'2020-08-31','Light'),(5455,1,1631,'2020-02-07','Severe'),(5456,2,1018,'2020-01-12','Light'),(5457,1,1193,'2020-10-26','Severe'),(5458,2,408,'2020-08-04','Light'),(5459,3,1263,'2020-01-22','Light'),(5460,2,1056,'2020-07-22','Light'),(5461,1,724,'2020-06-30','Moderate'),(5462,3,556,'2020-03-20','Light'),(5463,4,1107,'2020-07-10','UNK'),(5464,5,392,'2020-11-18','Severe'),(5465,1,731,'2020-08-24','Severe'),(5466,1,1380,'2020-09-11','Severe'),(5467,2,1613,'2020-01-22','Light'),(5468,2,221,'2020-12-24','Light'),(5469,2,469,'2020-05-31','Light'),(5470,3,1195,'2020-02-09','Heavy'),(5471,2,1587,'2020-04-29','Light'),(5472,2,1632,'2020-07-16','Moderate'),(5473,2,26,'2020-09-12','Light'),(5474,2,1534,'2020-09-03','Moderate'),(5475,2,26,'2020-01-02','Light'),(5476,3,824,'2020-01-17','Light'),(5477,1,23,'2020-02-09','Moderate'),(5478,2,1633,'2020-11-24','Light'),(5479,2,1293,'2020-07-08','Light'),(5480,2,1081,'2020-09-24','Light'),(5481,5,670,'2020-11-09','Severe'),(5482,1,1634,'2020-01-14','Severe'),(5483,1,1579,'2020-08-21','Severe'),(5484,2,1635,'2020-07-06','Light'),(5485,3,308,'2020-12-29','Light'),(5486,2,69,'2020-03-18','Light'),(5487,2,287,'2020-02-06','Light'),(5488,1,538,'2020-10-22','Severe'),(5489,2,311,'2020-11-23','Light'),(5490,1,1534,'2020-10-27','Severe'),(5491,1,201,'2020-01-15','Severe'),(5492,3,525,'2020-02-17','Light'),(5493,2,12,'2020-12-30','Light'),(5494,1,162,'2020-05-31','Severe'),(5495,1,1629,'2020-02-13','Severe'),(5496,3,1173,'2020-02-28','Light'),(5497,5,246,'2020-07-09','Severe'),(5498,3,636,'2020-12-17','Moderate'),(5499,2,706,'2020-11-25','Light'),(5500,3,1637,'2020-02-25','Light'),(5501,1,542,'2020-10-04','Moderate'),(5502,1,398,'2020-03-15','Severe'),(5503,1,1104,'2020-01-25','Severe'),(5504,2,579,'2020-12-28','Moderate'),(5505,1,4,'2020-10-07','Severe'),(5506,2,242,'2020-08-27','Light'),(5507,2,1427,'2020-05-28','Light'),(5508,2,463,'2020-08-30','Light'),(5509,2,94,'2020-12-04','Light'),(5510,2,219,'2020-05-19','Light'),(5511,1,985,'2020-09-26','Severe'),(5512,6,234,'2020-12-24','Severe'),(5513,2,1638,'2020-11-30','Light'),(5514,2,384,'2020-03-22','Moderate'),(5515,2,763,'2020-03-16','Light'),(5516,2,1639,'2020-01-28','Light'),(5517,2,373,'2020-01-25','Light'),(5518,4,934,'2020-12-31','UNK'),(5519,2,935,'2020-04-26','Light'),(5520,2,198,'2020-03-14','Light'),(5521,1,1446,'2020-01-15','Severe'),(5522,1,950,'2020-12-20','Severe'),(5523,1,504,'2020-12-25','Moderate'),(5524,2,716,'2020-04-20','Light'),(5525,1,860,'2020-12-04','Severe'),(5526,2,474,'2020-07-19','Light'),(5527,1,460,'2020-09-23','Moderate'),(5528,2,485,'2020-10-26','Light'),(5529,2,338,'2020-02-04','Light'),(5530,1,213,'2020-02-28','Severe'),(5531,2,1081,'2020-10-28','Light'),(5532,2,1059,'2020-09-29','Light'),(5533,1,1322,'2020-08-02','Severe'),(5534,2,421,'2020-03-29','Light'),(5535,4,796,'2020-06-03','UNK'),(5536,2,117,'2020-02-06','Light'),(5537,3,918,'2020-10-21','Light'),(5538,1,2,'2020-11-28','Severe'),(5539,2,77,'2020-12-24','Moderate'),(5540,1,1640,'2020-03-22','Severe'),(5541,1,178,'2020-01-14','Severe'),(5542,2,481,'2020-08-18','Light'),(5543,2,743,'2020-03-20','Light'),(5544,2,130,'2020-09-09','Light'),(5545,1,661,'2020-04-06','Severe'),(5546,1,952,'2020-02-29','Moderate'),(5547,2,442,'2020-10-29','Light'),(5548,1,1143,'2020-10-22','Severe'),(5549,1,232,'2020-05-01','Severe'),(5550,3,575,'2020-01-03','Light'),(5551,1,210,'2020-02-24','Severe'),(5552,2,282,'2020-05-27','Moderate'),(5553,2,325,'2020-09-07','Light'),(5554,2,797,'2020-10-27','Light'),(5555,3,746,'2020-02-13','Light'),(5556,3,284,'2020-01-21','Light'),(5557,5,938,'2020-04-07','Severe'),(5558,2,1208,'2020-03-27','Light'),(5559,1,563,'2020-01-16','Severe'),(5560,2,839,'2020-08-10','Light'),(5561,1,1537,'2020-01-12','Severe'),(5562,2,721,'2020-12-01','Light'),(5563,2,969,'2020-08-14','Moderate'),(5564,2,1543,'2020-09-22','Light'),(5565,4,49,'2020-06-29','UNK'),(5566,3,492,'2020-12-17','Moderate'),(5567,2,3,'2020-08-17','Moderate'),(5568,2,209,'2020-03-28','Light'),(5569,1,582,'2020-08-25','Severe'),(5570,2,752,'2020-06-19','Light'),(5571,2,577,'2020-01-03','Light'),(5572,1,1367,'2020-10-28','Severe'),(5573,2,335,'2020-05-18','Moderate'),(5574,1,1361,'2020-11-22','Severe'),(5575,2,24,'2020-04-13','Moderate'),(5576,2,1013,'2020-12-24','Heavy'),(5577,1,1197,'2020-06-05','Severe'),(5578,1,1366,'2020-09-07','Severe'),(5579,2,386,'2020-05-06','Light'),(5580,3,545,'2020-02-27','Moderate'),(5581,1,437,'2020-12-20','Moderate'),(5582,3,1422,'2020-01-19','Light'),(5583,2,414,'2020-10-11','Light'),(5584,2,935,'2020-02-05','Light'),(5585,1,6,'2020-10-26','Severe'),(5586,3,231,'2020-03-06','Light'),(5587,3,213,'2020-10-25','Heavy'),(5588,2,253,'2020-05-27','Heavy'),(5589,2,568,'2020-11-24','Light'),(5590,2,117,'2020-04-29','Light'),(5591,1,662,'2020-07-17','Severe'),(5592,2,58,'2020-07-08','Moderate'),(5593,2,928,'2020-01-26','Light'),(5594,2,548,'2020-06-07','Light'),(5595,3,411,'2020-02-12','Light'),(5596,2,763,'2020-04-22','Light'),(5597,1,833,'2020-05-20','Severe'),(5598,1,97,'2020-04-05','Moderate'),(5599,1,1327,'2020-05-23','Moderate'),(5600,2,438,'2020-10-18','Light'),(5601,3,852,'2020-03-24','Moderate'),(5602,3,213,'2020-01-17','Light'),(5603,5,62,'2020-02-26','Severe'),(5604,2,283,'2020-07-18','Light'),(5605,1,311,'2020-07-07','Severe'),(5606,2,488,'2020-05-19','Light'),(5607,2,44,'2020-02-06','Heavy'),(5608,2,371,'2020-03-03','Light'),(5609,2,504,'2020-01-16','Light'),(5610,2,199,'2020-05-17','Moderate'),(5611,1,1286,'2020-08-21','Severe'),(5612,6,1205,'2020-11-30','Severe'),(5613,1,1054,'2020-06-27','Severe'),(5614,5,1242,'2020-02-14','Severe'),(5615,1,109,'2020-05-14','Severe'),(5616,2,109,'2020-10-11','Light'),(5617,2,171,'2020-12-21','Light'),(5618,3,839,'2020-03-21','Light'),(5619,1,631,'2020-11-26','Severe'),(5620,1,655,'2020-01-26','Severe'),(5621,1,213,'2020-01-29','Severe'),(5622,3,310,'2020-04-14','Light'),(5623,2,140,'2020-11-26','Light'),(5624,2,1428,'2020-07-04','Light'),(5625,2,159,'2020-07-31','Light'),(5626,1,1541,'2020-05-16','Severe'),(5627,2,1263,'2020-03-18','Light'),(5628,1,578,'2020-10-23','Severe'),(5629,2,1424,'2020-06-08','Moderate'),(5630,3,525,'2020-12-11','Light'),(5631,1,112,'2020-08-20','Severe'),(5632,2,54,'2020-06-03','Light'),(5633,1,1641,'2020-07-29','Severe'),(5634,2,256,'2020-02-01','Light'),(5635,1,237,'2020-06-27','Moderate'),(5636,1,419,'2020-11-05','Severe'),(5637,1,529,'2020-11-05','Severe'),(5638,1,85,'2020-07-05','Severe'),(5639,2,1642,'2020-12-31','Moderate'),(5640,1,1244,'2020-12-20','Severe'),(5641,1,585,'2020-10-03','Severe'),(5642,2,1486,'2020-08-27','Light'),(5643,1,336,'2020-05-17','Moderate'),(5644,2,299,'2020-04-23','Light'),(5645,1,370,'2020-10-24','Severe'),(5646,1,1293,'2020-10-23','Severe'),(5647,2,958,'2020-01-03','Light'),(5648,2,1643,'2020-03-20','Light'),(5649,1,317,'2020-03-23','Moderate'),(5650,3,251,'2020-12-25','Light'),(5651,2,298,'2020-10-17','Light'),(5652,2,358,'2020-06-18','Light'),(5653,1,1296,'2020-02-14','Severe'),(5654,3,52,'2020-01-19','Light'),(5655,2,929,'2020-04-12','Light'),(5656,2,1278,'2020-03-15','Light'),(5657,1,1028,'2020-03-27','Severe'),(5658,2,1157,'2020-05-28','Moderate'),(5659,2,331,'2020-02-16','Light'),(5660,3,1644,'2020-01-17','Light'),(5661,3,651,'2020-12-14','Light'),(5662,5,1243,'2020-06-13','Severe'),(5663,2,803,'2020-06-02','Light'),(5664,3,102,'2020-01-21','Light'),(5665,5,1645,'2020-02-15','Severe'),(5666,2,1437,'2020-02-18','Moderate'),(5667,2,1538,'2020-03-25','Heavy'),(5668,2,752,'2020-11-24','Light'),(5669,1,1092,'2020-03-08','Severe'),(5670,5,281,'2020-03-05','Severe'),(5671,2,1573,'2020-03-28','Light'),(5672,3,650,'2020-02-12','Heavy'),(5673,2,67,'2020-10-31','Light'),(5674,2,1351,'2020-11-15','Light'),(5675,2,1103,'2020-02-24','Light'),(5676,1,410,'2020-10-02','Severe'),(5677,1,382,'2020-11-01','Moderate'),(5678,2,488,'2020-10-25','Light'),(5679,2,1406,'2020-06-01','Light'),(5680,2,268,'2020-01-28','Light'),(5681,1,613,'2020-02-17','Severe'),(5682,2,1013,'2020-02-05','Heavy'),(5683,2,283,'2020-07-26','Light'),(5684,2,245,'2020-11-29','Light'),(5685,2,1073,'2020-11-25','Light'),(5686,1,952,'2020-09-01','Moderate'),(5687,2,213,'2020-04-29','Light'),(5688,2,688,'2020-02-24','Moderate'),(5689,3,1646,'2020-02-07','Light'),(5690,2,245,'2020-07-01','Light'),(5691,1,591,'2020-01-01','Severe'),(5692,2,748,'2020-09-24','Light'),(5693,3,1647,'2020-12-17','Light'),(5694,2,761,'2020-04-20','Light'),(5695,2,992,'2020-06-01','Light'),(5696,1,271,'2020-02-12','Severe'),(5697,3,949,'2020-12-29','Light'),(5698,1,611,'2020-10-15','Severe'),(5699,2,212,'2020-05-17','Moderate'),(5700,3,520,'2020-02-28','Light'),(5701,3,324,'2020-01-28','Light'),(5702,6,508,'2020-11-29','Severe'),(5703,2,454,'2020-02-10','Light'),(5704,2,1419,'2020-08-17','Light'),(5705,2,998,'2020-09-29','Light'),(5706,2,1648,'2020-05-26','Light'),(5707,1,1316,'2020-12-21','Severe'),(5708,2,521,'2020-05-24','Light'),(5709,2,688,'2020-01-18','Moderate'),(5710,2,166,'2020-06-07','Light'),(5711,2,1408,'2020-05-08','Light'),(5712,3,332,'2020-02-13','Heavy'),(5713,2,1404,'2020-02-09','Light'),(5714,1,1573,'2020-08-01','Severe'),(5715,3,1232,'2020-01-20','Light'),(5716,1,437,'2020-03-23','Moderate'),(5717,2,178,'2020-05-17','Heavy'),(5718,1,101,'2020-09-08','Moderate'),(5719,1,140,'2020-11-06','Severe'),(5720,2,2,'2020-08-22','Light'),(5721,2,380,'2020-02-26','Light'),(5722,2,1055,'2020-06-11','Light'),(5723,2,1211,'2020-04-08','Moderate'),(5724,3,255,'2020-12-12','Light'),(5725,2,1381,'2020-04-22','Light'),(5726,2,142,'2020-02-10','Light'),(5727,2,1605,'2020-10-20','Light'),(5728,2,571,'2020-11-01','Light'),(5729,3,973,'2020-04-17','Light'),(5730,2,482,'2020-04-20','Moderate'),(5731,2,1649,'2020-02-05','Light'),(5732,1,1033,'2020-08-24','Severe'),(5733,2,2,'2020-06-11','Light'),(5734,3,1452,'2020-03-04','Light'),(5735,2,233,'2020-07-04','Light'),(5736,1,601,'2020-05-11','Moderate'),(5737,3,1627,'2020-03-22','Light'),(5738,2,143,'2020-05-03','Light'),(5739,1,381,'2020-01-01','Moderate'),(5740,2,23,'2020-07-20','Light'),(5741,1,413,'2020-10-14','Moderate'),(5742,3,773,'2020-11-13','Light'),(5743,2,1198,'2020-11-22','Light'),(5744,2,126,'2020-07-23','Light'),(5745,2,295,'2020-05-23','Light'),(5746,2,1110,'2020-11-09','Light'),(5747,1,92,'2020-07-09','Severe'),(5748,2,732,'2020-08-25','Light'),(5749,1,1467,'2020-11-14','Severe'),(5750,2,137,'2020-02-10','Light'),(5751,3,686,'2020-01-23','Light'),(5752,2,304,'2020-09-17','Light'),(5753,1,1506,'2020-01-04','Severe'),(5754,3,1277,'2020-04-15','Light'),(5755,2,190,'2020-08-01','Light'),(5756,7,1650,'2020-05-20','Other'),(5757,1,1137,'2020-01-28','Severe'),(5758,2,176,'2020-03-27','Light'),(5759,2,1031,'2020-08-04','Light'),(5760,3,132,'2020-11-25','Light'),(5761,2,109,'2020-04-12','Light'),(5762,4,457,'2020-08-10','UNK'),(5763,1,837,'2020-01-24','Severe'),(5764,1,243,'2020-12-21','Severe'),(5765,2,213,'2020-02-23','Light'),(5766,2,705,'2020-05-24','Light'),(5767,2,209,'2020-04-03','Light'),(5768,1,390,'2020-06-21','Severe'),(5769,1,1624,'2020-11-21','Severe'),(5770,2,234,'2020-08-30','Light'),(5771,2,1174,'2020-11-29','Light'),(5772,1,1518,'2020-10-25','Moderate'),(5773,2,602,'2020-06-11','Light'),(5774,2,1579,'2020-10-11','Light'),(5775,2,76,'2020-12-05','Light'),(5776,1,209,'2020-05-14','Severe'),(5777,2,1480,'2020-05-23','Light'),(5778,5,1049,'2020-11-14','Severe'),(5779,1,742,'2020-06-25','Moderate'),(5780,2,534,'2020-01-31','Light'),(5781,2,1170,'2020-02-26','Light'),(5782,2,166,'2020-04-02','Light'),(5783,2,417,'2020-11-11','Light'),(5784,2,1438,'2020-11-25','Heavy'),(5785,2,1651,'2020-12-31','Moderate'),(5786,2,1610,'2020-10-19','Moderate'),(5787,1,1040,'2020-11-28','Severe'),(5788,2,1652,'2020-06-09','Light'),(5789,1,1113,'2020-01-04','Severe'),(5790,2,969,'2020-11-11','Light'),(5791,3,286,'2020-01-29','Light'),(5792,4,1057,'2020-04-12','UNK'),(5793,1,239,'2020-07-30','Severe'),(5794,2,986,'2020-08-05','Light'),(5795,2,1564,'2020-04-17','Light'),(5796,3,46,'2020-01-02','Light'),(5797,2,279,'2020-10-28','Light'),(5798,2,192,'2020-09-25','Light'),(5799,2,1324,'2020-02-17','Light'),(5800,1,402,'2020-04-08','Moderate'),(5801,2,639,'2020-03-31','Light'),(5802,1,601,'2020-08-21','Severe'),(5803,2,629,'2020-04-18','Light'),(5804,3,1376,'2020-03-17','Light'),(5805,2,1013,'2020-03-10','Light'),(5806,2,23,'2020-06-28','Light'),(5807,3,605,'2020-12-03','Light'),(5808,2,23,'2020-02-27','Moderate'),(5809,3,183,'2020-02-25','Light'),(5810,5,1296,'2020-09-09','Severe'),(5811,1,724,'2020-01-13','Moderate'),(5812,2,1087,'2020-02-24','Light'),(5813,1,597,'2020-09-03','Severe'),(5814,2,752,'2020-04-29','Light'),(5815,4,651,'2020-07-21','UNK'),(5816,1,138,'2020-10-11','Severe'),(5817,2,1058,'2020-03-27','Light'),(5818,2,933,'2020-02-24','Light'),(5819,2,1019,'2020-03-10','Moderate'),(5820,2,125,'2020-03-19','Light'),(5821,3,932,'2020-02-13','Light'),(5822,1,1292,'2020-08-09','Moderate'),(5823,2,1635,'2020-05-17','Light'),(5824,3,105,'2020-02-08','Light'),(5825,2,250,'2020-12-07','Light'),(5826,2,445,'2020-05-25','Light'),(5827,2,163,'2020-05-16','Light'),(5828,2,444,'2020-06-09','Moderate'),(5829,3,98,'2020-11-13','Moderate'),(5830,2,983,'2020-05-25','Light'),(5831,1,106,'2020-09-28','Moderate'),(5832,1,1247,'2020-03-18','Severe'),(5833,1,546,'2020-02-12','Severe'),(5834,2,577,'2020-01-24','Light'),(5835,2,520,'2020-02-01','Light'),(5836,3,1380,'2020-02-08','Moderate'),(5837,1,384,'2020-01-01','Severe'),(5838,2,1185,'2020-03-24','Light'),(5839,2,319,'2020-07-30','Heavy'),(5840,3,60,'2020-12-08','Light'),(5841,3,224,'2020-12-23','Light'),(5842,2,115,'2020-03-23','Moderate'),(5843,2,926,'2020-03-19','Light'),(5844,1,953,'2020-07-05','Severe'),(5845,2,187,'2020-02-04','Light'),(5846,3,607,'2020-02-07','Light'),(5847,2,271,'2020-12-16','Light'),(5848,2,786,'2020-01-15','Light'),(5849,2,879,'2020-04-17','Light'),(5850,2,195,'2020-11-29','Light'),(5851,2,309,'2020-11-12','Moderate'),(5852,1,97,'2020-10-02','Severe'),(5853,2,160,'2020-08-06','Light'),(5854,2,507,'2020-02-01','Light'),(5855,3,1062,'2020-12-12','Light'),(5856,2,396,'2020-08-31','Light'),(5857,3,1060,'2020-12-12','Moderate'),(5858,2,26,'2020-04-23','Light'),(5859,2,1047,'2020-05-18','Light'),(5860,2,625,'2020-12-31','Light'),(5861,1,143,'2020-02-18','Severe'),(5862,1,1369,'2020-12-30','Severe'),(5863,2,194,'2020-03-12','Moderate'),(5864,1,951,'2020-02-08','Severe'),(5865,1,1369,'2020-10-08','Moderate'),(5866,1,530,'2020-06-19','Severe'),(5867,2,585,'2020-11-05','Light'),(5868,3,1497,'2020-12-25','Light'),(5869,2,213,'2020-04-24','Light'),(5870,2,398,'2020-09-27','Moderate'),(5871,2,323,'2020-03-24','Light'),(5872,2,276,'2020-02-20','Light'),(5873,2,246,'2020-07-17','Light'),(5874,2,406,'2020-10-27','Light'),(5875,2,566,'2020-12-20','Moderate'),(5876,2,1242,'2020-05-26','Light'),(5877,2,1395,'2020-07-20','Light'),(5878,2,9,'2020-09-19','Moderate'),(5879,2,543,'2020-11-30','Moderate'),(5880,1,18,'2020-11-21','Severe'),(5881,1,337,'2020-09-25','Severe'),(5882,2,548,'2020-12-08','Light'),(5883,4,256,'2020-06-04','UNK'),(5884,2,984,'2020-02-07','Light'),(5885,2,403,'2020-06-26','Light'),(5886,2,1080,'2020-04-20','Moderate'),(5887,2,1413,'2020-08-28','Light'),(5888,2,901,'2020-01-31','Light'),(5889,2,1211,'2020-05-16','Moderate'),(5890,2,1653,'2020-05-19','Light'),(5891,2,1654,'2020-05-19','Light'),(5892,3,697,'2020-11-10','Light'),(5893,2,1547,'2020-01-02','Light'),(5894,2,712,'2020-03-18','Light'),(5895,2,1173,'2020-02-01','Light'),(5896,1,336,'2020-03-29','Severe'),(5897,2,603,'2020-05-06','Light'),(5898,2,668,'2020-08-29','Light'),(5899,4,468,'2020-06-25','UNK'),(5900,2,1655,'2020-03-23','Light'),(5901,2,29,'2020-06-22','Light'),(5902,1,1442,'2020-08-08','Severe'),(5903,2,11,'2020-11-30','Light'),(5904,2,804,'2020-03-23','Light'),(5905,2,890,'2020-05-25','Moderate'),(5906,6,1483,'2020-12-23','Severe'),(5907,2,1503,'2020-05-31','Light'),(5908,2,782,'2020-08-24','Light'),(5909,2,321,'2020-01-03','Light'),(5910,2,878,'2020-05-02','Light'),(5911,2,1044,'2020-11-23','Moderate'),(5912,1,748,'2020-03-09','Severe'),(5913,2,614,'2020-10-15','Light'),(5914,2,410,'2020-01-31','Light'),(5915,2,1137,'2020-06-27','Light'),(5916,2,260,'2020-09-03','Moderate'),(5917,2,389,'2020-11-30','Moderate'),(5918,2,151,'2020-06-22','Light'),(5919,2,154,'2020-12-02','Light'),(5920,2,1184,'2020-09-08','Light'),(5921,2,705,'2020-09-29','Light'),(5922,2,447,'2020-06-25','Light'),(5923,3,1656,'2020-03-18','Light'),(5924,1,1445,'2020-11-16','Severe'),(5925,4,117,'2020-06-09','UNK'),(5926,2,908,'2020-08-08','Light'),(5927,2,27,'2020-03-17','Light'),(5928,1,878,'2020-10-04','Moderate'),(5929,2,661,'2020-10-12','Light'),(5930,2,257,'2020-11-30','Light'),(5931,2,763,'2020-08-01','Light'),(5932,2,1264,'2020-07-06','Light'),(5933,2,958,'2020-06-12','Light'),(5934,2,1369,'2020-03-25','Light'),(5935,3,1573,'2020-10-22','Heavy'),(5936,2,455,'2020-06-30','Moderate'),(5937,2,327,'2020-03-04','Light'),(5938,3,879,'2020-01-23','Light'),(5939,1,1591,'2020-01-13','Severe'),(5940,2,488,'2020-02-11','Light'),(5941,1,828,'2020-11-12','Severe'),(5942,1,205,'2020-01-26','Severe'),(5943,2,139,'2020-11-11','Heavy'),(5944,2,14,'2020-06-09','Light'),(5945,2,368,'2020-07-01','Light'),(5946,2,591,'2020-06-23','Heavy'),(5947,3,732,'2020-11-26','Light'),(5948,2,132,'2020-08-05','Light'),(5949,2,77,'2020-02-20','Light'),(5950,2,1409,'2020-08-01','Heavy'),(5951,2,1431,'2020-08-22','Light'),(5952,3,46,'2020-11-27','Light'),(5953,1,5,'2020-04-02','Moderate'),(5954,2,106,'2020-03-20','Light'),(5955,1,1495,'2020-12-06','Moderate'),(5956,2,1453,'2020-01-25','Light'),(5957,2,149,'2020-03-10','Light'),(5958,2,578,'2020-10-27','Light'),(5959,1,1011,'2020-02-13','Severe'),(5960,1,441,'2020-05-02','Moderate'),(5961,1,1104,'2020-03-13','Moderate'),(5962,2,528,'2020-08-13','Heavy'),(5963,3,239,'2020-02-20','Light'),(5964,2,323,'2020-11-23','Light'),(5965,2,618,'2020-08-01','Light'),(5966,4,1416,'2020-04-29','UNK'),(5967,2,822,'2020-07-24','Light'),(5968,2,90,'2020-11-12','Light'),(5969,3,396,'2020-04-14','Light'),(5970,2,1239,'2020-01-03','Light'),(5971,1,1125,'2020-01-08','Severe'),(5972,2,311,'2020-02-19','Light'),(5973,2,256,'2020-10-22','Moderate'),(5974,2,937,'2020-05-07','Light'),(5975,1,95,'2020-11-21','Severe'),(5976,1,1442,'2020-08-04','Severe'),(5977,3,1203,'2020-11-26','Light'),(5978,1,485,'2020-02-06','Severe'),(5979,5,1524,'2020-06-12','Severe'),(5980,2,392,'2020-06-16','Light'),(5981,1,1363,'2020-10-20','Severe'),(5982,3,114,'2020-12-23','Light'),(5983,3,1401,'2020-01-11','Light'),(5984,3,1167,'2020-02-18','Light'),(5985,3,1101,'2020-10-24','Light'),(5986,2,693,'2020-07-08','Light'),(5987,1,681,'2020-03-21','Severe'),(5988,4,16,'2020-10-12','UNK'),(5989,2,685,'2020-06-29','Light'),(5990,1,176,'2020-12-12','Moderate'),(5991,1,915,'2020-10-08','Severe'),(5992,2,147,'2020-09-08','Light'),(5993,2,628,'2020-02-25','Light'),(5994,1,1403,'2020-01-17','Severe'),(5995,2,1657,'2020-02-19','Light'),(5996,2,1615,'2020-07-25','Light'),(5997,2,596,'2020-04-14','Light'),(5998,2,1168,'2020-03-12','Light'),(5999,2,1451,'2020-06-10','Light'),(6000,2,456,'2020-02-13','Moderate'),(6001,2,104,'2020-06-23','Light'),(6002,1,299,'2020-08-12','Moderate'),(6003,6,224,'2020-10-31','Severe'),(6004,1,1357,'2020-01-24','Severe'),(6005,3,1236,'2020-02-10','Light'),(6006,1,1164,'2020-12-12','Severe'),(6007,3,283,'2020-02-09','Light'),(6008,1,60,'2020-11-09','Severe'),(6009,2,604,'2020-05-27','Moderate'),(6010,2,456,'2020-06-18','Light'),(6011,2,383,'2020-10-29','Light'),(6012,2,1305,'2020-02-06','Moderate'),(6013,2,63,'2020-10-11','Moderate'),(6014,2,1058,'2020-09-29','Light'),(6015,3,411,'2020-01-28','Light'),(6016,3,3,'2020-02-26','Light'),(6017,1,912,'2020-09-12','Moderate'),(6018,1,659,'2020-12-11','Severe'),(6019,1,1036,'2020-08-26','Severe'),(6020,2,205,'2020-03-04','Light'),(6021,1,36,'2020-10-09','Moderate'),(6022,2,803,'2020-10-04','Light'),(6023,2,1658,'2020-01-29','Light'),(6024,1,577,'2020-01-28','Severe'),(6025,2,1338,'2020-04-21','Moderate'),(6026,2,159,'2020-03-15','Light'),(6027,1,773,'2020-06-02','Moderate'),(6028,2,1377,'2020-02-01','Light'),(6029,1,930,'2020-07-23','Severe'),(6030,2,1288,'2020-05-02','Moderate'),(6031,2,237,'2020-02-25','Light'),(6032,1,407,'2020-08-23','Severe'),(6033,2,809,'2020-03-05','Light'),(6034,2,1402,'2020-10-28','Light'),(6035,2,2,'2020-05-19','Light'),(6036,2,826,'2020-06-06','Light'),(6037,3,163,'2020-02-28','Light'),(6038,1,1528,'2020-02-11','Severe'),(6039,2,1361,'2020-09-06','Moderate'),(6040,2,337,'2020-05-29','Light'),(6041,2,163,'2020-05-01','Light'),(6042,2,534,'2020-04-22','Light'),(6043,2,1555,'2020-08-15','Light'),(6044,2,1265,'2020-02-01','Light'),(6045,2,603,'2020-02-11','Moderate'),(6046,2,112,'2020-08-24','Light'),(6047,2,1042,'2020-01-24','Light'),(6048,2,1171,'2020-08-08','Light'),(6049,3,1619,'2020-12-26','Light'),(6050,1,231,'2020-12-10','Moderate'),(6051,1,206,'2020-01-13','Severe'),(6052,2,1080,'2020-02-06','Moderate'),(6053,4,1258,'2020-08-25','UNK'),(6054,5,1476,'2020-12-05','Severe'),(6055,2,32,'2020-03-22','Light'),(6056,1,548,'2020-05-26','Severe'),(6057,2,3,'2020-04-12','Light'),(6058,4,786,'2020-02-11','UNK'),(6059,2,1470,'2020-06-12','Light'),(6060,2,888,'2020-11-26','Light'),(6061,1,1660,'2020-06-18','Severe'),(6062,2,1419,'2020-05-16','Light'),(6063,2,1316,'2020-02-06','Light'),(6064,1,329,'2020-01-28','Moderate'),(6065,2,694,'2020-09-02','Light'),(6066,4,676,'2020-06-04','UNK'),(6067,2,1615,'2020-11-12','Moderate'),(6068,2,1361,'2020-09-10','Light'),(6069,4,706,'2020-06-23','UNK'),(6070,2,507,'2020-05-25','Moderate'),(6071,2,829,'2020-06-18','Light'),(6072,2,292,'2020-08-13','Light'),(6073,2,868,'2020-02-24','Light'),(6074,2,1184,'2020-10-21','Moderate'),(6075,2,5,'2020-11-26','Light'),(6076,2,758,'2020-11-23','Light'),(6077,1,1430,'2020-01-14','Severe'),(6078,3,131,'2020-03-13','Light'),(6079,1,1613,'2020-05-19','Severe'),(6080,3,1637,'2020-02-07','Light'),(6081,2,830,'2020-10-18','Light'),(6082,5,1661,'2020-08-14','Severe'),(6083,2,332,'2020-10-18','Light'),(6084,4,32,'2020-05-16','UNK'),(6085,2,333,'2020-04-27','Light'),(6086,1,91,'2020-10-14','Severe'),(6087,2,102,'2020-03-24','Light'),(6088,2,419,'2020-01-15','Light'),(6089,2,1547,'2020-03-17','Light'),(6090,2,655,'2020-12-02','Light'),(6091,2,1291,'2020-12-31','Light'),(6092,2,776,'2020-04-10','Light'),(6093,2,1185,'2020-01-23','Light'),(6094,2,749,'2020-05-19','Light'),(6095,2,1109,'2020-02-11','Heavy'),(6096,2,556,'2020-09-09','Light'),(6097,2,866,'2020-12-05','Moderate'),(6098,2,693,'2020-01-11','Light'),(6099,2,1532,'2020-05-01','Light'),(6100,3,231,'2020-04-16','Light'),(6101,2,398,'2020-09-16','Light'),(6102,2,295,'2020-11-01','Moderate'),(6103,5,440,'2020-03-01','Severe'),(6104,1,842,'2020-10-09','Severe'),(6105,2,59,'2020-03-28','Light'),(6106,4,290,'2020-03-29','UNK'),(6107,2,464,'2020-06-13','Light'),(6108,2,275,'2020-07-21','Light'),(6109,1,520,'2020-10-22','Severe'),(6110,5,1202,'2020-04-05','Severe'),(6111,2,622,'2020-01-04','Light'),(6112,3,618,'2020-01-12','Light'),(6113,3,147,'2020-02-25','Light'),(6114,1,807,'2020-02-26','Severe'),(6115,1,353,'2020-03-24','Severe'),(6116,2,503,'2020-02-06','Light'),(6117,2,242,'2020-07-22','Light'),(6118,2,1664,'2020-11-29','Light'),(6119,5,263,'2020-09-07','Severe'),(6120,1,953,'2020-04-06','Severe'),(6121,2,563,'2020-12-15','Light'),(6122,2,840,'2020-03-17','Light'),(6123,1,432,'2020-09-28','Severe'),(6124,2,364,'2020-04-25','Light'),(6125,2,1085,'2020-04-12','Light'),(6126,2,593,'2020-04-01','Light'),(6127,2,355,'2020-08-25','Light'),(6128,1,372,'2020-03-03','Severe'),(6129,2,3,'2020-12-19','Light'),(6130,2,306,'2020-02-20','Light'),(6131,3,1581,'2020-02-27','Light'),(6132,3,329,'2020-11-30','Moderate'),(6133,2,1210,'2020-08-13','Light'),(6134,2,1381,'2020-05-27','Light'),(6135,2,625,'2020-06-16','Light'),(6136,2,1017,'2020-09-10','Light'),(6137,3,80,'2020-04-18','Moderate'),(6138,2,26,'2020-01-11','Light'),(6139,1,143,'2020-07-18','Moderate'),(6140,3,685,'2020-04-03','Light'),(6141,1,284,'2020-08-25','Severe'),(6142,1,1588,'2020-12-02','Moderate'),(6143,2,582,'2020-02-12','Light'),(6144,2,331,'2020-01-22','Light'),(6145,3,405,'2020-11-16','Light'),(6146,1,1660,'2020-04-12','Severe'),(6147,2,1256,'2020-07-09','Moderate'),(6148,1,1535,'2020-01-14','Moderate'),(6149,1,1292,'2020-04-01','Moderate'),(6150,5,115,'2020-09-15','Severe'),(6151,1,1299,'2020-08-13','Severe'),(6152,1,4,'2020-02-12','Severe'),(6153,2,770,'2020-05-08','Light'),(6154,2,1065,'2020-07-26','Light'),(6155,1,261,'2020-08-07','Moderate'),(6156,1,191,'2020-08-25','Moderate'),(6157,1,736,'2020-02-12','Severe'),(6158,3,105,'2020-01-25','Light'),(6159,2,1199,'2020-07-09','Moderate'),(6160,2,65,'2020-06-10','Light'),(6161,2,1515,'2020-05-26','Moderate'),(6162,1,1464,'2020-06-28','Severe'),(6163,1,1666,'2020-01-17','Severe'),(6164,2,415,'2020-06-13','Light'),(6165,2,59,'2020-04-19','Light'),(6166,2,359,'2020-07-11','Light'),(6167,3,791,'2020-01-03','Light'),(6168,1,1667,'2020-11-14','Severe'),(6169,2,694,'2020-06-10','Light'),(6170,1,984,'2020-05-25','Moderate'),(6171,2,1368,'2020-11-14','Light'),(6172,2,1073,'2020-04-18','Moderate'),(6173,1,815,'2020-03-13','Severe'),(6174,3,274,'2020-02-25','Light'),(6175,2,37,'2020-07-05','Light'),(6176,2,1522,'2020-07-25','Light'),(6177,1,371,'2020-02-11','Severe'),(6178,1,1199,'2020-06-30','Severe'),(6179,1,828,'2020-05-30','Severe'),(6180,1,1262,'2020-04-29','Moderate'),(6181,2,1018,'2020-06-22','Moderate'),(6182,2,673,'2020-11-26','Light'),(6183,2,488,'2020-12-30','Light'),(6184,2,1451,'2020-01-12','Light'),(6185,5,1098,'2020-07-01','Severe'),(6186,1,801,'2020-03-14','Severe'),(6187,2,609,'2020-02-25','Light'),(6188,1,168,'2020-07-15','Severe'),(6189,3,653,'2020-12-25','Light'),(6190,2,547,'2020-10-13','Light'),(6191,2,147,'2020-09-10','Light'),(6192,1,617,'2020-02-20','Moderate'),(6193,3,1436,'2020-12-29','Light'),(6194,5,21,'2020-01-15','Severe'),(6195,2,1525,'2020-01-06','Light'),(6196,2,23,'2020-05-31','Light'),(6197,3,1646,'2020-01-18','Light'),(6198,1,176,'2020-06-30','Severe'),(6199,4,1591,'2020-12-14','UNK'),(6200,2,766,'2020-09-01','Light'),(6201,1,52,'2020-08-25','Severe'),(6202,1,1519,'2020-09-27','Severe'),(6203,2,771,'2020-04-24','Light'),(6204,3,1299,'2020-02-18','Light'),(6205,2,792,'2020-05-27','Light'),(6206,1,299,'2020-02-12','Severe'),(6207,2,146,'2020-03-27','Light'),(6208,2,159,'2020-11-25','Heavy'),(6209,1,643,'2020-05-06','Severe'),(6210,1,231,'2020-07-15','Severe'),(6211,2,804,'2020-04-13','Light'),(6212,2,567,'2020-02-17','Light'),(6213,2,1562,'2020-07-28','Moderate'),(6214,1,1013,'2020-10-16','Severe'),(6215,1,214,'2020-09-05','Moderate'),(6216,3,1180,'2020-12-26','Light'),(6217,6,348,'2020-04-28','Severe'),(6218,2,196,'2020-06-16','Light'),(6219,1,403,'2020-07-02','Severe'),(6220,3,86,'2020-01-13','Light'),(6221,3,679,'2020-05-10','Heavy'),(6222,2,1201,'2020-10-17','Light'),(6223,3,65,'2020-05-10','Light'),(6224,1,1668,'2020-10-31','Moderate'),(6225,2,1595,'2020-12-26','Light'),(6226,1,217,'2020-10-09','Severe'),(6227,2,309,'2020-04-30','Moderate'),(6228,2,1299,'2020-04-13','Heavy'),(6229,3,1658,'2020-01-11','Light'),(6230,2,756,'2020-05-25','Light'),(6231,1,572,'2020-08-18','Severe'),(6232,2,404,'2020-05-23','Moderate'),(6233,2,983,'2020-02-25','Light'),(6234,1,488,'2020-10-08','Severe'),(6235,1,1299,'2020-12-31','Severe'),(6236,4,340,'2020-05-16','UNK'),(6237,1,138,'2020-05-30','Severe'),(6238,1,725,'2020-05-19','Severe'),(6239,2,374,'2020-08-06','Light'),(6240,2,431,'2020-04-19','Moderate'),(6241,2,605,'2020-11-10','Light'),(6242,2,311,'2020-01-02','Heavy'),(6243,3,46,'2020-01-11','Light'),(6244,1,736,'2020-12-19','Severe'),(6245,2,54,'2020-01-23','Light'),(6246,1,26,'2020-07-04','Severe'),(6247,1,1669,'2020-01-25','Severe'),(6248,2,287,'2020-02-07','Moderate'),(6249,1,530,'2020-04-29','Severe'),(6250,1,1097,'2020-10-04','Moderate'),(6251,3,1545,'2020-11-24','Heavy'),(6252,2,587,'2020-03-12','Moderate'),(6253,1,1655,'2020-02-25','Severe'),(6254,2,693,'2020-04-19','Light'),(6255,3,1670,'2020-02-26','Light'),(6256,2,117,'2020-03-10','Light'),(6257,1,669,'2020-01-23','Severe'),(6258,1,1095,'2020-10-20','Severe'),(6259,3,1671,'2020-02-12','Light'),(6260,3,288,'2020-04-22','Light'),(6261,2,797,'2020-10-10','Light'),(6262,5,760,'2020-01-28','Severe'),(6263,1,857,'2020-07-25','Severe'),(6264,1,1244,'2020-03-14','Severe'),(6265,1,933,'2020-07-23','Severe'),(6266,2,71,'2020-03-04','Light'),(6267,2,1672,'2020-02-17','Light'),(6268,2,1446,'2020-02-06','Light'),(6269,2,155,'2020-05-12','Light'),(6270,2,206,'2020-10-20','Light'),(6271,2,1312,'2020-06-11','Light'),(6272,2,1532,'2020-02-26','Light'),(6273,6,1205,'2020-05-08','Severe'),(6274,2,9,'2020-09-25','Moderate'),(6275,5,1409,'2020-10-10','Severe'),(6276,2,91,'2020-01-10','Light'),(6277,1,1132,'2020-04-19','Severe'),(6278,1,876,'2020-11-21','Severe'),(6279,2,537,'2020-12-31','Moderate'),(6280,2,577,'2020-10-10','Moderate'),(6281,1,368,'2020-05-25','Severe'),(6282,2,323,'2020-06-16','Light'),(6283,2,208,'2020-12-05','Light'),(6284,2,358,'2020-06-11','Moderate'),(6285,2,156,'2020-06-20','Light'),(6286,2,305,'2020-03-05','Light'),(6287,1,784,'2020-09-01','Severe'),(6288,2,6,'2020-11-12','Light'),(6289,3,16,'2020-03-29','Light'),(6290,2,1278,'2020-03-16','Light'),(6291,3,682,'2020-01-11','Moderate'),(6292,2,445,'2020-04-24','Light'),(6293,3,491,'2020-02-07','Light'),(6294,2,1511,'2020-12-25','Light'),(6295,2,317,'2020-03-03','Light'),(6296,3,224,'2020-04-02','Light'),(6297,1,147,'2020-01-11','Severe'),(6298,2,204,'2020-01-17','Light'),(6299,3,146,'2020-12-16','Light'),(6300,1,121,'2020-03-25','Severe'),(6301,2,338,'2020-06-03','Light'),(6302,2,735,'2020-04-07','Light'),(6303,2,1225,'2020-09-08','Light'),(6304,2,608,'2020-11-01','Light'),(6305,1,979,'2020-11-05','Severe'),(6306,1,815,'2020-01-28','Severe'),(6307,1,343,'2020-10-23','Severe'),(6308,1,135,'2020-07-19','Severe'),(6309,5,674,'2020-06-24','Severe'),(6310,1,1674,'2020-06-24','Severe'),(6311,2,1174,'2020-06-08','Light'),(6312,2,1370,'2020-09-07','Light'),(6313,1,1602,'2020-12-06','Moderate'),(6314,2,194,'2020-02-25','Light'),(6315,1,240,'2020-05-01','Severe'),(6316,2,912,'2020-04-23','Light'),(6317,2,59,'2020-11-11','Light'),(6318,1,1003,'2020-08-24','Severe'),(6319,1,328,'2020-06-28','Moderate'),(6320,2,667,'2020-07-15','Light'),(6321,2,73,'2020-08-21','Light'),(6322,1,1106,'2020-03-10','Severe'),(6323,1,458,'2020-01-20','Moderate'),(6324,2,124,'2020-03-28','Light'),(6325,2,1117,'2020-06-23','Light'),(6326,2,998,'2020-07-25','Light'),(6327,2,797,'2020-01-11','Light'),(6328,2,1537,'2020-03-24','Light'),(6329,1,378,'2020-06-27','Moderate'),(6330,1,208,'2020-08-01','Severe'),(6331,1,209,'2020-11-25','Severe'),(6332,3,1675,'2020-02-14','Light'),(6333,2,1028,'2020-07-26','Heavy'),(6334,1,196,'2020-10-10','Moderate'),(6335,2,1676,'2020-04-29','Light'),(6336,4,276,'2020-07-25','UNK'),(6337,2,791,'2020-05-28','Light'),(6338,2,470,'2020-12-31','Moderate'),(6339,1,3,'2020-12-24','Severe'),(6340,1,563,'2020-10-28','Severe'),(6341,3,1626,'2020-12-05','Light'),(6342,5,1304,'2020-05-07','Severe'),(6343,1,307,'2020-01-16','Severe'),(6344,1,234,'2020-11-06','Severe'),(6345,2,548,'2020-12-16','Light'),(6346,1,1250,'2020-08-03','Severe'),(6347,3,685,'2020-02-06','Light'),(6348,1,1677,'2020-10-25','Moderate'),(6349,2,979,'2020-07-06','Light'),(6350,1,715,'2020-02-27','Severe'),(6351,1,389,'2020-09-12','Moderate'),(6352,5,591,'2020-07-22','Severe'),(6353,2,937,'2020-05-25','Light'),(6354,2,362,'2020-08-31','Light'),(6355,1,321,'2020-10-06','Severe'),(6356,1,1352,'2020-09-12','Severe'),(6357,3,387,'2020-02-17','Light'),(6358,2,150,'2020-10-28','Heavy'),(6359,2,776,'2020-03-17','Light'),(6360,3,324,'2020-02-28','Light'),(6361,2,412,'2020-07-15','Light'),(6362,2,411,'2020-05-15','Light'),(6363,1,1284,'2020-12-12','Severe'),(6364,1,58,'2020-03-19','Severe'),(6365,3,1678,'2020-01-11','Light'),(6366,3,63,'2020-03-13','Light'),(6367,1,268,'2020-09-07','Severe'),(6368,2,237,'2020-08-18','Light'),(6369,2,1345,'2020-12-13','Light'),(6370,1,193,'2020-05-12','Severe'),(6371,2,1545,'2020-06-05','Heavy'),(6372,2,1679,'2020-04-23','Light'),(6373,2,321,'2020-05-22','Light'),(6374,2,489,'2020-03-22','Light'),(6375,1,1613,'2020-10-20','Severe'),(6376,2,750,'2020-01-15','Light'),(6377,2,464,'2020-12-09','Light'),(6378,5,309,'2020-01-15','Severe'),(6379,2,115,'2020-07-08','Light'),(6380,2,753,'2020-04-24','Light'),(6381,3,151,'2020-03-01','Light'),(6382,2,662,'2020-05-06','Light'),(6383,3,909,'2020-01-24','Light'),(6384,1,14,'2020-02-19','Moderate'),(6385,2,375,'2020-03-13','Light'),(6386,2,1338,'2020-12-13','Light'),(6387,3,242,'2020-03-24','Moderate'),(6388,1,1583,'2020-09-13','Severe'),(6389,1,1074,'2020-10-12','Severe'),(6390,2,1062,'2020-07-21','Heavy'),(6391,2,1312,'2020-03-27','Light'),(6392,1,488,'2020-04-05','Severe'),(6393,1,1214,'2020-09-15','Severe'),(6394,1,44,'2020-02-26','Severe'),(6395,1,1056,'2020-12-29','Moderate'),(6396,4,311,'2020-01-02','UNK'),(6397,2,1390,'2020-10-28','Light'),(6398,2,1186,'2020-05-28','Light'),(6399,2,424,'2020-06-06','Light'),(6400,2,538,'2020-09-10','Light'),(6401,1,1132,'2020-08-03','Severe'),(6402,2,904,'2020-06-06','Light'),(6403,1,1680,'2020-01-13','Severe'),(6404,2,1354,'2020-07-28','Light'),(6405,2,614,'2020-07-29','Moderate'),(6406,2,1648,'2020-05-19','Moderate'),(6407,2,422,'2020-07-27','Light'),(6408,3,826,'2020-04-24','Light'),(6409,1,671,'2020-03-15','Severe'),(6410,3,1143,'2020-01-27','Light'),(6411,1,769,'2020-11-05','Severe'),(6412,2,276,'2020-04-26','Light'),(6413,3,1681,'2020-12-14','Light'),(6414,2,487,'2020-06-22','Moderate'),(6415,2,69,'2020-12-19','Moderate'),(6416,2,1083,'2020-08-30','Moderate'),(6417,2,1488,'2020-02-12','Light'),(6418,2,617,'2020-09-11','Light'),(6419,2,1098,'2020-01-24','Light'),(6420,2,718,'2020-10-20','Moderate'),(6421,2,158,'2020-01-21','Light'),(6422,3,368,'2020-01-11','Heavy'),(6423,1,26,'2020-10-20','Severe'),(6424,2,1197,'2020-05-29','Light'),(6425,2,150,'2020-06-11','Light'),(6426,3,463,'2020-03-18','Light'),(6427,1,54,'2020-02-25','Severe'),(6428,1,1172,'2020-09-22','Severe'),(6429,2,1454,'2020-05-27','Light'),(6430,3,685,'2020-04-15','Light'),(6431,2,62,'2020-04-05','Light'),(6432,2,951,'2020-04-23','Light'),(6433,2,641,'2020-09-16','Moderate'),(6434,3,970,'2020-10-25','Light'),(6435,3,1107,'2020-01-14','Light'),(6436,3,17,'2020-01-25','Heavy'),(6437,2,1682,'2020-10-13','Light'),(6438,1,350,'2020-10-16','Severe'),(6439,2,789,'2020-01-18','Light'),(6440,1,1536,'2020-07-27','Moderate'),(6441,2,1683,'2020-10-14','Light'),(6442,2,398,'2020-11-28','Light'),(6443,3,853,'2020-11-13','Light'),(6444,2,159,'2020-05-14','Light'),(6445,2,1667,'2020-03-24','Light'),(6446,2,1684,'2020-04-05','Light'),(6447,3,213,'2020-02-07','Light'),(6448,2,491,'2020-05-09','Light'),(6449,2,139,'2020-10-22','Moderate'),(6450,2,67,'2020-08-01','Moderate'),(6451,2,1224,'2020-09-02','Light'),(6452,1,92,'2020-04-29','Severe'),(6453,2,410,'2020-02-05','Light'),(6454,1,336,'2020-10-08','Severe'),(6455,2,1581,'2020-03-28','Light'),(6456,3,1002,'2020-11-10','Moderate'),(6457,2,1685,'2020-11-28','Light'),(6458,3,1260,'2020-11-07','Moderate'),(6459,1,96,'2020-12-11','Moderate'),(6460,2,392,'2020-04-27','Light'),(6461,1,1170,'2020-04-26','Severe'),(6462,2,135,'2020-02-10','Light'),(6463,2,1449,'2020-01-29','Light'),(6464,2,1648,'2020-11-22','Heavy'),(6465,2,1183,'2020-01-28','Light'),(6466,2,1093,'2020-03-23','Light'),(6467,1,203,'2020-02-08','Severe'),(6468,2,480,'2020-02-20','Moderate'),(6469,2,1646,'2020-07-08','Light'),(6470,3,377,'2020-01-20','Light'),(6471,2,791,'2020-06-09','Heavy'),(6472,1,1377,'2020-05-01','Severe'),(6473,1,573,'2020-11-03','Severe'),(6474,1,1686,'2020-08-30','Severe'),(6475,3,297,'2020-01-19','Light'),(6476,2,1298,'2020-04-13','Light'),(6477,1,106,'2020-08-06','Moderate'),(6478,2,1140,'2020-06-15','Moderate'),(6479,2,98,'2020-11-18','Light'),(6480,1,396,'2020-11-30','Severe'),(6481,1,856,'2020-02-01','Severe'),(6482,5,1687,'2020-02-12','Severe'),(6483,2,853,'2020-09-06','Light'),(6484,2,1000,'2020-03-09','Light'),(6485,3,856,'2020-02-06','Light'),(6486,2,433,'2020-03-10','Light'),(6487,2,123,'2020-06-05','Light'),(6488,2,410,'2020-11-28','Light'),(6489,1,22,'2020-03-14','Severe'),(6490,2,1298,'2020-04-12','Light'),(6491,3,745,'2020-12-18','Light'),(6492,2,904,'2020-02-27','Light'),(6493,1,718,'2020-08-07','Severe'),(6494,1,724,'2020-09-08','Moderate'),(6495,1,1270,'2020-04-15','Severe'),(6496,2,532,'2020-12-30','Light'),(6497,2,140,'2020-10-18','Light'),(6498,1,48,'2020-03-13','Severe'),(6499,1,392,'2020-05-15','Severe'),(6500,1,804,'2020-05-18','Severe'),(6501,2,1122,'2020-11-22','Light'),(6502,2,947,'2020-07-02','Light'),(6503,2,625,'2020-12-05','Moderate'),(6504,2,1288,'2020-12-13','Light'),(6505,1,1231,'2020-02-13','Severe'),(6506,2,913,'2020-05-19','Light'),(6507,2,331,'2020-01-21','Light'),(6508,2,292,'2020-10-04','Light'),(6509,1,995,'2020-03-23','Severe'),(6510,2,1688,'2020-06-27','Light'),(6511,1,949,'2020-01-21','Moderate'),(6512,1,641,'2020-01-25','Severe'),(6513,1,1572,'2020-07-15','Severe'),(6514,2,757,'2020-01-04','Light'),(6515,2,1080,'2020-08-03','Light'),(6516,2,1371,'2020-10-01','Light'),(6517,1,161,'2020-08-25','Moderate'),(6518,1,1299,'2020-09-03','Moderate'),(6519,1,566,'2020-12-21','Severe'),(6520,2,60,'2020-10-27','Light'),(6521,2,319,'2020-10-15','Light'),(6522,1,1689,'2020-01-28','Severe'),(6523,4,1437,'2020-03-31','UNK'),(6524,2,102,'2020-02-12','Light'),(6525,1,826,'2020-10-29','Severe'),(6526,2,1649,'2020-03-04','Light'),(6527,3,6,'2020-01-09','Light'),(6528,2,359,'2020-08-03','Light'),(6529,2,734,'2020-03-23','Moderate'),(6530,2,26,'2020-11-12','Light'),(6531,1,363,'2020-02-18','Severe'),(6532,2,314,'2020-08-31','Moderate'),(6533,1,776,'2020-01-26','Severe'),(6534,2,639,'2020-02-25','Light'),(6535,1,411,'2020-03-16','Severe'),(6536,2,455,'2020-04-16','Light'),(6537,2,410,'2020-05-12','Light'),(6538,2,561,'2020-04-06','Light'),(6539,2,654,'2020-07-25','Light'),(6540,2,357,'2020-12-22','Light'),(6541,2,79,'2020-03-17','Light'),(6542,2,447,'2020-09-23','Moderate'),(6543,2,118,'2020-07-01','Moderate'),(6544,2,793,'2020-09-04','Light'),(6545,3,334,'2020-03-29','Light'),(6546,2,1690,'2020-05-16','Light'),(6547,2,254,'2020-03-10','Light'),(6548,2,1085,'2020-07-23','Light'),(6549,1,447,'2020-12-20','Severe'),(6550,1,1449,'2020-02-01','Severe'),(6551,2,432,'2020-12-27','Light'),(6552,1,1026,'2020-02-20','Severe'),(6553,2,59,'2020-12-14','Light'),(6554,2,219,'2020-08-11','Light'),(6555,2,75,'2020-05-27','Light'),(6556,2,1263,'2020-03-09','Light'),(6557,2,26,'2020-02-06','Light'),(6558,2,884,'2020-05-04','Moderate'),(6559,3,928,'2020-03-16','Light'),(6560,1,1590,'2020-01-30','Severe'),(6561,3,157,'2020-10-26','Light'),(6562,2,1441,'2020-03-20','Light'),(6563,3,203,'2020-02-12','Light'),(6564,2,786,'2020-01-19','Light'),(6565,2,1011,'2020-08-29','Light'),(6566,1,1307,'2020-12-18','Severe'),(6567,2,163,'2020-02-05','Light'),(6568,1,1691,'2020-04-28','Moderate'),(6569,2,1481,'2020-10-29','Light'),(6570,2,59,'2020-04-23','Moderate'),(6571,2,384,'2020-01-17','Light'),(6572,1,1292,'2020-04-21','Severe'),(6573,1,82,'2020-12-13','Severe'),(6574,2,27,'2020-03-28','Light'),(6575,2,1061,'2020-01-12','Light'),(6577,2,5,'2020-02-18','Moderate'),(6578,1,229,'2020-05-30','Moderate'),(6579,1,547,'2020-09-21','Severe'),(6580,4,67,'2020-02-01','UNK'),(6581,2,962,'2020-10-19','Light'),(6582,2,1306,'2020-02-07','Light'),(6583,3,56,'2020-03-29','Light'),(6584,2,311,'2020-06-24','Light'),(6585,1,495,'2020-12-06','Severe'),(6586,3,1456,'2020-04-02','Light'),(6587,1,563,'2020-12-10','Severe'),(6588,1,192,'2020-07-09','Severe'),(6589,4,368,'2020-03-03','UNK'),(6590,2,596,'2020-05-18','Light'),(6591,6,1182,'2020-01-06','Severe'),(6592,2,1001,'2020-12-30','Moderate'),(6593,3,1167,'2020-10-22','Light'),(6594,2,740,'2020-08-28','Heavy'),(6595,2,563,'2020-12-28','Light'),(6596,2,134,'2020-09-18','Light'),(6597,2,256,'2020-09-12','Light'),(6598,2,4,'2020-09-23','Light'),(6599,2,1580,'2020-05-29','Light'),(6600,2,147,'2020-09-09','Light'),(6601,3,405,'2020-01-26','Light'),(6602,3,73,'2020-03-24','Light'),(6603,2,1367,'2020-08-01','Moderate'),(6604,2,218,'2020-05-18','Light'),(6605,1,235,'2020-12-24','Severe'),(6606,1,904,'2020-09-12','Severe'),(6607,2,1040,'2020-03-19','Light'),(6608,1,293,'2020-11-10','Severe'),(6609,1,161,'2020-09-26','Severe'),(6610,2,312,'2020-06-25','Light'),(6611,3,1236,'2020-01-17','Light'),(6612,2,139,'2020-03-30','Light'),(6613,1,646,'2020-09-11','Severe'),(6614,1,1266,'2020-09-12','Severe'),(6615,1,807,'2020-07-05','Severe'),(6616,2,853,'2020-06-18','Light'),(6617,2,134,'2020-04-12','Light'),(6618,2,299,'2020-10-22','Light'),(6619,1,1284,'2020-04-24','Moderate'),(6620,2,475,'2020-09-30','Light'),(6621,2,99,'2020-03-30','Light'),(6622,2,478,'2020-11-23','Light'),(6623,2,308,'2020-12-13','Light'),(6624,2,1692,'2020-09-09','Light'),(6625,3,390,'2020-11-26','Light'),(6626,1,344,'2020-08-31','Severe'),(6627,2,254,'2020-03-23','Light'),(6628,4,614,'2020-05-22','UNK'),(6629,5,1661,'2020-12-30','Severe'),(6630,2,205,'2020-01-18','Light'),(6631,3,525,'2020-12-20','Light'),(6632,1,368,'2020-01-28','Severe'),(6633,2,1308,'2020-06-30','Light'),(6634,2,1343,'2020-06-09','Light'),(6635,3,1420,'2020-02-07','Moderate'),(6636,1,321,'2020-08-07','Severe'),(6637,2,527,'2020-09-24','Light'),(6638,3,936,'2020-12-25','Light'),(6639,2,912,'2020-12-05','Light'),(6640,1,1466,'2020-01-23','Severe'),(6641,2,362,'2020-08-21','Light'),(6642,3,1043,'2020-03-14','Moderate'),(6643,2,1579,'2020-11-10','Light'),(6644,2,1693,'2020-11-18','Light'),(6645,1,1644,'2020-02-07','Severe'),(6646,2,7,'2020-04-20','Moderate'),(6647,1,1147,'2020-01-15','Moderate'),(6648,2,910,'2020-02-12','Light'),(6649,3,659,'2020-02-02','Light'),(6650,2,641,'2020-08-02','Light'),(6651,2,1106,'2020-05-20','Moderate'),(6652,2,571,'2020-05-22','Light'),(6653,2,109,'2020-05-10','Light'),(6654,2,112,'2020-02-13','Light'),(6655,2,276,'2020-07-23','Moderate'),(6656,2,780,'2020-10-23','Light'),(6657,2,715,'2020-07-24','Light'),(6658,2,345,'2020-11-06','Light'),(6659,3,1207,'2020-01-10','Light'),(6660,2,1318,'2020-06-29','Moderate'),(6661,1,1012,'2020-05-23','Severe'),(6662,1,159,'2020-12-04','Severe'),(6663,1,503,'2020-03-28','Severe'),(6664,1,902,'2020-12-22','Severe'),(6665,2,389,'2020-10-26','Light'),(6666,1,149,'2020-01-02','Severe'),(6667,2,178,'2020-11-25','Light'),(6668,3,574,'2020-04-03','Light'),(6669,2,728,'2020-12-07','Light'),(6670,3,1459,'2020-12-07','Light'),(6671,2,316,'2020-06-15','Light'),(6672,1,1437,'2020-04-19','Severe'),(6673,2,292,'2020-06-20','Light'),(6674,2,113,'2020-04-27','Light'),(6675,1,1126,'2020-09-22','Severe'),(6676,2,918,'2020-05-27','Light'),(6677,1,579,'2020-11-24','Moderate'),(6678,6,1487,'2020-11-27','Severe'),(6679,1,856,'2020-04-17','Severe'),(6680,2,440,'2020-08-28','Light'),(6681,2,946,'2020-09-17','Light'),(6682,2,1515,'2020-05-23','Light'),(6683,2,65,'2020-10-14','Light'),(6684,2,614,'2020-06-27','Light'),(6685,1,528,'2020-07-22','Severe'),(6686,2,59,'2020-05-21','Light'),(6687,2,521,'2020-09-13','Light'),(6688,3,52,'2020-12-26','Light'),(6689,1,664,'2020-01-27','Severe'),(6690,1,268,'2020-08-14','Severe'),(6691,2,1624,'2020-09-03','Light'),(6692,2,600,'2020-01-24','Light'),(6693,1,707,'2020-07-11','Severe'),(6694,1,211,'2020-04-23','Severe'),(6695,3,72,'2020-01-31','Light'),(6696,2,1184,'2020-05-18','Light'),(6697,2,5,'2020-01-03','Moderate'),(6698,2,194,'2020-01-03','Moderate'),(6699,1,16,'2020-05-30','Moderate'),(6700,1,173,'2020-08-09','Moderate'),(6701,2,1650,'2020-06-08','Light'),(6702,4,840,'2020-06-10','UNK'),(6703,2,331,'2020-09-18','Light'),(6704,2,475,'2020-08-29','Light'),(6705,2,1695,'2020-03-13','Light'),(6706,1,31,'2020-06-28','Severe'),(6707,3,978,'2020-02-05','Moderate'),(6708,6,213,'2020-07-26','Severe'),(6709,2,412,'2020-03-09','Light'),(6710,1,148,'2020-01-28','Severe'),(6711,2,723,'2020-03-13','Light'),(6712,2,210,'2020-06-06','Light'),(6713,2,1696,'2020-03-11','Light'),(6714,2,1334,'2020-01-11','Moderate'),(6715,1,5,'2020-07-13','Severe'),(6716,2,865,'2020-11-02','Light'),(6717,2,919,'2020-06-06','Light'),(6718,2,622,'2020-07-17','Moderate'),(6719,1,75,'2020-12-19','Severe'),(6720,1,460,'2020-05-18','Severe'),(6721,2,1063,'2020-12-21','Light'),(6722,2,599,'2020-09-25','Light'),(6723,1,376,'2020-10-15','Moderate'),(6724,2,151,'2020-05-14','Light'),(6725,2,1545,'2020-07-21','Light'),(6726,1,691,'2020-09-11','Severe'),(6727,2,38,'2020-02-16','Light'),(6728,1,56,'2020-03-19','Severe'),(6729,6,878,'2020-05-20','Severe'),(6730,1,58,'2020-03-03','Severe'),(6731,2,1424,'2020-01-27','Light'),(6732,3,22,'2020-02-05','Light'),(6733,2,829,'2020-05-17','Moderate'),(6734,2,1697,'2020-06-10','Light'),(6735,2,915,'2020-12-09','Light'),(6736,2,1648,'2020-04-30','Light'),(6737,2,1553,'2020-04-06','Light'),(6738,2,603,'2020-04-01','Light'),(6739,3,751,'2020-02-13','Light'),(6740,2,1698,'2020-06-15','Light'),(6741,1,1048,'2020-08-21','Severe'),(6742,3,242,'2020-02-13','Heavy'),(6743,1,1579,'2020-08-22','Severe'),(6744,2,1545,'2020-03-12','Light'),(6745,1,1053,'2020-03-19','Severe'),(6746,2,1564,'2020-07-31','Heavy'),(6747,1,1011,'2020-08-08','Severe'),(6748,1,713,'2020-10-27','Severe'),(6749,2,630,'2020-02-08','Light'),(6750,2,821,'2020-12-25','Light'),(6751,2,245,'2020-08-12','Light'),(6752,1,210,'2020-07-18','Severe'),(6753,1,642,'2020-02-19','Severe'),(6754,2,190,'2020-07-22','Light'),(6755,1,1358,'2020-12-12','Severe'),(6756,2,273,'2020-05-12','Light'),(6757,2,513,'2020-08-22','Light'),(6758,2,77,'2020-02-24','Light'),(6759,2,468,'2020-03-17','Light'),(6760,2,98,'2020-03-30','Light'),(6761,2,485,'2020-03-28','Light'),(6762,1,159,'2020-07-15','Moderate'),(6763,3,1426,'2020-01-11','Light'),(6764,2,1290,'2020-12-05','Light'),(6765,3,1699,'2020-04-17','Light'),(6766,3,1601,'2020-03-03','Light'),(6767,3,801,'2020-02-17','Light'),(6768,2,445,'2020-09-02','Moderate'),(6769,1,573,'2020-10-01','Severe'),(6770,5,48,'2020-07-26','Severe'),(6771,1,587,'2020-05-25','Severe'),(6772,1,214,'2020-12-14','Severe'),(6773,1,1317,'2020-09-10','Severe'),(6774,2,1289,'2020-04-20','Light'),(6775,3,949,'2020-10-19','Light'),(6776,5,256,'2020-12-21','Severe'),(6777,1,524,'2020-08-22','Moderate'),(6778,3,203,'2020-02-13','Moderate'),(6779,3,274,'2020-02-28','Light'),(6780,3,94,'2020-12-29','Moderate'),(6781,2,1217,'2020-06-28','Light'),(6782,2,417,'2020-04-19','Light'),(6783,2,126,'2020-11-12','Light'),(6784,1,119,'2020-12-31','Severe'),(6785,2,1023,'2020-06-22','Light'),(6786,1,1149,'2020-04-19','Severe'),(6787,2,1458,'2020-08-01','Light'),(6788,1,159,'2020-07-11','Moderate'),(6789,2,117,'2020-03-15','Light'),(6790,1,1406,'2020-04-19','Moderate'),(6791,3,1427,'2020-12-15','Light'),(6792,1,363,'2020-06-29','Severe'),(6793,2,64,'2020-03-16','Light'),(6794,3,698,'2020-02-28','Light'),(6795,3,266,'2020-02-05','Moderate'),(6796,2,577,'2020-06-29','Heavy'),(6797,3,1700,'2020-02-22','Moderate'),(6798,2,1032,'2020-06-10','Moderate'),(6799,1,734,'2020-12-18','Severe'),(6800,1,425,'2020-11-21','Severe'),(6801,2,1381,'2020-02-11','Light'),(6802,2,1605,'2020-03-10','Light'),(6803,2,712,'2020-03-20','Moderate'),(6804,4,1675,'2020-05-27','UNK'),(6805,3,1701,'2020-03-18','Heavy'),(6806,1,233,'2020-10-16','Severe'),(6807,3,710,'2020-01-09','Light'),(6808,1,1413,'2020-07-25','Severe'),(6809,2,154,'2020-07-25','Moderate'),(6810,2,1675,'2020-04-30','Light'),(6811,1,625,'2020-09-27','Severe'),(6812,3,53,'2020-03-11','Moderate'),(6813,1,522,'2020-12-12','Severe'),(6814,1,322,'2020-09-11','Severe'),(6815,2,1405,'2020-03-28','Light'),(6816,2,818,'2020-09-25','Heavy'),(6817,2,735,'2020-04-17','Light'),(6818,2,311,'2020-03-05','Moderate'),(6819,1,773,'2020-08-21','Severe'),(6820,2,352,'2020-02-26','Light'),(6821,1,112,'2020-12-21','Severe'),(6822,1,959,'2020-08-19','Severe'),(6823,1,1469,'2020-05-02','Moderate'),(6824,2,118,'2020-07-29','Light'),(6825,2,1433,'2020-08-03','Light'),(6826,3,1137,'2020-12-24','Light'),(6827,1,592,'2020-10-14','Severe'),(6828,2,321,'2020-05-19','Light'),(6829,2,5,'2020-10-27','Light'),(6830,3,108,'2020-01-19','Light'),(6831,1,968,'2020-12-01','Moderate'),(6832,2,125,'2020-04-11','Light'),(6833,1,1687,'2020-08-21','Severe'),(6834,1,354,'2020-01-24','Severe'),(6835,1,1559,'2020-10-08','Moderate'),(6836,2,723,'2020-10-20','Light'),(6837,2,105,'2020-02-05','Light'),(6838,2,1121,'2020-08-07','Light'),(6839,2,1702,'2020-07-03','Light'),(6840,1,950,'2020-10-19','Severe'),(6841,2,1202,'2020-06-09','Moderate'),(6842,1,251,'2020-07-30','Severe'),(6843,3,1167,'2020-10-21','Light'),(6844,2,919,'2020-04-14','Light'),(6845,2,1676,'2020-01-13','Light'),(6846,1,1224,'2020-09-11','Severe'),(6847,1,1616,'2020-03-30','Severe'),(6848,2,1703,'2020-04-23','Light'),(6849,1,1004,'2020-01-27','Severe'),(6850,2,898,'2020-03-10','Light'),(6851,2,9,'2020-01-30','Light'),(6852,2,1319,'2020-07-05','Heavy'),(6853,2,1321,'2020-08-06','Light'),(6854,2,1424,'2020-09-15','Light'),(6855,2,318,'2020-01-02','Light'),(6856,2,1458,'2020-06-20','Light'),(6857,2,795,'2020-07-23','Light'),(6858,2,244,'2020-03-12','Light'),(6859,2,1258,'2020-06-23','Moderate'),(6860,2,625,'2020-11-12','Moderate'),(6861,5,870,'2020-10-06','Severe'),(6862,3,1704,'2020-01-06','Light'),(6863,1,685,'2020-12-01','Severe'),(6864,1,227,'2020-03-13','Severe'),(6865,2,1624,'2020-03-03','Light'),(6866,2,442,'2020-08-11','Light'),(6867,3,1051,'2020-03-19','Light'),(6868,1,520,'2020-07-29','Severe'),(6869,2,1443,'2020-09-09','Light'),(6870,2,544,'2020-04-04','Light'),(6871,1,601,'2020-01-10','Severe'),(6872,2,337,'2020-04-23','Light'),(6873,2,1297,'2020-06-25','Moderate'),(6874,2,1655,'2020-11-25','Light'),(6875,2,1058,'2020-12-12','Light'),(6876,2,1266,'2020-12-12','Light'),(6877,2,1295,'2020-02-11','Light'),(6878,2,204,'2020-05-21','Light'),(6879,2,336,'2020-03-23','Light'),(6880,1,545,'2020-01-09','Severe'),(6881,2,734,'2020-05-15','Light'),(6882,2,43,'2020-08-10','Light'),(6883,5,1705,'2020-02-14','Severe'),(6884,2,670,'2020-01-30','Light'),(6885,1,932,'2020-12-21','Moderate'),(6886,1,1513,'2020-06-30','Moderate'),(6887,2,780,'2020-07-14','Light'),(6888,2,809,'2020-10-14','Light'),(6889,2,295,'2020-08-02','Light'),(6890,2,5,'2020-09-03','Light'),(6891,2,234,'2020-02-11','Moderate'),(6892,2,1707,'2020-10-27','Light'),(6893,1,31,'2020-08-16','Moderate'),(6894,1,864,'2020-04-06','Severe'),(6895,2,361,'2020-11-28','Light'),(6896,2,736,'2020-09-20','Light'),(6897,1,1000,'2020-08-19','Severe'),(6898,1,560,'2020-02-22','Severe'),(6899,3,1040,'2020-12-30','Light'),(6900,2,1556,'2020-12-31','Light'),(6901,1,604,'2020-08-25','Severe'),(6902,5,1708,'2020-01-15','Severe'),(6903,2,1023,'2020-03-05','Light'),(6904,2,1007,'2020-10-23','Light'),(6905,2,145,'2020-12-17','Light'),(6906,2,281,'2020-09-30','Light'),(6907,2,884,'2020-06-06','Light'),(6908,2,1709,'2020-02-26','Light'),(6909,2,32,'2020-01-28','Light'),(6910,3,1053,'2020-01-17','Moderate'),(6911,2,885,'2020-09-07','Light'),(6912,2,1177,'2020-05-28','Light'),(6913,2,37,'2020-02-06','Moderate'),(6914,4,1215,'2020-01-11','UNK'),(6915,2,389,'2020-08-19','Light'),(6916,2,1096,'2020-12-14','Light'),(6917,2,670,'2020-02-23','Light'),(6918,1,204,'2020-05-05','Severe'),(6919,2,126,'2020-09-29','Light'),(6920,3,1001,'2020-12-16','Light'),(6921,3,1127,'2020-03-31','Light'),(6922,1,1161,'2020-12-27','Moderate'),(6923,3,1419,'2020-01-18','Light'),(6924,1,314,'2020-02-26','Severe'),(6925,1,1195,'2020-02-10','Severe'),(6926,2,586,'2020-07-31','Light'),(6927,2,1452,'2020-06-20','Light'),(6928,2,566,'2020-12-19','Light'),(6929,1,1104,'2020-02-20','Moderate'),(6930,1,807,'2020-09-09','Severe'),(6931,2,1309,'2020-04-08','Light'),(6932,1,922,'2020-10-28','Severe'),(6933,2,1187,'2020-01-13','Light'),(6934,1,467,'2020-01-25','Severe'),(6935,1,599,'2020-07-24','Severe'),(6936,3,1001,'2020-12-25','Light'),(6937,3,710,'2020-03-29','Light'),(6938,2,204,'2020-01-13','Light'),(6939,1,1223,'2020-01-18','Moderate'),(6940,1,1467,'2020-10-01','Moderate'),(6941,3,970,'2020-02-03','Moderate'),(6942,1,1710,'2020-01-31','Severe'),(6943,1,308,'2020-10-22','Severe'),(6944,2,489,'2020-02-17','Light'),(6945,2,1104,'2020-05-21','Light'),(6946,2,333,'2020-10-21','Light'),(6947,1,1711,'2020-08-04','Severe'),(6948,2,792,'2020-08-26','Light'),(6949,3,1525,'2020-12-12','Light'),(6950,2,332,'2020-08-02','Light'),(6951,2,466,'2020-02-05','Light'),(6952,2,753,'2020-02-03','Light'),(6953,2,778,'2020-05-18','Light'),(6954,2,1415,'2020-07-28','Moderate'),(6955,2,131,'2020-06-15','Light'),(6956,2,335,'2020-06-22','Light'),(6957,4,925,'2020-06-23','UNK'),(6958,5,1098,'2020-04-26','Severe'),(6959,2,176,'2020-03-29','Light'),(6960,2,53,'2020-06-10','Light'),(6961,2,271,'2020-12-07','Light'),(6962,3,360,'2020-02-28','Light'),(6963,2,445,'2020-03-05','Light'),(6964,3,679,'2020-11-15','Moderate'),(6965,5,162,'2020-12-13','Severe'),(6966,1,311,'2020-12-29','Severe'),(6967,2,1136,'2020-03-15','Light'),(6968,2,1695,'2020-02-11','Light'),(6969,2,281,'2020-09-14','Light'),(6970,2,454,'2020-12-31','Light'),(6971,2,419,'2020-11-17','Light'),(6972,2,1266,'2020-07-17','Light'),(6973,1,1445,'2020-12-10','Moderate'),(6974,1,290,'2020-09-13','Severe'),(6975,1,206,'2020-03-15','Severe'),(6976,2,160,'2020-06-05','Light'),(6977,1,1219,'2020-03-18','Severe'),(6978,2,202,'2020-10-29','Light'),(6979,1,221,'2020-04-19','Moderate'),(6980,1,297,'2020-02-01','Severe'),(6981,1,608,'2020-08-10','Severe'),(6982,2,977,'2020-09-24','Light'),(6983,2,15,'2020-11-11','Light'),(6984,2,144,'2020-08-29','Light'),(6985,2,793,'2020-09-21','Light'),(6986,2,321,'2020-04-30','Light'),(6987,2,1007,'2020-03-09','Light'),(6988,2,1583,'2020-03-14','Light'),(6989,2,68,'2020-05-08','Light'),(6990,2,745,'2020-11-26','Light'),(6991,3,1565,'2020-10-21','Light'),(6992,2,1090,'2020-03-28','Light'),(6993,2,1316,'2020-02-25','Light'),(6994,2,1395,'2020-11-26','Light'),(6995,1,1219,'2020-06-26','Moderate'),(6996,1,2,'2020-07-08','Severe'),(6997,4,1539,'2020-09-08','UNK'),(6998,3,290,'2020-01-12','Light'),(6999,1,111,'2020-04-28','Severe'),(7000,2,985,'2020-02-26','Light'),(7001,2,1512,'2020-07-27','Light'),(7002,1,6,'2020-12-22','Severe'),(7003,1,809,'2020-03-28','Moderate'),(7004,2,1525,'2020-12-21','Light'),(7005,2,1177,'2020-03-22','Light'),(7006,2,995,'2020-10-22','Light'),(7007,2,223,'2020-10-29','Moderate'),(7008,2,1543,'2020-02-04','Light'),(7009,2,602,'2020-03-03','Light'),(7010,5,1712,'2020-01-27','Severe'),(7011,3,387,'2020-12-03','Light'),(7012,2,386,'2020-02-25','Light'),(7013,1,474,'2020-05-30','Moderate'),(7014,2,159,'2020-04-12','Light'),(7015,1,1230,'2020-07-13','Moderate'),(7016,2,5,'2020-04-13','Light'),(7017,6,429,'2020-04-12','Severe'),(7018,2,455,'2020-05-16','Moderate'),(7019,1,736,'2020-08-09','Severe'),(7020,2,1011,'2020-09-29','Moderate'),(7021,2,925,'2020-09-14','Light'),(7022,2,1387,'2020-07-25','Light'),(7023,1,1293,'2020-09-23','Severe'),(7024,1,1688,'2020-08-14','Severe'),(7025,2,237,'2020-02-20','Moderate'),(7026,1,410,'2020-12-19','Severe'),(7027,2,1610,'2020-12-21','Light'),(7028,2,1079,'2020-08-26','Light'),(7029,1,984,'2020-02-27','Moderate'),(7030,2,932,'2020-05-04','Light'),(7031,2,1057,'2020-06-28','Moderate'),(7032,2,369,'2020-09-12','Light'),(7033,2,57,'2020-05-22','Light'),(7034,2,476,'2020-07-03','Light'),(7035,1,770,'2020-03-04','Severe'),(7036,2,983,'2020-11-22','Light'),(7037,2,895,'2020-03-15','Light'),(7038,2,895,'2020-11-11','Moderate'),(7039,4,147,'2020-06-03','UNK'),(7040,2,273,'2020-12-31','Light'),(7041,2,661,'2020-03-09','Light'),(7042,2,6,'2020-04-30','Moderate'),(7043,1,849,'2020-09-12','Moderate'),(7044,2,666,'2020-03-19','Moderate'),(7045,2,677,'2020-04-13','Moderate'),(7046,1,1202,'2020-11-21','Severe'),(7047,3,29,'2020-02-05','Light'),(7048,2,64,'2020-10-12','Light'),(7049,3,1487,'2020-01-11','Light'),(7050,1,1307,'2020-08-22','Severe'),(7051,3,317,'2020-01-19','Light'),(7052,2,1713,'2020-05-19','Light'),(7053,2,679,'2020-11-20','Light'),(7054,3,1263,'2020-01-11','Moderate'),(7055,2,657,'2020-09-16','Light'),(7056,1,1684,'2020-08-23','Severe'),(7057,3,1318,'2020-02-16','Light'),(7058,2,1175,'2020-07-31','Light'),(7059,2,327,'2020-01-22','Light'),(7060,1,1239,'2020-11-10','Severe'),(7061,1,1376,'2020-12-21','Severe'),(7062,2,904,'2020-05-19','Moderate'),(7063,2,543,'2020-06-30','Heavy'),(7064,2,1474,'2020-10-23','Light'),(7065,2,57,'2020-09-17','Moderate'),(7066,4,446,'2020-08-07','UNK'),(7067,1,563,'2020-02-12','Severe'),(7068,3,769,'2020-01-31','Light'),(7069,1,96,'2020-11-16','Severe'),(7070,2,145,'2020-04-03','Light'),(7071,2,109,'2020-06-23','Light'),(7072,3,108,'2020-01-15','Light'),(7073,2,408,'2020-05-01','Light'),(7074,1,1514,'2020-09-02','Severe'),(7075,2,1714,'2020-05-30','Light'),(7076,3,1048,'2020-01-18','Light'),(7077,1,259,'2020-03-12','Moderate'),(7078,2,1103,'2020-08-28','Light'),(7079,2,1233,'2020-06-20','Light'),(7080,1,524,'2020-12-21','Severe'),(7081,3,151,'2020-02-13','Light'),(7082,2,1056,'2020-04-03','Light'),(7083,3,805,'2020-02-06','Light'),(7084,2,204,'2020-11-19','Moderate'),(7085,3,1323,'2020-01-04','Light'),(7086,1,874,'2020-02-01','Severe'),(7087,2,244,'2020-02-04','Light'),(7088,3,1578,'2020-01-20','Light'),(7089,1,206,'2020-05-05','Moderate'),(7090,2,488,'2020-02-16','Light'),(7091,2,611,'2020-06-07','Light'),(7092,2,292,'2020-08-19','Light'),(7093,2,1224,'2020-12-30','Light'),(7094,2,370,'2020-06-24','Light'),(7095,2,112,'2020-01-12','Light'),(7096,4,1598,'2020-05-22','UNK'),(7097,1,1003,'2020-05-31','Moderate'),(7098,2,492,'2020-07-23','Light'),(7099,2,576,'2020-10-07','Light'),(7101,1,624,'2020-08-21','Moderate'),(7102,2,1500,'2020-11-10','Light'),(7103,1,728,'2020-02-12','Severe'),(7104,2,615,'2020-03-13','Light'),(7105,2,359,'2020-10-02','Light'),(7106,2,216,'2020-04-29','Light'),(7107,2,861,'2020-06-11','Light'),(7108,2,1367,'2020-03-13','Light'),(7109,1,1181,'2020-01-05','Severe'),(7110,5,1715,'2020-10-22','Severe'),(7111,2,82,'2020-10-04','Light'),(7112,5,1409,'2020-07-26','Severe'),(7113,2,1321,'2020-07-28','Light'),(7114,2,1348,'2020-03-19','Moderate'),(7115,2,925,'2020-06-06','Light'),(7116,2,495,'2020-01-04','Light'),(7117,2,151,'2020-10-22','Light'),(7118,2,1134,'2020-05-04','Light'),(7119,2,109,'2020-03-04','Light'),(7120,2,370,'2020-11-10','Light'),(7121,1,220,'2020-05-14','Moderate'),(7122,2,591,'2020-02-20','Light'),(7123,3,476,'2020-01-08','Light'),(7124,1,1288,'2020-09-02','Severe'),(7125,2,386,'2020-04-09','Light'),(7126,2,213,'2020-06-05','Moderate'),(7127,3,1716,'2020-03-01','Light'),(7128,2,907,'2020-05-26','Light'),(7129,2,423,'2020-10-22','Light'),(7130,2,363,'2020-06-27','Light'),(7131,3,1555,'2020-03-04','Light'),(7132,2,71,'2020-10-10','Light'),(7133,2,1306,'2020-09-25','Light'),(7134,1,668,'2020-03-30','Severe'),(7135,1,1164,'2020-10-22','Severe'),(7136,3,1556,'2020-02-07','Moderate'),(7137,1,1197,'2020-08-26','Severe'),(7138,2,952,'2020-04-09','Light'),(7139,2,746,'2020-04-30','Light'),(7140,2,1284,'2020-05-09','Moderate'),(7141,3,1346,'2020-02-26','Light'),(7142,3,719,'2020-02-13','Light'),(7143,1,1318,'2020-10-06','Severe'),(7144,2,9,'2020-11-30','Light'),(7145,2,1189,'2020-10-08','Light'),(7146,2,712,'2020-05-24','Heavy'),(7147,2,1717,'2020-12-10','Light'),(7148,2,147,'2020-05-03','Light'),(7149,1,1237,'2020-03-15','Severe'),(7150,2,190,'2020-04-25','Light'),(7151,1,53,'2020-05-14','Severe'),(7152,2,746,'2020-03-28','Light'),(7153,2,633,'2020-12-20','Light'),(7154,3,203,'2020-02-27','Light'),(7155,1,776,'2020-01-20','Moderate'),(7156,2,1605,'2020-03-30','Light'),(7157,1,1140,'2020-01-04','Severe'),(7158,2,192,'2020-04-29','Light'),(7159,2,366,'2020-03-03','Light'),(7160,2,1718,'2020-09-28','Light'),(7161,2,190,'2020-11-20','Light'),(7162,1,832,'2020-06-01','Severe'),(7163,3,269,'2020-12-03','Light'),(7164,1,1719,'2020-01-24','Severe'),(7165,1,1495,'2020-09-12','Moderate'),(7166,2,375,'2020-07-31','Light'),(7167,2,1535,'2020-01-11','Light'),(7168,1,2,'2020-06-19','Severe'),(7169,1,438,'2020-07-05','Moderate'),(7170,1,262,'2020-10-21','Severe'),(7171,5,521,'2020-11-10','Severe'),(7172,2,1307,'2020-04-08','Moderate'),(7173,2,958,'2020-09-18','Light'),(7174,3,1572,'2020-01-22','Light'),(7175,2,265,'2020-07-01','Light'),(7176,3,238,'2020-10-16','Light'),(7177,2,192,'2020-10-15','Light'),(7178,2,370,'2020-04-10','Light'),(7179,3,986,'2020-12-01','Light'),(7180,2,73,'2020-05-21','Light'),(7181,1,177,'2020-06-22','Severe'),(7182,1,1289,'2020-08-14','Moderate'),(7183,3,131,'2020-03-04','Light'),(7184,1,1228,'2020-02-08','Severe'),(7185,2,1606,'2020-04-07','Moderate'),(7186,3,2,'2020-01-19','Light'),(7187,2,126,'2020-10-25','Light'),(7188,1,276,'2020-08-01','Severe'),(7189,2,1720,'2020-05-09','Light'),(7190,1,12,'2020-07-10','Moderate'),(7191,2,1086,'2020-04-24','Light'),(7192,2,363,'2020-03-20','Light'),(7193,2,568,'2020-11-10','Light'),(7194,2,308,'2020-03-09','Moderate'),(7195,2,221,'2020-02-07','Light'),(7196,1,1699,'2020-01-31','Moderate'),(7197,3,58,'2020-12-29','Light'),(7198,2,1721,'2020-12-03','Light'),(7199,2,865,'2020-03-09','Light'),(7200,1,389,'2020-12-12','Severe'),(7201,2,735,'2020-02-27','Light'),(7202,2,1386,'2020-11-30','Light'),(7203,2,1635,'2020-11-09','Light'),(7204,2,519,'2020-01-24','Light'),(7205,3,63,'2020-11-16','Light'),(7206,2,1620,'2020-03-20','Light'),(7207,2,567,'2020-04-29','Moderate'),(7208,1,1640,'2020-10-12','Moderate'),(7209,1,155,'2020-03-13','Severe'),(7210,1,116,'2020-02-10','Severe'),(7211,3,1443,'2020-01-20','Moderate'),(7212,2,108,'2020-07-09','Light'),(7213,2,1162,'2020-12-13','Light'),(7214,2,557,'2020-08-31','Light'),(7215,4,1542,'2020-08-10','UNK'),(7216,2,114,'2020-09-06','Light'),(7217,2,1710,'2020-05-26','Light'),(7218,2,546,'2020-12-16','Light'),(7219,4,668,'2020-11-30','UNK'),(7220,2,690,'2020-11-22','Light'),(7221,2,444,'2020-10-29','Light'),(7222,2,26,'2020-01-14','Light'),(7223,2,95,'2020-01-31','Light'),(7224,2,1431,'2020-01-13','Light'),(7225,1,1527,'2020-12-15','Severe'),(7226,6,31,'2020-09-19','Severe'),(7227,3,1199,'2020-12-26','Light'),(7228,1,742,'2020-01-29','Severe'),(7229,2,630,'2020-01-28','Moderate'),(7230,1,830,'2020-10-22','Severe'),(7231,1,1107,'2020-02-18','Severe'),(7232,1,902,'2020-02-19','Severe'),(7233,2,475,'2020-08-01','Light'),(7234,2,1042,'2020-03-02','Light'),(7235,2,178,'2020-09-28','Light'),(7236,2,1270,'2020-02-11','Light'),(7237,1,1215,'2020-03-02','Severe'),(7238,1,1092,'2020-09-16','Severe'),(7239,1,1244,'2020-01-04','Severe'),(7240,2,701,'2020-09-16','Light'),(7241,2,490,'2020-05-17','Light'),(7242,3,844,'2020-12-25','Light'),(7243,1,181,'2020-01-27','Moderate'),(7244,2,1641,'2020-05-24','Light'),(7245,1,579,'2020-11-22','Severe'),(7246,2,625,'2020-03-22','Light'),(7247,3,283,'2020-12-25','Light'),(7248,1,625,'2020-10-14','Severe'),(7249,2,504,'2020-02-17','Light'),(7250,2,305,'2020-06-23','Heavy'),(7251,1,204,'2020-11-11','Severe'),(7252,2,67,'2020-01-14','Light'),(7253,3,1218,'2020-03-23','Moderate'),(7254,2,4,'2020-05-08','Light'),(7255,2,662,'2020-12-12','Moderate'),(7256,2,1331,'2020-05-24','Light'),(7257,3,1237,'2020-12-18','Light'),(7258,1,660,'2020-06-23','Severe'),(7259,3,685,'2020-03-14','Moderate'),(7260,1,1177,'2020-12-13','Moderate'),(7261,2,529,'2020-05-29','Light'),(7262,2,234,'2020-04-26','Light'),(7263,2,702,'2020-08-02','Moderate'),(7264,1,1685,'2020-12-13','Severe'),(7265,3,837,'2020-01-31','Light'),(7266,2,310,'2020-08-23','Light'),(7267,1,1608,'2020-09-27','Severe'),(7268,1,1,'2020-10-07','Severe'),(7269,2,1107,'2020-01-22','Light'),(7270,3,515,'2020-12-14','Light'),(7271,1,311,'2020-01-13','Severe'),(7272,2,938,'2020-11-24','Light'),(7273,1,453,'2020-10-25','Severe'),(7274,1,999,'2020-09-03','Severe'),(7275,2,950,'2020-04-20','Moderate'),(7276,1,117,'2020-11-23','Moderate'),(7277,1,344,'2020-04-03','Moderate'),(7278,1,1553,'2020-03-31','Severe'),(7279,1,1597,'2020-07-13','Moderate'),(7280,1,609,'2020-10-08','Severe'),(7281,2,97,'2020-01-14','Light'),(7282,2,26,'2020-07-04','Light'),(7283,4,1278,'2020-06-04','UNK'),(7284,1,1166,'2020-01-19','Severe'),(7285,2,750,'2020-08-29','Light'),(7286,3,666,'2020-12-25','Light'),(7287,2,512,'2020-08-06','Light'),(7288,3,163,'2020-01-16','Light'),(7289,3,346,'2020-02-29','Light'),(7290,5,1549,'2020-01-01','Severe'),(7291,3,949,'2020-10-17','Light'),(7292,2,978,'2020-09-28','Moderate'),(7293,2,1674,'2020-03-19','Moderate'),(7294,4,1722,'2020-04-24','UNK'),(7295,1,214,'2020-01-08','Severe'),(7296,3,163,'2020-03-02','Light'),(7297,2,1219,'2020-11-28','Light'),(7298,1,286,'2020-11-22','Moderate'),(7299,2,770,'2020-01-22','Light'),(7300,3,556,'2020-12-11','Light'),(7301,3,653,'2020-03-14','Light'),(7302,2,1224,'2020-05-25','Light'),(7303,3,824,'2020-03-14','Light'),(7304,3,1716,'2020-10-22','Light'),(7305,2,328,'2020-05-26','Light'),(7306,1,941,'2020-09-20','Moderate'),(7307,2,1390,'2020-05-28','Light'),(7308,4,1679,'2020-08-14','UNK'),(7309,5,218,'2020-07-09','Severe'),(7310,2,797,'2020-09-14','Light'),(7311,2,14,'2020-12-20','Light'),(7312,1,1170,'2020-07-03','Severe'),(7313,1,167,'2020-07-08','Severe'),(7314,3,527,'2020-12-26','Light'),(7315,1,306,'2020-01-12','Severe'),(7316,2,1165,'2020-12-01','Light'),(7317,2,1329,'2020-01-25','Light'),(7318,1,1131,'2020-01-23','Severe'),(7319,1,623,'2020-05-28','Moderate'),(7320,1,349,'2020-03-04','Severe'),(7321,1,1203,'2020-03-29','Severe'),(7322,2,1664,'2020-01-26','Light'),(7323,1,1202,'2020-07-01','Moderate'),(7324,2,781,'2020-01-18','Light'),(7325,2,1159,'2020-02-15','Light'),(7326,2,1023,'2020-12-13','Light'),(7327,2,1038,'2020-11-23','Moderate'),(7328,1,384,'2020-01-27','Severe'),(7329,2,1632,'2020-11-15','Moderate'),(7330,2,1723,'2020-11-28','Light'),(7331,4,630,'2020-05-01','UNK'),(7332,2,1349,'2020-11-08','Light'),(7333,3,360,'2020-12-24','Light'),(7334,5,782,'2020-08-14','Severe'),(7335,3,1177,'2020-11-15','Light'),(7336,2,723,'2020-06-03','Light'),(7337,1,344,'2020-02-22','Severe'),(7338,3,719,'2020-02-08','Light'),(7339,1,1617,'2020-01-14','Severe'),(7340,3,544,'2020-12-14','Light'),(7341,3,982,'2020-12-16','Light'),(7342,2,1042,'2020-02-05','Moderate'),(7343,1,1084,'2020-02-01','Severe'),(7344,2,1724,'2020-12-06','Light'),(7345,2,1431,'2020-02-20','Light'),(7346,2,706,'2020-05-17','Light'),(7347,2,896,'2020-07-10','Light'),(7348,1,685,'2020-11-18','Severe'),(7349,2,17,'2020-04-09','Light'),(7350,3,1658,'2020-02-07','Light'),(7351,2,1494,'2020-10-17','Moderate'),(7352,2,1031,'2020-01-31','Moderate'),(7353,2,445,'2020-02-12','Light'),(7354,2,299,'2020-07-28','Light'),(7355,3,615,'2020-01-08','Light'),(7356,2,1725,'2020-05-29','Light'),(7357,2,5,'2020-12-21','Light'),(7358,2,1023,'2020-07-06','Light'),(7359,2,234,'2020-11-15','Moderate'),(7360,3,571,'2020-01-07','Light'),(7361,2,431,'2020-03-23','Light'),(7362,2,1726,'2020-05-23','Light'),(7363,2,692,'2020-03-22','Light'),(7364,4,935,'2020-07-12','UNK'),(7365,2,1166,'2020-04-11','Light'),(7366,2,349,'2020-09-10','Light'),(7367,2,105,'2020-08-24','Light'),(7368,2,372,'2020-08-08','Light'),(7369,2,528,'2020-06-10','Moderate'),(7370,1,149,'2020-05-20','Moderate'),(7371,1,851,'2020-02-20','Moderate'),(7372,2,389,'2020-02-08','Light'),(7373,3,401,'2020-03-24','Light'),(7374,1,979,'2020-04-06','Severe'),(7375,2,573,'2020-02-20','Moderate'),(7376,1,311,'2020-12-14','Severe'),(7377,1,96,'2020-03-17','Severe'),(7378,2,623,'2020-07-05','Light'),(7379,2,37,'2020-08-30','Moderate'),(7380,1,187,'2020-11-21','Severe'),(7381,1,790,'2020-10-15','Severe'),(7382,2,1393,'2020-06-19','Light'),(7383,2,62,'2020-02-04','Light'),(7384,2,139,'2020-08-27','Light'),(7385,1,1188,'2020-03-24','Severe'),(7386,2,876,'2020-06-05','Light'),(7387,3,500,'2020-12-13','Moderate'),(7388,2,1535,'2020-06-04','Light'),(7389,2,522,'2020-11-18','Light'),(7390,2,348,'2020-10-22','Light'),(7391,2,480,'2020-04-04','Light'),(7392,1,456,'2020-02-26','Severe'),(7393,2,1122,'2020-03-22','Light'),(7394,2,148,'2020-02-16','Light'),(7395,2,2,'2020-07-01','Heavy'),(7396,1,132,'2020-11-25','Severe'),(7397,2,804,'2020-09-26','Light'),(7398,2,398,'2020-09-15','Light'),(7399,1,724,'2020-08-20','Moderate'),(7400,1,747,'2020-09-19','Severe'),(7401,2,27,'2020-11-10','Light'),(7402,2,773,'2020-10-01','Light'),(7403,2,130,'2020-07-22','Light'),(7404,1,848,'2020-02-10','Severe'),(7405,1,1007,'2020-09-14','Severe'),(7406,2,1142,'2020-10-29','Light'),(7407,1,355,'2020-03-11','Severe'),(7408,2,1615,'2020-11-11','Moderate'),(7409,1,1004,'2020-05-03','Severe'),(7410,1,186,'2020-11-11','Moderate'),(7411,2,1473,'2020-05-23','Moderate'),(7412,2,59,'2020-01-27','Light'),(7413,2,758,'2020-03-15','Light'),(7414,2,109,'2020-10-10','Light'),(7415,3,199,'2020-01-18','Light'),(7416,2,378,'2020-09-29','Moderate'),(7417,3,1727,'2020-01-24','Light'),(7418,3,1166,'2020-03-16','Light'),(7419,2,1506,'2020-02-10','Light'),(7420,1,908,'2020-01-24','Severe'),(7421,4,368,'2020-07-04','UNK'),(7422,2,1082,'2020-05-26','Light'),(7423,2,380,'2020-02-05','Heavy'),(7424,2,573,'2020-12-24','Heavy'),(7425,2,1179,'2020-03-21','Light'),(7426,2,1619,'2020-06-07','Light'),(7427,3,636,'2020-03-23','Moderate'),(7428,2,1255,'2020-02-26','Light'),(7429,2,109,'2020-07-07','Light'),(7430,2,1125,'2020-07-31','Light'),(7431,1,62,'2020-02-25','Severe'),(7432,2,825,'2020-01-12','Light'),(7433,2,1443,'2020-03-22','Light'),(7434,1,1689,'2020-08-25','Moderate'),(7435,2,550,'2020-05-27','Light'),(7436,1,41,'2020-11-11','Severe'),(7437,2,165,'2020-12-14','Light'),(7438,2,692,'2020-03-20','Moderate'),(7439,3,1021,'2020-01-18','Light'),(7440,2,1166,'2020-06-19','Light'),(7441,2,59,'2020-03-25','Moderate'),(7442,2,1323,'2020-09-06','Light'),(7443,1,307,'2020-02-22','Severe'),(7444,1,694,'2020-05-21','Severe'),(7445,2,1545,'2020-03-25','Light'),(7446,5,3,'2020-03-03','Severe'),(7447,2,409,'2020-10-28','Heavy'),(7448,2,380,'2020-01-03','Light'),(7449,2,430,'2020-02-06','Moderate'),(7450,3,262,'2020-12-25','Light'),(7451,2,932,'2020-01-18','Light'),(7452,2,440,'2020-03-03','Light'),(7453,5,573,'2020-01-26','Severe'),(7454,3,623,'2020-12-15','Light'),(7455,2,204,'2020-05-19','Light'),(7456,2,1436,'2020-01-02','Light'),(7457,2,428,'2020-11-02','Light'),(7458,2,336,'2020-11-22','Light'),(7459,1,1224,'2020-08-25','Severe'),(7460,2,94,'2020-06-21','Light'),(7461,2,674,'2020-09-30','Heavy'),(7462,2,601,'2020-07-13','Light'),(7463,2,618,'2020-03-10','Light'),(7464,2,735,'2020-06-05','Light'),(7465,2,234,'2020-04-19','Light'),(7466,1,1430,'2020-05-16','Severe'),(7467,2,64,'2020-03-17','Light'),(7468,2,1442,'2020-04-18','Moderate'),(7469,2,1074,'2020-08-28','Light'),(7470,2,579,'2020-11-13','Light'),(7471,1,31,'2020-10-16','Severe'),(7472,2,461,'2020-06-18','Light'),(7473,2,1049,'2020-03-19','Light'),(7474,1,485,'2020-07-05','Moderate'),(7475,2,584,'2020-01-12','Light'),(7476,1,44,'2020-01-16','Severe'),(7477,2,1355,'2020-07-07','Moderate'),(7478,1,5,'2020-10-05','Severe'),(7479,1,529,'2020-07-04','Severe'),(7480,2,26,'2020-08-14','Light'),(7481,1,620,'2020-03-04','Severe'),(7482,1,555,'2020-01-26','Severe'),(7483,3,1658,'2020-11-13','Light'),(7484,1,8,'2020-02-26','Severe'),(7485,2,579,'2020-06-16','Light'),(7486,2,85,'2020-09-12','Light'),(7487,1,336,'2020-10-11','Severe'),(7488,2,1072,'2020-01-04','Light'),(7489,2,204,'2020-11-17','Light'),(7490,2,1332,'2020-11-29','Light'),(7491,1,460,'2020-08-22','Severe'),(7492,2,415,'2020-05-17','Light'),(7493,2,192,'2020-01-04','Light'),(7494,6,1631,'2020-04-27','Severe'),(7495,1,633,'2020-11-24','Severe'),(7496,2,383,'2020-02-26','Light'),(7497,2,88,'2020-09-29','Light'),(7498,2,1597,'2020-02-06','Moderate'),(7499,2,554,'2020-03-02','Light'),(7500,3,589,'2020-10-20','Light'),(7501,2,219,'2020-12-28','Light'),(7502,1,1424,'2020-05-04','Severe'),(7503,2,744,'2020-03-26','Light'),(7504,1,669,'2020-02-28','Moderate'),(7505,3,207,'2020-01-09','Light'),(7506,2,553,'2020-06-30','Moderate'),(7507,2,480,'2020-03-04','Light'),(7508,4,717,'2020-07-19','UNK'),(7509,3,279,'2020-12-24','Light'),(7510,2,1375,'2020-09-08','Moderate'),(7511,1,979,'2020-09-27','Severe'),(7512,2,90,'2020-12-05','Light'),(7513,2,915,'2020-07-02','Light'),(7514,1,1518,'2020-06-25','Severe'),(7515,2,1288,'2020-11-04','Light'),(7516,1,848,'2020-04-23','Moderate'),(7517,2,110,'2020-06-17','Moderate'),(7518,1,1377,'2020-09-03','Severe'),(7519,2,57,'2020-12-14','Moderate'),(7520,2,426,'2020-12-03','Light'),(7521,3,1143,'2020-01-06','Light'),(7522,3,1683,'2020-02-09','Light'),(7523,2,76,'2020-09-22','Light'),(7524,3,63,'2020-04-20','Light'),(7525,2,480,'2020-02-20','Light'),(7526,1,631,'2020-02-27','Moderate'),(7527,1,1074,'2020-02-11','Severe'),(7528,3,633,'2020-02-12','Light'),(7529,1,959,'2020-08-17','Severe'),(7530,2,398,'2020-02-19','Light'),(7531,1,55,'2020-11-13','Severe'),(7532,2,163,'2020-09-11','Light'),(7533,3,1721,'2020-02-05','Light'),(7534,2,125,'2020-04-08','Light'),(7535,2,1671,'2020-09-01','Light'),(7536,2,597,'2020-01-26','Light'),(7537,1,1728,'2020-09-18','Severe'),(7538,3,1688,'2020-10-29','Moderate'),(7539,3,55,'2020-02-13','Light'),(7540,3,762,'2020-10-26','Light'),(7541,2,456,'2020-08-04','Moderate'),(7542,2,117,'2020-05-26','Light'),(7543,2,706,'2020-05-01','Light'),(7544,2,464,'2020-02-07','Light'),(7545,2,3,'2020-12-02','Moderate'),(7546,2,340,'2020-05-17','Light'),(7547,2,712,'2020-06-28','Light'),(7548,2,11,'2020-10-10','Light'),(7549,2,60,'2020-04-09','Light'),(7550,2,150,'2020-08-15','Moderate'),(7551,2,813,'2020-03-21','Light'),(7552,1,117,'2020-11-22','Moderate'),(7553,1,1102,'2020-05-27','Severe'),(7554,1,959,'2020-06-17','Severe'),(7555,3,372,'2020-01-20','Light'),(7556,2,1376,'2020-11-07','Light'),(7557,1,1346,'2020-05-19','Severe'),(7558,4,1512,'2020-07-03','UNK'),(7559,2,305,'2020-09-28','Light'),(7560,2,129,'2020-06-22','Light'),(7561,1,1647,'2020-07-13','Moderate'),(7562,3,1536,'2020-04-16','Light'),(7563,2,985,'2020-06-01','Light'),(7564,2,271,'2020-09-09','Light'),(7565,1,234,'2020-01-27','Severe'),(7566,1,32,'2020-09-23','Severe'),(7567,1,1097,'2020-08-23','Severe'),(7568,2,1080,'2020-02-13','Moderate'),(7569,3,945,'2020-01-03','Light'),(7570,1,567,'2020-04-02','Severe'),(7571,4,701,'2020-07-07','UNK'),(7572,2,1218,'2020-02-06','Light'),(7573,2,1256,'2020-06-25','Light'),(7574,2,1654,'2020-01-03','Light'),(7575,2,1729,'2020-08-01','Light'),(7576,1,1229,'2020-04-05','Severe'),(7577,2,147,'2020-09-12','Light'),(7578,2,174,'2020-12-13','Light'),(7579,3,633,'2020-12-23','Light'),(7580,2,1041,'2020-07-28','Light'),(7581,2,1380,'2020-10-10','Light'),(7582,3,10,'2020-02-04','Light'),(7583,1,482,'2020-01-28','Severe'),(7584,2,1440,'2020-03-31','Moderate'),(7585,3,758,'2020-01-29','Light'),(7586,1,1730,'2020-06-07','Severe'),(7587,2,261,'2020-02-15','Light'),(7588,2,698,'2020-09-02','Light'),(7589,2,73,'2020-04-15','Light'),(7590,3,513,'2020-01-09','Light'),(7591,2,1030,'2020-07-23','Moderate'),(7592,4,1375,'2020-07-10','UNK'),(7593,3,1371,'2020-01-27','Light'),(7594,1,525,'2020-04-08','Moderate'),(7595,3,734,'2020-04-10','Light'),(7596,3,1146,'2020-01-08','Moderate'),(7597,3,1373,'2020-02-07','Light'),(7598,2,581,'2020-05-08','Light'),(7599,1,1442,'2020-07-20','Severe'),(7600,2,1564,'2020-09-27','Light'),(7601,3,1014,'2020-01-24','Light'),(7602,2,1326,'2020-08-24','Light'),(7603,4,238,'2020-08-14','UNK'),(7604,2,1322,'2020-05-30','Light'),(7605,3,633,'2020-04-02','Light'),(7606,2,1019,'2020-06-28','Light'),(7607,2,1731,'2020-03-11','Light'),(7608,2,1677,'2020-05-20','Light'),(7609,3,995,'2020-01-24','Light'),(7610,2,937,'2020-07-30','Heavy'),(7611,2,69,'2020-01-22','Light'),(7612,2,1725,'2020-06-09','Light'),(7613,2,331,'2020-11-25','Light'),(7614,2,885,'2020-11-25','Light'),(7615,1,1414,'2020-04-06','Moderate'),(7616,2,636,'2020-09-30','Heavy'),(7617,1,1298,'2020-05-01','Moderate'),(7618,3,238,'2020-03-05','Light'),(7619,2,322,'2020-03-04','Light'),(7620,3,379,'2020-01-03','Light'),(7621,2,3,'2020-08-01','Light'),(7622,2,983,'2020-08-28','Light'),(7623,1,757,'2020-09-14','Moderate'),(7624,2,244,'2020-10-29','Light'),(7625,2,823,'2020-09-17','Light'),(7626,1,381,'2020-12-16','Severe'),(7627,4,1732,'2020-07-30','UNK'),(7628,4,486,'2020-08-16','UNK'),(7629,3,1113,'2020-02-27','Light'),(7630,1,166,'2020-04-25','Severe'),(7631,2,233,'2020-01-23','Light'),(7632,2,1027,'2020-01-31','Moderate'),(7633,2,375,'2020-02-26','Light'),(7634,1,1043,'2020-09-16','Severe'),(7635,2,1085,'2020-03-18','Light'),(7636,2,311,'2020-03-04','Light'),(7637,3,321,'2020-02-27','Light'),(7638,2,549,'2020-11-29','Light'),(7639,2,735,'2020-11-12','Light'),(7640,3,112,'2020-12-14','Light'),(7641,1,584,'2020-02-04','Severe'),(7642,2,1130,'2020-03-09','Light'),(7643,1,362,'2020-02-11','Severe'),(7644,1,138,'2020-12-26','Severe'),(7645,2,1078,'2020-03-14','Light'),(7646,3,30,'2020-01-13','Light'),(7647,3,676,'2020-12-29','Moderate'),(7648,2,1733,'2020-11-01','Light'),(7649,2,683,'2020-04-07','Light'),(7650,1,1094,'2020-06-05','Moderate'),(7651,2,147,'2020-08-09','Moderate'),(7652,1,296,'2020-08-22','Moderate'),(7653,3,710,'2020-04-23','Light'),(7654,2,327,'2020-11-26','Light'),(7655,2,121,'2020-08-04','Light'),(7656,2,219,'2020-03-15','Light'),(7657,2,1297,'2020-10-12','Light'),(7658,2,983,'2020-11-21','Light'),(7659,2,1258,'2020-07-08','Light'),(7660,2,869,'2020-01-03','Light'),(7661,1,709,'2020-03-12','Severe'),(7662,1,734,'2020-12-21','Severe'),(7663,2,1424,'2020-01-15','Light'),(7664,2,1018,'2020-05-15','Moderate'),(7665,3,1583,'2020-12-13','Light'),(7666,3,803,'2020-05-09','Light'),(7667,5,206,'2020-08-30','Severe'),(7668,2,1283,'2020-10-25','Light'),(7670,2,1428,'2020-12-05','Light'),(7671,2,488,'2020-07-29','Light'),(7672,2,445,'2020-10-11','Heavy'),(7673,2,578,'2020-03-30','Light'),(7674,2,316,'2020-12-27','Light'),(7675,1,43,'2020-11-23','Severe'),(7676,1,384,'2020-01-26','Severe'),(7677,1,109,'2020-05-17','Severe'),(7678,2,883,'2020-05-24','Light'),(7679,2,758,'2020-09-05','Light'),(7680,1,529,'2020-05-24','Severe'),(7681,2,1331,'2020-04-26','Light'),(7682,2,1438,'2020-05-27','Light'),(7683,2,205,'2020-01-11','Light'),(7684,2,203,'2020-07-20','Light'),(7685,2,358,'2020-01-04','Light'),(7686,2,360,'2020-10-01','Light'),(7687,2,367,'2020-09-29','Light'),(7688,1,983,'2020-09-16','Severe'),(7689,2,1345,'2020-02-16','Light'),(7690,1,262,'2020-10-20','Severe'),(7691,3,360,'2020-02-13','Heavy'),(7692,1,6,'2020-06-16','Severe'),(7693,2,68,'2020-05-19','Light'),(7694,1,26,'2020-04-06','Severe'),(7695,1,1427,'2020-01-23','Severe'),(7696,1,439,'2020-05-11','Severe'),(7697,1,1682,'2020-05-23','Severe'),(7699,3,1600,'2020-01-19','Light'),(7700,2,215,'2020-11-11','Light'),(7701,1,957,'2020-05-09','Severe'),(7702,2,960,'2020-04-24','Light'),(7703,2,658,'2020-01-10','Moderate'),(7704,2,1734,'2020-01-25','Light'),(7705,4,406,'2020-04-12','UNK'),(7706,2,735,'2020-06-19','Light'),(7707,1,1217,'2020-11-27','Severe'),(7708,2,402,'2020-02-20','Light'),(7709,2,1086,'2020-03-25','Light'),(7710,2,451,'2020-06-17','Heavy'),(7711,2,1237,'2020-01-31','Light'),(7712,2,754,'2020-03-09','Light'),(7713,1,68,'2020-02-06','Moderate'),(7714,1,776,'2020-02-17','Severe'),(7715,4,979,'2020-06-21','UNK'),(7716,2,73,'2020-05-15','Light'),(7717,1,861,'2020-03-30','Severe'),(7718,1,88,'2020-08-17','Severe'),(7719,2,1474,'2020-09-08','Light'),(7720,2,49,'2020-08-24','Light'),(7721,2,198,'2020-02-01','Light'),(7722,1,1109,'2020-10-25','Severe'),(7723,3,1261,'2020-01-31','Light'),(7724,2,335,'2020-11-24','Light'),(7725,3,1735,'2020-12-12','Light'),(7726,1,1647,'2020-01-15','Severe'),(7727,1,386,'2020-07-25','Severe'),(7728,4,167,'2020-07-23','UNK'),(7729,1,1211,'2020-08-25','Severe'),(7730,1,203,'2020-04-08','Moderate'),(7731,1,1467,'2020-08-23','Moderate'),(7732,2,886,'2020-03-17','Light'),(7733,5,1320,'2020-10-27','Severe'),(7734,1,1736,'2020-10-20','Severe'),(7735,3,1355,'2020-01-25','Light'),(7736,2,1564,'2020-05-26','Moderate'),(7737,2,94,'2020-03-15','Light'),(7738,1,460,'2020-02-16','Severe'),(7739,1,879,'2020-09-25','Severe'),(7740,2,743,'2020-04-12','Light'),(7741,3,598,'2020-01-10','Light'),(7742,2,1230,'2020-11-30','Moderate'),(7743,1,198,'2020-09-23','Severe'),(7744,2,1028,'2020-07-27','Moderate'),(7745,2,107,'2020-05-24','Light'),(7746,5,1250,'2020-09-14','Severe'),(7747,1,504,'2020-09-10','Moderate'),(7748,2,1517,'2020-06-20','Light'),(7749,2,204,'2020-12-17','Light'),(7750,1,1614,'2020-01-26','Severe'),(7751,5,489,'2020-07-31','Severe'),(7752,3,1225,'2020-03-21','Light'),(7753,2,1485,'2020-09-28','Light'),(7754,5,1470,'2020-09-12','Severe'),(7755,2,422,'2020-01-17','Light'),(7756,1,1466,'2020-01-05','Severe'),(7757,2,412,'2020-11-09','Light'),(7758,4,1648,'2020-04-26','UNK'),(7759,4,1727,'2020-08-09','UNK'),(7760,2,797,'2020-04-29','Light'),(7761,3,198,'2020-02-14','Light'),(7762,2,81,'2020-11-30','Heavy'),(7763,2,156,'2020-03-19','Light'),(7764,2,1044,'2020-10-14','Light'),(7765,2,1393,'2020-09-11','Light'),(7766,2,1384,'2020-06-05','Light'),(7767,1,383,'2020-11-11','Severe'),(7768,2,1306,'2020-02-06','Light'),(7769,3,1737,'2020-12-28','Light'),(7770,2,59,'2020-06-10','Light'),(7771,1,1738,'2020-01-17','Severe'),(7772,2,336,'2020-07-01','Heavy'),(7773,2,164,'2020-11-09','Light'),(7774,2,1103,'2020-02-04','Light'),(7775,3,178,'2020-01-23','Light'),(7776,2,1475,'2020-09-29','Heavy'),(7777,2,876,'2020-05-25','Light'),(7778,2,464,'2020-12-25','Moderate'),(7779,1,261,'2020-03-09','Severe'),(7780,2,220,'2020-09-29','Moderate'),(7781,2,573,'2020-03-10','Light'),(7782,3,1689,'2020-02-18','Light'),(7783,2,1225,'2020-11-11','Light'),(7784,3,32,'2020-12-13','Light'),(7785,1,1515,'2020-09-12','Severe'),(7786,3,1048,'2020-10-21','Light'),(7787,2,240,'2020-09-08','Light'),(7788,2,1319,'2020-01-27','Light'),(7789,3,1739,'2020-03-28','Light'),(7790,2,32,'2020-05-16','Light'),(7791,1,461,'2020-06-06','Severe'),(7792,2,572,'2020-10-22','Light'),(7793,1,109,'2020-02-25','Severe'),(7794,1,757,'2020-12-09','Severe'),(7795,2,1545,'2020-09-08','Light'),(7796,2,223,'2020-02-27','Light'),(7797,3,417,'2020-12-18','Light'),(7798,1,1412,'2020-02-07','Severe'),(7799,3,83,'2020-01-18','Light'),(7800,2,596,'2020-10-25','Heavy'),(7801,3,93,'2020-10-19','Light'),(7802,2,467,'2020-05-05','Light'),(7803,2,134,'2020-11-25','Light'),(7804,2,357,'2020-03-25','Light'),(7805,3,1360,'2020-11-25','Light'),(7806,2,688,'2020-01-18','Light'),(7807,2,1186,'2020-02-13','Light'),(7808,2,737,'2020-06-20','Light'),(7809,2,818,'2020-12-16','Moderate'),(7810,5,298,'2020-08-18','Severe'),(7811,1,724,'2020-08-24','Severe'),(7812,2,1256,'2020-11-23','Light'),(7813,1,488,'2020-01-30','Severe'),(7814,2,159,'2020-10-10','Light'),(7815,2,569,'2020-05-05','Light'),(7816,2,1525,'2020-02-06','Light'),(7817,3,26,'2020-01-17','Light'),(7818,1,983,'2020-03-15','Moderate'),(7819,1,273,'2020-12-31','Severe'),(7820,5,1550,'2020-06-30','Severe'),(7821,2,1098,'2020-02-09','Light'),(7822,1,1740,'2020-12-07','Severe'),(7823,1,1741,'2020-03-28','Severe'),(7824,3,234,'2020-12-14','Light'),(7825,2,1448,'2020-02-19','Light'),(7826,2,1539,'2020-06-19','Light'),(7827,1,1050,'2020-10-25','Moderate'),(7828,1,1219,'2020-02-04','Moderate'),(7829,2,1096,'2020-08-06','Light'),(7830,3,302,'2020-04-04','Moderate'),(7831,1,43,'2020-09-27','Severe'),(7832,1,129,'2020-05-16','Severe'),(7833,2,860,'2020-07-03','Heavy'),(7834,1,984,'2020-10-04','Moderate'),(7835,3,313,'2020-02-25','Light'),(7836,1,991,'2020-11-06','Moderate'),(7837,1,183,'2020-11-20','Severe'),(7838,2,1518,'2020-02-12','Light'),(7839,2,1511,'2020-03-28','Light'),(7840,2,171,'2020-10-30','Light'),(7841,3,99,'2020-03-17','Light'),(7842,2,316,'2020-01-17','Light'),(7843,1,501,'2020-07-25','Severe'),(7844,3,1601,'2020-10-20','Light'),(7845,2,1331,'2020-05-15','Light'),(7846,2,577,'2020-01-23','Light'),(7847,1,896,'2020-10-28','Severe'),(7848,2,196,'2020-11-25','Moderate'),(7849,1,910,'2020-09-26','Severe'),(7850,2,650,'2020-01-24','Light'),(7851,1,1126,'2020-09-05','Severe'),(7852,2,640,'2020-08-29','Light'),(7853,2,629,'2020-05-05','Light'),(7854,1,999,'2020-09-11','Severe'),(7855,5,1202,'2020-02-27','Severe'),(7856,1,365,'2020-09-01','Severe'),(7857,3,852,'2020-12-07','Light'),(7858,2,1398,'2020-03-11','Light'),(7859,2,657,'2020-12-24','Moderate'),(7860,2,527,'2020-09-29','Light'),(7861,1,156,'2020-11-06','Severe'),(7862,2,1716,'2020-05-05','Light'),(7863,1,1471,'2020-03-22','Severe'),(7864,3,389,'2020-01-15','Light'),(7865,2,485,'2020-04-13','Moderate'),(7866,2,133,'2020-11-25','Light'),(7867,2,359,'2020-08-04','Light'),(7868,2,133,'2020-04-04','Light'),(7869,3,527,'2020-02-02','Light'),(7870,1,1579,'2020-12-29','Severe'),(7871,1,100,'2020-02-18','Severe'),(7872,2,573,'2020-02-05','Light'),(7873,2,1146,'2020-11-26','Light'),(7874,1,1513,'2020-08-27','Moderate'),(7875,2,409,'2020-05-16','Light'),(7876,1,1113,'2020-09-17','Severe'),(7877,2,765,'2020-04-01','Light'),(7878,3,1742,'2020-01-01','Light'),(7879,3,710,'2020-01-23','Light'),(7880,2,336,'2020-10-04','Light'),(7881,3,300,'2020-02-09','Light'),(7882,2,1699,'2020-09-08','Light'),(7883,2,512,'2020-02-06','Light'),(7884,2,139,'2020-07-02','Light'),(7885,2,1014,'2020-03-16','Light'),(7886,3,1743,'2020-02-23','Light'),(7887,3,55,'2020-01-28','Light'),(7888,2,962,'2020-10-20','Light'),(7889,2,1422,'2020-12-12','Light'),(7890,3,1744,'2020-04-02','Moderate'),(7891,2,723,'2020-08-29','Light'),(7892,1,1244,'2020-05-21','Severe'),(7893,2,843,'2020-09-19','Heavy'),(7894,2,67,'2020-06-18','Light'),(7895,3,1745,'2020-12-12','Light'),(7896,1,323,'2020-09-28','Severe'),(7897,2,1277,'2020-07-31','Light'),(7898,4,1319,'2020-07-07','UNK'),(7899,2,102,'2020-02-17','Light'),(7900,1,1428,'2020-09-04','Severe'),(7901,3,1528,'2020-11-11','Light'),(7902,2,59,'2020-01-04','Light'),(7903,2,734,'2020-04-26','Light'),(7904,4,292,'2020-09-05','UNK'),(7905,1,685,'2020-05-24','Severe'),(7906,1,628,'2020-07-18','Moderate'),(7907,2,1734,'2020-03-21','Light'),(7908,2,162,'2020-01-18','Light'),(7909,2,1575,'2020-11-28','Light'),(7910,3,156,'2020-12-16','Light'),(7911,3,63,'2020-03-03','Light'),(7912,2,441,'2020-11-22','Moderate'),(7913,2,470,'2020-07-09','Light'),(7914,2,790,'2020-06-29','Light'),(7915,1,1016,'2020-01-25','Severe'),(7916,4,793,'2020-10-10','UNK'),(7917,2,151,'2020-12-31','Light'),(7918,4,1056,'2020-08-10','UNK'),(7919,2,558,'2020-11-28','Light'),(7920,1,936,'2020-01-11','Severe'),(7921,2,584,'2020-10-10','Light'),(7922,1,761,'2020-08-10','Severe'),(7923,2,679,'2020-06-29','Light'),(7924,3,836,'2020-01-31','Light'),(7925,1,548,'2020-05-31','Moderate'),(7926,2,1162,'2020-01-14','Light'),(7927,2,1454,'2020-08-28','Light'),(7928,2,1043,'2020-05-14','Light'),(7929,2,434,'2020-03-04','Moderate'),(7930,2,571,'2020-02-12','Light'),(7931,5,1747,'2020-02-02','Severe'),(7932,2,359,'2020-11-11','Light'),(7933,2,166,'2020-04-30','Light'),(7934,2,239,'2020-09-02','Light'),(7935,2,1534,'2020-08-17','Light'),(7936,2,1018,'2020-08-24','Light'),(7937,2,488,'2020-07-21','Light'),(7938,1,377,'2020-11-25','Severe'),(7939,3,1178,'2020-12-31','Light'),(7940,1,1588,'2020-01-24','Severe'),(7941,2,601,'2020-08-30','Light'),(7942,2,386,'2020-08-02','Moderate'),(7943,1,217,'2020-01-22','Moderate'),(7944,3,1318,'2020-02-08','Light'),(7945,1,978,'2020-09-21','Severe'),(7946,2,419,'2020-11-16','Light'),(7947,2,1689,'2020-04-24','Light'),(7948,3,244,'2020-12-16','Light'),(7949,1,161,'2020-12-06','Severe'),(7950,2,573,'2020-03-23','Light'),(7951,2,316,'2020-05-14','Light'),(7952,1,643,'2020-03-17','Severe'),(7953,2,137,'2020-03-18','Moderate'),(7954,5,938,'2020-10-19','Severe'),(7955,3,363,'2020-02-05','Light'),(7956,1,1085,'2020-09-03','Severe'),(7957,2,372,'2020-06-18','Light'),(7958,2,414,'2020-12-31','Light'),(7959,2,832,'2020-02-02','Light'),(7960,3,1186,'2020-01-20','Light'),(7961,2,1092,'2020-02-01','Light'),(7962,2,378,'2020-05-08','Light'),(7963,3,405,'2020-03-15','Light'),(7964,2,36,'2020-05-24','Light'),(7965,4,608,'2020-11-18','UNK'),(7966,1,79,'2020-04-27','Severe'),(7967,1,1211,'2020-01-04','Severe'),(7968,2,1579,'2020-09-16','Light'),(7969,3,146,'2020-12-17','Light'),(7970,2,421,'2020-06-30','Light'),(7971,2,773,'2020-07-26','Light'),(7972,2,474,'2020-08-06','Light'),(7973,1,208,'2020-12-29','Severe'),(7974,1,954,'2020-04-08','Severe'),(7975,2,797,'2020-04-23','Light'),(7976,1,582,'2020-02-26','Severe'),(7977,2,641,'2020-10-28','Light'),(7978,2,719,'2020-10-20','Light'),(7979,2,154,'2020-07-29','Moderate'),(7980,2,1543,'2020-02-10','Light'),(7981,2,987,'2020-02-19','Light'),(7982,2,1027,'2020-03-05','Moderate'),(7983,2,474,'2020-02-04','Light'),(7984,2,342,'2020-03-29','Light'),(7985,2,875,'2020-01-25','Light'),(7986,2,641,'2020-03-16','Light'),(7987,1,1481,'2020-11-22','Severe'),(7988,2,216,'2020-07-27','Light'),(7989,2,1172,'2020-08-26','Light'),(7990,1,954,'2020-10-28','Severe'),(7991,1,1063,'2020-08-25','Moderate'),(7992,2,363,'2020-01-11','Light'),(7993,2,117,'2020-09-15','Light'),(7994,2,404,'2020-02-01','Light'),(7995,2,1543,'2020-11-27','Light'),(7996,1,109,'2020-01-25','Severe'),(7997,2,887,'2020-04-06','Light'),(7998,2,1252,'2020-03-19','Light'),(7999,2,985,'2020-09-16','Heavy'),(8000,2,1187,'2020-05-27','Light'),(8001,2,129,'2020-07-07','Light'),(8002,2,1157,'2020-06-22','Light'),(8003,2,1703,'2020-06-25','Light'),(8004,2,480,'2020-10-16','Light'),(8005,1,663,'2020-09-07','Moderate'),(8006,2,735,'2020-11-20','Light'),(8007,2,213,'2020-05-26','Light'),(8008,2,534,'2020-12-19','Light'),(8009,2,287,'2020-02-07','Light'),(8010,2,1448,'2020-02-06','Light'),(8011,2,171,'2020-12-24','Light'),(8012,3,1493,'2020-04-16','Light'),(8013,4,77,'2020-10-30','UNK'),(8014,1,776,'2020-01-05','Severe'),(8015,3,234,'2020-11-22','Moderate'),(8016,2,919,'2020-02-16','Light'),(8017,1,1053,'2020-10-22','Severe'),(8018,1,285,'2020-10-05','Severe'),(8019,1,1218,'2020-10-18','Severe'),(8020,2,73,'2020-09-05','Light'),(8021,1,306,'2020-03-26','Severe'),(8022,3,1727,'2020-03-15','Light'),(8023,2,576,'2020-11-12','Light'),(8024,5,826,'2020-11-01','Severe'),(8025,2,246,'2020-11-24','Light'),(8026,3,286,'2020-02-24','Heavy'),(8027,1,126,'2020-03-12','Severe'),(8028,2,1748,'2020-10-30','Light'),(8029,1,292,'2020-05-24','Severe'),(8030,2,1287,'2020-05-23','Light'),(8031,2,134,'2020-04-22','Light'),(8032,2,321,'2020-06-04','Moderate'),(8033,1,770,'2020-02-11','Severe'),(8034,2,1224,'2020-10-23','Moderate'),(8035,2,127,'2020-07-24','Light'),(8036,1,843,'2020-11-27','Severe'),(8037,2,234,'2020-01-11','Moderate'),(8038,2,744,'2020-04-07','Light'),(8039,3,955,'2020-02-26','Light'),(8040,1,217,'2020-11-16','Severe'),(8041,1,1683,'2020-01-25','Severe'),(8042,2,323,'2020-05-25','Light'),(8043,2,526,'2020-01-10','Light'),(8044,2,121,'2020-08-17','Light'),(8045,1,1191,'2020-02-23','Severe'),(8046,3,52,'2020-02-26','Light'),(8047,2,391,'2020-10-21','Light'),(8048,3,390,'2020-04-09','Light'),(8049,2,710,'2020-10-25','Light'),(8050,3,109,'2020-01-12','Light'),(8051,2,1020,'2020-03-09','Light'),(8052,1,210,'2020-06-24','Severe'),(8053,4,425,'2020-10-23','UNK'),(8054,2,1108,'2020-06-18','Light'),(8055,3,439,'2020-04-21','Light'),(8056,2,771,'2020-05-17','Moderate'),(8057,1,758,'2020-03-27','Severe'),(8058,2,246,'2020-01-25','Heavy'),(8059,2,1346,'2020-12-28','Light'),(8060,2,1751,'2020-06-07','Light'),(8061,1,1468,'2020-07-29','Severe'),(8062,2,1278,'2020-02-04','Light'),(8063,2,213,'2020-04-08','Light'),(8064,2,779,'2020-02-19','Light'),(8065,2,473,'2020-04-25','Light'),(8066,3,527,'2020-02-16','Light'),(8067,2,781,'2020-07-30','Moderate'),(8068,1,1424,'2020-04-01','Moderate'),(8069,2,897,'2020-04-05','Light'),(8070,1,50,'2020-08-09','Severe'),(8071,2,1066,'2020-11-15','Light'),(8072,2,1240,'2020-09-13','Light'),(8073,1,1466,'2020-01-20','Severe'),(8074,2,409,'2020-10-28','Light'),(8075,1,995,'2020-01-15','Severe'),(8076,3,1653,'2020-02-08','Light'),(8077,1,1020,'2020-12-30','Severe'),(8078,2,1027,'2020-07-09','Light'),(8079,3,1752,'2020-03-27','Light'),(8080,2,54,'2020-11-27','Heavy'),(8081,2,1089,'2020-03-10','Light'),(8082,1,1344,'2020-11-21','Severe'),(8083,2,1257,'2020-11-23','Light'),(8084,2,612,'2020-03-18','Light'),(8085,5,90,'2020-09-18','Severe'),(8086,2,618,'2020-04-23','Light'),(8087,2,147,'2020-05-14','Light'),(8088,2,37,'2020-03-03','Moderate'),(8089,2,472,'2020-09-29','Light'),(8090,2,119,'2020-02-12','Light'),(8091,3,224,'2020-03-13','Light'),(8092,1,1100,'2020-07-05','Severe'),(8093,1,1223,'2020-02-29','Severe'),(8094,4,1753,'2020-11-10','UNK'),(8095,1,688,'2020-10-06','Severe'),(8096,2,174,'2020-06-16','Light'),(8097,1,1714,'2020-06-11','Severe'),(8098,1,1371,'2020-01-26','Severe'),(8099,4,935,'2020-05-23','UNK'),(8100,3,326,'2020-10-24','Light'),(8101,5,439,'2020-02-18','Severe'),(8102,1,1180,'2020-11-23','Moderate'),(8103,2,385,'2020-09-23','Light'),(8104,1,191,'2020-10-17','Severe'),(8105,2,692,'2020-03-10','Light'),(8106,3,1754,'2020-10-17','Moderate'),(8107,3,377,'2020-10-25','Light'),(8109,1,1700,'2020-03-19','Severe'),(8110,1,167,'2020-11-21','Severe'),(8111,2,244,'2020-06-11','Light'),(8112,2,1398,'2020-11-07','Light'),(8113,2,1275,'2020-10-23','Moderate'),(8114,3,22,'2020-01-21','Light'),(8115,2,342,'2020-01-25','Light'),(8117,1,707,'2020-06-06','Severe'),(8118,2,478,'2020-07-01','Moderate'),(8119,2,249,'2020-07-31','Light'),(8120,1,75,'2020-10-24','Moderate'),(8121,2,232,'2020-06-09','Light'),(8122,2,761,'2020-09-27','Light'),(8123,3,633,'2020-12-25','Light'),(8124,1,1366,'2020-01-14','Severe'),(8125,3,659,'2020-03-25','Light'),(8126,2,1641,'2020-10-23','Light'),(8127,1,778,'2020-12-05','Severe'),(8128,1,1615,'2020-03-24','Severe'),(8129,1,1009,'2020-03-15','Severe'),(8130,2,1076,'2020-02-01','Light'),(8131,2,395,'2020-01-12','Light'),(8132,2,752,'2020-08-30','Light'),(8133,3,1625,'2020-11-12','Light'),(8134,2,524,'2020-01-23','Light'),(8135,2,67,'2020-06-11','Light'),(8136,3,1618,'2020-02-03','Light'),(8137,3,659,'2020-11-23','Light'),(8138,2,622,'2020-04-27','Light'),(8139,2,842,'2020-03-03','Light'),(8140,1,908,'2020-11-25','Severe'),(8141,1,1755,'2020-01-03','Severe'),(8142,2,1092,'2020-11-16','Light'),(8143,2,159,'2020-12-14','Light'),(8144,2,167,'2020-01-04','Light'),(8145,1,570,'2020-09-13','Moderate'),(8146,2,813,'2020-03-26','Light'),(8147,2,1175,'2020-07-03','Light'),(8148,2,1724,'2020-06-26','Moderate'),(8149,1,109,'2020-04-15','Moderate'),(8150,1,583,'2020-02-11','Severe'),(8151,2,1756,'2020-01-16','Light'),(8152,1,647,'2020-01-15','Severe'),(8153,2,303,'2020-11-29','Light'),(8154,1,1237,'2020-03-26','Severe'),(8155,2,121,'2020-06-27','Light'),(8156,1,1199,'2020-05-24','Severe'),(8157,2,712,'2020-10-19','Light'),(8158,2,431,'2020-03-25','Light'),(8159,2,199,'2020-03-28','Light'),(8160,1,321,'2020-04-08','Moderate'),(8161,2,443,'2020-09-20','Light'),(8162,2,859,'2020-10-16','Light'),(8163,1,220,'2020-07-01','Moderate'),(8164,3,1604,'2020-03-25','Light'),(8165,2,995,'2020-06-10','Light'),(8166,2,297,'2020-07-06','Light'),(8167,3,442,'2020-12-16','Light'),(8168,3,345,'2020-03-25','Light'),(8169,2,584,'2020-07-07','Light'),(8170,1,302,'2020-10-13','Moderate'),(8171,2,3,'2020-05-31','Light'),(8172,1,1608,'2020-07-05','Severe'),(8173,2,2,'2020-02-18','Light'),(8174,2,1453,'2020-05-17','Moderate'),(8175,2,801,'2020-02-13','Light'),(8176,1,640,'2020-02-09','Severe'),(8177,1,40,'2020-12-07','Severe'),(8178,1,468,'2020-11-11','Severe'),(8179,2,1040,'2020-05-27','Light'),(8180,3,653,'2020-10-19','Light'),(8181,5,417,'2020-09-13','Severe'),(8182,1,1121,'2020-08-11','Moderate'),(8183,5,815,'2020-06-15','Severe'),(8184,2,1074,'2020-03-28','Light'),(8185,3,157,'2020-03-02','Moderate'),(8186,6,819,'2020-02-09','Severe'),(8187,1,952,'2020-11-28','Severe'),(8188,2,688,'2020-05-19','Light'),(8189,1,1481,'2020-09-01','Severe'),(8190,3,589,'2020-03-04','Light'),(8191,1,342,'2020-10-01','Moderate'),(8192,3,1182,'2020-04-12','Light'),(8193,3,194,'2020-12-17','Light'),(8194,2,140,'2020-06-23','Light'),(8195,2,72,'2020-01-25','Light'),(8196,2,825,'2020-12-22','Light'),(8197,1,1003,'2020-12-27','Severe'),(8198,3,1403,'2020-10-18','Light'),(8199,2,386,'2020-03-28','Light'),(8200,2,449,'2020-02-05','Light'),(8201,1,1464,'2020-01-30','Severe'),(8202,2,1244,'2020-03-30','Light'),(8203,2,1538,'2020-09-25','Light'),(8204,1,307,'2020-10-08','Severe'),(8205,3,223,'2020-12-17','Light'),(8206,2,256,'2020-08-24','Light'),(8207,3,182,'2020-01-28','Light'),(8208,2,841,'2020-09-02','Moderate'),(8209,2,1238,'2020-03-26','Light'),(8210,2,2,'2020-02-06','Light'),(8211,2,1654,'2020-11-15','Moderate'),(8212,1,7,'2020-05-18','Moderate'),(8213,2,1514,'2020-05-19','Moderate'),(8214,1,509,'2020-11-25','Moderate'),(8215,2,625,'2020-03-21','Light'),(8216,1,892,'2020-05-10','Severe'),(8217,4,507,'2020-06-19','UNK'),(8218,2,728,'2020-04-23','Light'),(8219,2,724,'2020-03-17','Light'),(8220,2,311,'2020-04-12','Light'),(8221,1,860,'2020-04-22','Moderate'),(8222,1,879,'2020-09-14','Severe'),(8223,2,1621,'2020-05-16','Light'),(8224,2,937,'2020-04-23','Light'),(8225,3,1757,'2020-04-03','Light'),(8226,2,441,'2020-03-19','Light'),(8227,2,115,'2020-04-23','Moderate'),(8228,3,1555,'2020-12-21','Light'),(8229,2,1046,'2020-03-09','Light'),(8230,2,1353,'2020-10-12','Light'),(8231,2,935,'2020-04-13','Moderate'),(8232,1,206,'2020-10-13','Severe'),(8233,2,1013,'2020-01-03','Light'),(8234,1,128,'2020-11-22','Severe'),(8235,2,259,'2020-01-11','Light'),(8236,1,432,'2020-10-07','Moderate'),(8237,1,1609,'2020-01-30','Severe'),(8238,3,384,'2020-02-16','Light'),(8239,2,263,'2020-09-26','Light'),(8240,1,1309,'2020-09-10','Severe'),(8241,2,364,'2020-03-19','Moderate'),(8243,2,573,'2020-09-18','Light'),(8244,3,94,'2020-02-27','Light'),(8245,2,1511,'2020-01-25','Light'),(8246,2,958,'2020-08-08','Light'),(8247,2,581,'2020-02-01','Moderate'),(8248,1,1150,'2020-04-14','Severe'),(8249,2,335,'2020-04-29','Light'),(8250,2,1511,'2020-02-10','Light'),(8251,2,323,'2020-10-10','Light'),(8252,1,1166,'2020-08-27','Severe'),(8253,2,208,'2020-09-29','Light'),(8254,2,1758,'2020-06-06','Light'),(8255,1,332,'2020-02-27','Severe'),(8256,1,390,'2020-08-25','Severe'),(8257,3,892,'2020-05-09','Light'),(8258,1,483,'2020-12-22','Severe'),(8259,2,817,'2020-06-20','Light'),(8260,2,804,'2020-05-22','Light'),(8261,2,925,'2020-08-11','Moderate'),(8262,1,139,'2020-04-05','Severe'),(8263,2,156,'2020-08-01','Light'),(8264,2,1620,'2020-09-22','Light'),(8265,2,716,'2020-03-03','Light'),(8266,2,549,'2020-08-22','Moderate'),(8267,1,1299,'2020-01-14','Severe'),(8268,1,1225,'2020-10-22','Severe'),(8269,2,904,'2020-11-09','Moderate'),(8270,3,1650,'2020-03-01','Moderate'),(8271,2,238,'2020-05-02','Light'),(8272,1,353,'2020-03-18','Severe'),(8273,2,692,'2020-01-10','Light'),(8274,1,458,'2020-12-29','Severe'),(8275,2,764,'2020-04-08','Light'),(8276,1,81,'2020-12-01','Severe'),(8277,2,1635,'2020-05-16','Moderate'),(8278,1,1084,'2020-07-15','Severe'),(8279,1,939,'2020-03-29','Severe'),(8280,3,712,'2020-01-22','Light'),(8281,1,1056,'2020-12-17','Severe'),(8282,2,32,'2020-04-04','Moderate'),(8283,3,1043,'2020-01-31','Light'),(8284,2,169,'2020-01-11','Light'),(8285,3,1198,'2020-01-28','Light'),(8286,2,1348,'2020-12-13','Light'),(8287,3,1010,'2020-12-26','Moderate'),(8288,1,199,'2020-01-24','Severe'),(8289,2,105,'2020-05-07','Light'),(8290,1,273,'2020-01-02','Severe'),(8291,2,175,'2020-09-24','Light'),(8292,2,577,'2020-05-18','Light'),(8293,2,422,'2020-06-23','Light'),(8294,2,761,'2020-08-15','Light'),(8295,5,521,'2020-05-26','Severe'),(8296,2,1121,'2020-10-05','Light'),(8297,2,377,'2020-04-07','Light'),(8298,1,1081,'2020-11-20','Moderate'),(8299,1,1516,'2020-11-26','Moderate'),(8300,2,478,'2020-09-18','Moderate'),(8301,2,535,'2020-03-03','Light'),(8302,2,308,'2020-03-09','Light'),(8303,2,195,'2020-06-08','Light'),(8304,2,292,'2020-12-05','Moderate'),(8305,2,234,'2020-04-23','Light'),(8306,5,776,'2020-10-07','Severe'),(8307,3,1020,'2020-04-17','Light'),(8308,1,240,'2020-11-06','Severe'),(8309,2,946,'2020-02-06','Moderate'),(8310,2,853,'2020-03-19','Light'),(8311,2,228,'2020-10-26','Light'),(8312,2,1098,'2020-01-09','Light'),(8313,1,1248,'2020-12-03','Severe'),(8314,2,433,'2020-09-12','Light'),(8315,2,1059,'2020-03-21','Light'),(8316,2,115,'2020-05-29','Heavy'),(8317,1,671,'2020-09-15','Moderate'),(8318,5,246,'2020-07-16','Severe'),(8319,1,173,'2020-04-26','Severe'),(8320,2,1698,'2020-03-26','Light'),(8321,2,681,'2020-03-21','Light'),(8322,2,1250,'2020-04-30','Moderate'),(8323,2,100,'2020-07-14','Light'),(8324,3,1757,'2020-01-31','Light'),(8325,4,300,'2020-08-08','UNK'),(8326,2,1658,'2020-06-13','Light'),(8327,2,257,'2020-03-23','Light'),(8328,2,309,'2020-04-30','Heavy'),(8329,5,1294,'2020-05-29','Severe'),(8330,2,73,'2020-03-13','Light'),(8331,2,958,'2020-09-29','Light'),(8332,1,488,'2020-10-28','Severe'),(8333,4,867,'2020-08-14','UNK'),(8334,1,94,'2020-01-13','Moderate'),(8335,2,262,'2020-05-03','Moderate'),(8336,2,358,'2020-06-24','Light'),(8337,2,3,'2020-12-04','Light'),(8338,1,94,'2020-04-06','Moderate'),(8339,1,372,'2020-05-15','Severe'),(8340,2,702,'2020-02-18','Light'),(8341,1,1615,'2020-12-09','Severe'),(8342,2,758,'2020-04-24','Light'),(8343,2,1090,'2020-12-21','Light'),(8344,1,1182,'2020-07-25','Severe'),(8345,2,1440,'2020-04-30','Light'),(8346,2,380,'2020-03-05','Light'),(8347,4,299,'2020-04-29','UNK'),(8348,2,519,'2020-05-28','Moderate'),(8349,2,674,'2020-12-25','Light'),(8350,1,1575,'2020-10-31','Severe'),(8351,4,690,'2020-06-07','UNK'),(8352,2,261,'2020-02-14','Light'),(8353,1,400,'2020-02-25','Severe'),(8354,3,889,'2020-10-26','Light'),(8355,2,775,'2020-03-22','Light'),(8356,2,1655,'2020-03-19','Light'),(8357,2,246,'2020-08-27','Light'),(8358,3,766,'2020-01-28','Light'),(8359,2,1558,'2020-01-01','Light'),(8360,3,1675,'2020-01-11','Moderate'),(8361,2,1345,'2020-08-24','Light'),(8362,2,243,'2020-01-11','Light'),(8363,2,261,'2020-04-05','Light'),(8364,2,353,'2020-01-24','Light'),(8365,5,908,'2020-02-22','Severe'),(8366,3,372,'2020-04-12','Light'),(8367,3,1298,'2020-12-26','Light'),(8368,1,1307,'2020-07-22','Severe'),(8369,2,1267,'2020-07-07','Light'),(8370,2,26,'2020-11-22','Light'),(8371,1,797,'2020-03-04','Severe'),(8372,3,1059,'2020-10-06','Light'),(8373,1,602,'2020-02-04','Severe'),(8374,2,271,'2020-09-30','Light'),(8375,2,244,'2020-03-13','Light'),(8376,2,127,'2020-03-02','Light'),(8377,2,1264,'2020-07-05','Light'),(8378,2,300,'2020-01-15','Light'),(8379,1,389,'2020-07-25','Severe'),(8380,2,1587,'2020-10-20','Light'),(8381,2,398,'2020-01-19','Light'),(8382,1,736,'2020-09-03','Severe'),(8383,2,284,'2020-02-04','Light'),(8384,2,398,'2020-04-24','Light'),(8385,2,1488,'2020-09-12','Light'),(8386,1,734,'2020-05-06','Severe'),(8387,3,483,'2020-01-14','Light'),(8388,3,308,'2020-02-19','Light'),(8389,4,472,'2020-07-10','UNK'),(8390,3,1033,'2020-03-11','Light'),(8391,2,26,'2020-05-26','Moderate'),(8392,2,370,'2020-02-21','Light'),(8393,2,411,'2020-06-15','Light'),(8394,2,1713,'2020-04-22','Light'),(8395,2,1735,'2020-07-23','Light'),(8396,1,1258,'2020-12-13','Severe'),(8397,1,412,'2020-08-01','Moderate'),(8398,1,1519,'2020-11-11','Severe'),(8399,2,19,'2020-04-30','Moderate'),(8400,4,1732,'2020-08-11','UNK'),(8401,2,420,'2020-01-11','Light'),(8402,1,96,'2020-09-15','Moderate'),(8403,1,1248,'2020-02-12','Severe'),(8404,2,832,'2020-07-21','Light'),(8405,1,203,'2020-09-10','Severe'),(8406,2,1092,'2020-12-09','Moderate'),(8407,2,953,'2020-09-16','Heavy'),(8408,2,950,'2020-02-20','Light'),(8409,2,198,'2020-07-24','Light'),(8410,2,890,'2020-07-20','Light'),(8411,1,1538,'2020-11-10','Severe'),(8412,2,1090,'2020-08-28','Light'),(8413,1,1194,'2020-10-14','Severe'),(8414,3,941,'2020-11-22','Light'),(8415,2,1018,'2020-02-27','Moderate'),(8416,1,1147,'2020-02-06','Severe'),(8417,2,632,'2020-11-28','Moderate'),(8418,2,366,'2020-08-09','Heavy'),(8419,2,1463,'2020-06-29','Light'),(8420,1,5,'2020-09-08','Severe'),(8421,2,73,'2020-12-04','Light'),(8422,1,567,'2020-03-25','Severe'),(8423,1,757,'2020-03-09','Severe'),(8424,2,708,'2020-05-02','Light'),(8425,2,411,'2020-01-24','Light'),(8426,2,324,'2020-08-28','Light'),(8427,2,403,'2020-11-29','Moderate'),(8428,2,176,'2020-06-10','Light'),(8429,1,1397,'2020-11-23','Severe'),(8430,1,1493,'2020-07-07','Severe'),(8431,1,957,'2020-07-06','Moderate'),(8432,3,1468,'2020-10-17','Light'),(8433,2,68,'2020-07-28','Light'),(8434,3,476,'2020-01-19','Light'),(8435,2,625,'2020-08-22','Light'),(8436,1,1027,'2020-03-24','Severe'),(8437,1,115,'2020-07-08','Severe'),(8438,2,445,'2020-02-12','Light'),(8439,1,959,'2020-12-19','Moderate'),(8440,2,340,'2020-05-23','Light'),(8441,2,1092,'2020-03-30','Light'),(8442,2,349,'2020-11-29','Light'),(8443,3,46,'2020-03-13','Light'),(8444,2,994,'2020-01-14','Light'),(8445,1,305,'2020-10-28','Severe'),(8446,2,690,'2020-11-09','Light'),(8447,1,784,'2020-02-02','Severe'),(8448,1,1013,'2020-02-13','Severe'),(8449,2,744,'2020-10-14','Moderate'),(8450,3,856,'2020-01-01','Light'),(8451,1,147,'2020-09-18','Severe'),(8452,1,844,'2020-03-18','Severe'),(8453,5,1747,'2020-02-18','Severe'),(8454,1,147,'2020-04-19','Moderate'),(8455,2,248,'2020-01-13','Light'),(8456,2,1759,'2020-01-03','Light'),(8457,1,516,'2020-06-20','Severe'),(8458,1,1760,'2020-06-04','Moderate'),(8459,2,345,'2020-03-24','Light'),(8460,2,409,'2020-12-30','Moderate'),(8461,4,1146,'2020-03-29','UNK'),(8462,3,238,'2020-11-30','Light'),(8463,5,344,'2020-12-10','Severe'),(8464,3,965,'2020-10-26','Light'),(8465,2,1275,'2020-02-25','Light'),(8466,2,1547,'2020-08-01','Light'),(8467,1,199,'2020-02-24','Severe'),(8468,2,833,'2020-05-12','Light'),(8469,2,242,'2020-05-18','Light'),(8470,2,1345,'2020-01-11','Light'),(8471,2,1579,'2020-04-07','Light'),(8472,2,1721,'2020-03-09','Light'),(8473,2,745,'2020-04-25','Light'),(8474,2,1671,'2020-07-21','Light'),(8475,2,1095,'2020-09-01','Moderate'),(8476,2,821,'2020-09-21','Light'),(8477,2,949,'2020-06-21','Moderate'),(8478,3,168,'2020-12-21','Light'),(8479,2,26,'2020-03-05','Light'),(8480,4,534,'2020-03-19','UNK'),(8481,1,234,'2020-07-24','Severe'),(8482,2,110,'2020-02-06','Light'),(8483,1,386,'2020-01-25','Severe'),(8484,2,531,'2020-09-09','Light'),(8485,2,1308,'2020-05-16','Light'),(8486,3,1166,'2020-04-09','Light'),(8487,2,275,'2020-05-11','Light'),(8488,1,242,'2020-08-07','Severe'),(8489,2,1211,'2020-10-20','Light'),(8490,2,275,'2020-07-27','Light'),(8491,1,29,'2020-06-16','Moderate'),(8492,2,935,'2020-12-22','Light'),(8493,4,750,'2020-04-29','UNK'),(8494,1,315,'2020-08-10','Severe'),(8495,1,502,'2020-11-29','Severe'),(8496,1,805,'2020-10-24','Severe'),(8497,2,1225,'2020-03-28','Light'),(8498,2,1208,'2020-10-25','Light'),(8499,2,682,'2020-09-13','Moderate'),(8500,2,302,'2020-12-13','Light'),(8501,2,1565,'2020-07-04','Light'),(8502,2,95,'2020-05-25','Light'),(8503,2,502,'2020-02-21','Light'),(8504,2,94,'2020-04-13','Moderate'),(8505,2,902,'2020-02-04','Light'),(8506,2,1130,'2020-11-10','Light'),(8507,2,559,'2020-01-03','Light'),(8508,2,5,'2020-04-12','Light'),(8509,1,676,'2020-08-09','Severe'),(8510,1,816,'2020-02-26','Severe'),(8511,2,1307,'2020-02-10','Light'),(8512,1,478,'2020-03-28','Severe'),(8513,5,797,'2020-11-28','Severe'),(8514,2,50,'2020-08-29','Moderate'),(8515,2,1525,'2020-01-25','Light'),(8516,2,1065,'2020-03-20','Moderate'),(8517,1,863,'2020-05-02','Moderate'),(8518,3,1290,'2020-04-18','Moderate'),(8519,2,550,'2020-09-30','Moderate'),(8520,2,58,'2020-09-30','Light'),(8521,2,299,'2020-02-12','Light'),(8522,2,667,'2020-06-10','Light'),(8523,2,385,'2020-05-14','Light'),(8524,1,441,'2020-07-16','Severe'),(8525,2,905,'2020-03-17','Moderate'),(8526,2,6,'2020-07-27','Moderate'),(8527,2,206,'2020-12-21','Light'),(8528,2,234,'2020-10-24','Light'),(8529,3,1618,'2020-12-23','Light'),(8530,1,549,'2020-01-14','Severe'),(8531,2,1734,'2020-11-01','Light'),(8532,1,183,'2020-08-23','Severe'),(8533,2,1646,'2020-09-29','Light'),(8534,2,1258,'2020-03-24','Light'),(8535,2,94,'2020-01-16','Light'),(8536,2,487,'2020-01-28','Light'),(8537,2,127,'2020-12-14','Light'),(8538,2,1255,'2020-01-04','Light'),(8539,2,48,'2020-06-28','Moderate'),(8540,2,1203,'2020-03-29','Moderate'),(8541,2,56,'2020-09-30','Light'),(8542,3,46,'2020-11-16','Light'),(8543,1,94,'2020-01-17','Severe'),(8544,1,1443,'2020-11-29','Moderate'),(8545,3,694,'2020-01-18','Light'),(8546,2,1062,'2020-03-24','Moderate'),(8547,2,1226,'2020-07-02','Light'),(8548,3,342,'2020-04-05','Moderate'),(8549,2,1562,'2020-11-22','Light'),(8550,1,316,'2020-12-01','Severe'),(8551,3,1573,'2020-11-01','Light'),(8552,1,1244,'2020-04-03','Severe'),(8553,2,1546,'2020-10-26','Light'),(8554,2,215,'2020-04-04','Light'),(8555,2,1092,'2020-04-21','Light'),(8556,1,1289,'2020-10-26','Severe'),(8557,2,1734,'2020-05-27','Light'),(8558,1,599,'2020-03-11','Severe'),(8559,2,534,'2020-05-27','Light'),(8560,2,1289,'2020-12-16','Light'),(8561,2,1632,'2020-12-12','Moderate'),(8562,2,467,'2020-08-06','Light'),(8563,2,866,'2020-11-11','Light'),(8564,3,1561,'2020-03-01','Light'),(8565,2,63,'2020-07-05','Light'),(8566,2,546,'2020-05-27','Light'),(8567,2,898,'2020-07-04','Light'),(8568,3,1485,'2020-02-13','Light'),(8569,1,1472,'2020-10-06','Severe'),(8570,2,559,'2020-09-21','Light'),(8571,2,400,'2020-09-22','Light'),(8572,1,1266,'2020-01-30','Severe'),(8573,2,765,'2020-11-12','Light'),(8574,2,1480,'2020-10-27','Light'),(8575,2,265,'2020-04-30','Light'),(8576,2,513,'2020-12-14','Light'),(8577,3,372,'2020-12-28','Light'),(8578,2,95,'2020-12-04','Light'),(8579,2,861,'2020-09-28','Light'),(8580,2,1,'2020-04-13','Light'),(8581,2,1345,'2020-01-29','Light'),(8582,2,1346,'2020-03-16','Light'),(8583,3,1208,'2020-12-14','Light'),(8584,2,1208,'2020-03-13','Light'),(8585,1,111,'2020-07-17','Severe'),(8586,3,229,'2020-03-07','Light'),(8587,1,204,'2020-11-07','Severe'),(8588,1,1040,'2020-10-22','Severe'),(8589,1,196,'2020-10-14','Moderate'),(8590,2,363,'2020-04-13','Moderate'),(8591,2,581,'2020-05-05','Light'),(8592,2,102,'2020-07-30','Moderate'),(8593,2,372,'2020-09-03','Moderate'),(8594,3,1233,'2020-02-19','Light'),(8595,2,1341,'2020-12-23','Light'),(8596,2,176,'2020-01-18','Light'),(8597,4,123,'2020-02-06','UNK'),(8598,3,1066,'2020-02-13','Heavy'),(8599,1,663,'2020-01-22','Severe'),(8600,1,368,'2020-02-12','Severe'),(8601,2,1324,'2020-01-29','Light'),(8602,2,775,'2020-05-26','Light'),(8603,1,274,'2020-02-03','Severe'),(8604,1,1422,'2020-07-14','Severe'),(8605,2,238,'2020-07-16','Light'),(8606,2,299,'2020-12-30','Heavy'),(8607,1,561,'2020-02-29','Severe'),(8608,3,673,'2020-12-06','Light'),(8609,5,1547,'2020-06-23','Severe'),(8610,4,205,'2020-12-13','UNK'),(8611,2,1121,'2020-08-06','Light'),(8612,2,1293,'2020-06-11','Light'),(8613,1,1418,'2020-09-05','Severe'),(8614,2,229,'2020-03-23','Moderate'),(8615,1,156,'2020-07-08','Moderate'),(8616,5,392,'2020-03-12','Severe'),(8617,1,987,'2020-03-31','Severe'),(8618,2,580,'2020-04-04','Light'),(8619,2,372,'2020-10-02','Light'),(8620,3,256,'2020-10-28','Light'),(8621,1,688,'2020-11-28','Moderate'),(8622,1,959,'2020-12-15','Severe'),(8623,2,167,'2020-10-29','Light'),(8624,6,185,'2020-06-16','Severe'),(8625,2,1717,'2020-03-12','Moderate'),(8626,2,5,'2020-05-01','Light'),(8627,2,100,'2020-08-08','Light'),(8628,2,1159,'2020-04-30','Light'),(8629,1,26,'2020-02-18','Severe'),(8630,2,650,'2020-09-29','Light'),(8631,1,1081,'2020-01-24','Severe'),(8632,2,1037,'2020-05-14','Light'),(8633,2,29,'2020-09-10','Moderate'),(8634,2,1307,'2020-06-06','Light'),(8635,2,226,'2020-04-12','Light'),(8636,2,82,'2020-10-29','Moderate'),(8637,1,1762,'2020-11-06','Moderate'),(8638,1,151,'2020-06-12','Severe'),(8639,2,372,'2020-05-20','Light'),(8640,2,43,'2020-06-20','Light'),(8641,2,83,'2020-05-23','Light'),(8642,1,85,'2020-09-23','Severe'),(8643,1,314,'2020-11-04','Severe'),(8644,1,48,'2020-08-21','Severe'),(8645,2,1506,'2020-12-17','Moderate'),(8646,3,492,'2020-01-28','Light'),(8647,1,1105,'2020-10-28','Severe'),(8648,1,1564,'2020-09-09','Severe'),(8649,3,589,'2020-04-14','Light'),(8650,1,689,'2020-10-03','Severe'),(8651,1,138,'2020-11-26','Moderate'),(8652,3,1627,'2020-01-08','Light'),(8653,5,55,'2020-02-06','Severe'),(8654,2,1420,'2020-03-09','Light'),(8655,2,203,'2020-10-27','Light'),(8656,2,998,'2020-01-13','Light'),(8657,2,1194,'2020-08-29','Light'),(8658,2,323,'2020-03-30','Light'),(8659,1,214,'2020-12-09','Moderate'),(8660,1,641,'2020-07-04','Moderate'),(8661,1,1536,'2020-10-20','Moderate'),(8662,2,107,'2020-12-02','Light'),(8663,2,355,'2020-03-05','Light'),(8664,4,953,'2020-06-22','UNK'),(8665,2,139,'2020-09-20','Light'),(8666,2,1102,'2020-05-20','Light'),(8667,2,29,'2020-05-25','Light'),(8668,2,728,'2020-02-25','Light'),(8669,2,898,'2020-10-09','Moderate'),(8670,2,1084,'2020-12-30','Light'),(8671,3,1720,'2020-04-12','Moderate'),(8672,2,1433,'2020-12-20','Moderate'),(8673,1,608,'2020-11-14','Severe'),(8674,2,765,'2020-05-06','Light'),(8675,2,242,'2020-09-30','Light'),(8676,5,203,'2020-08-31','Severe'),(8677,2,321,'2020-05-26','Light'),(8678,2,1343,'2020-07-04','Light'),(8679,2,1599,'2020-07-01','Light'),(8680,3,1764,'2020-04-06','Light'),(8681,1,1754,'2020-01-17','Moderate'),(8682,3,1346,'2020-02-28','Light'),(8683,3,1056,'2020-12-20','Light'),(8684,2,64,'2020-05-28','Moderate'),(8685,4,386,'2020-08-23','UNK'),(8686,2,1593,'2020-05-28','Light'),(8687,1,1602,'2020-12-26','Severe'),(8688,2,502,'2020-10-07','Light'),(8689,2,1386,'2020-10-30','Light'),(8690,2,1347,'2020-03-23','Light'),(8691,4,139,'2020-11-02','UNK'),(8692,2,932,'2020-05-15','Light'),(8693,1,849,'2020-09-25','Moderate'),(8694,1,1481,'2020-07-25','Severe'),(8695,2,1437,'2020-03-04','Light'),(8696,3,460,'2020-01-20','Light'),(8697,3,73,'2020-01-19','Light'),(8698,2,282,'2020-05-17','Heavy'),(8699,2,227,'2020-09-02','Light'),(8700,5,55,'2020-06-12','Severe'),(8701,5,1510,'2020-11-06','Severe'),(8702,5,876,'2020-12-06','Severe'),(8703,1,867,'2020-05-02','Severe'),(8704,1,462,'2020-07-04','Severe'),(8705,1,401,'2020-06-27','Moderate'),(8706,2,566,'2020-04-13','Moderate'),(8707,1,1426,'2020-01-31','Severe'),(8708,2,159,'2020-12-24','Heavy'),(8709,3,51,'2020-12-29','Light'),(8710,2,363,'2020-04-26','Light'),(8711,1,150,'2020-09-02','Moderate'),(8712,2,86,'2020-05-18','Light'),(8713,2,926,'2020-02-12','Light'),(8714,2,126,'2020-03-30','Light'),(8715,2,1120,'2020-03-17','Light'),(8716,2,1191,'2020-09-22','Light'),(8717,3,1486,'2020-04-14','Light'),(8718,2,250,'2020-07-19','Light'),(8719,1,512,'2020-11-29','Severe'),(8720,1,1474,'2020-11-24','Severe'),(8721,2,11,'2020-09-26','Moderate'),(8722,2,1320,'2020-09-12','Light'),(8723,1,246,'2020-08-10','Moderate'),(8724,1,1352,'2020-03-23','Severe'),(8725,2,1545,'2020-05-18','Light'),(8726,2,912,'2020-12-13','Light'),(8727,1,1658,'2020-01-11','Severe'),(8728,3,1203,'2020-01-26','Light'),(8729,1,614,'2020-10-19','Severe'),(8730,1,1684,'2020-08-23','Moderate'),(8731,2,173,'2020-05-12','Light'),(8732,1,1215,'2020-11-02','Severe'),(8733,2,94,'2020-02-06','Light'),(8734,3,792,'2020-02-20','Heavy'),(8735,2,321,'2020-07-09','Light'),(8736,1,758,'2020-06-23','Moderate'),(8737,1,653,'2020-09-14','Severe'),(8738,2,305,'2020-04-19','Light'),(8739,2,323,'2020-12-16','Moderate'),(8740,2,859,'2020-04-18','Light'),(8741,2,213,'2020-06-28','Moderate'),(8742,3,418,'2020-03-19','Light'),(8743,2,853,'2020-09-27','Light'),(8744,1,1403,'2020-12-31','Severe'),(8745,2,389,'2020-01-22','Light'),(8746,2,194,'2020-03-18','Light'),(8747,1,1363,'2020-09-14','Moderate'),(8748,2,1677,'2020-08-26','Light'),(8749,2,861,'2020-07-10','Light'),(8750,1,1176,'2020-10-21','Moderate'),(8751,2,1107,'2020-05-25','Light'),(8752,2,810,'2020-05-13','Light'),(8753,1,549,'2020-10-07','Severe'),(8754,1,1638,'2020-10-21','Severe'),(8755,2,1074,'2020-10-12','Light'),(8756,2,840,'2020-09-29','Light'),(8757,2,658,'2020-07-30','Light'),(8758,2,478,'2020-05-29','Light'),(8759,2,1727,'2020-11-23','Light'),(8760,3,1434,'2020-03-22','Light'),(8761,1,1222,'2020-12-02','Moderate'),(8762,2,843,'2020-11-05','Light'),(8763,1,1215,'2020-03-20','Moderate'),(8764,2,1018,'2020-09-30','Moderate'),(8765,1,384,'2020-10-28','Severe'),(8766,1,112,'2020-02-25','Severe'),(8767,2,73,'2020-12-15','Light'),(8768,2,535,'2020-02-16','Light'),(8769,1,861,'2020-06-21','Severe'),(8770,2,10,'2020-09-10','Light'),(8771,2,215,'2020-08-04','Light'),(8772,3,171,'2020-01-30','Light'),(8773,1,1277,'2020-05-01','Moderate'),(8774,1,945,'2020-10-04','Moderate'),(8775,1,196,'2020-12-08','Severe'),(8776,1,335,'2020-09-25','Severe'),(8777,1,37,'2020-03-18','Severe'),(8778,3,1491,'2020-02-12','Light'),(8779,2,59,'2020-08-08','Light'),(8780,2,537,'2020-01-11','Light'),(8781,2,371,'2020-08-15','Light'),(8782,2,1676,'2020-07-26','Heavy'),(8783,2,292,'2020-11-01','Moderate'),(8784,3,1611,'2020-04-12','Light'),(8785,4,1765,'2020-06-26','UNK'),(8786,2,666,'2020-02-11','Moderate'),(8787,2,122,'2020-03-28','Moderate'),(8788,2,100,'2020-10-11','Light'),(8789,2,797,'2020-09-20','Light'),(8790,1,1766,'2020-07-21','Severe'),(8791,2,1318,'2020-09-03','Light'),(8792,3,63,'2020-10-27','Light'),(8793,2,391,'2020-07-22','Light'),(8794,2,1175,'2020-07-30','Light'),(8795,1,322,'2020-12-12','Severe'),(8796,1,1170,'2020-03-02','Severe'),(8797,2,1537,'2020-08-11','Light'),(8798,2,1693,'2020-04-06','Light'),(8799,3,65,'2020-04-16','Light'),(8800,2,745,'2020-03-17','Light'),(8801,3,1158,'2020-02-11','Light'),(8802,1,1733,'2020-08-30','Severe'),(8803,2,420,'2020-05-14','Light'),(8804,3,667,'2020-12-24','Light'),(8805,4,32,'2020-06-20','UNK'),(8806,2,579,'2020-02-24','Light'),(8807,2,91,'2020-09-27','Light'),(8808,2,641,'2020-10-15','Light'),(8809,2,1140,'2020-05-29','Light'),(8810,2,1513,'2020-01-27','Light'),(8811,2,403,'2020-12-30','Light'),(8812,2,1226,'2020-02-24','Light'),(8813,2,48,'2020-08-25','Light'),(8814,2,338,'2020-06-30','Light'),(8815,2,5,'2020-02-13','Heavy'),(8816,2,575,'2020-08-27','Light'),(8817,2,66,'2020-03-25','Light'),(8818,2,259,'2020-04-13','Light'),(8819,2,1012,'2020-01-12','Light'),(8820,3,516,'2020-02-25','Light'),(8821,2,1537,'2020-10-11','Moderate'),(8822,2,1463,'2020-06-17','Moderate'),(8823,5,724,'2020-03-10','Severe'),(8824,1,571,'2020-10-20','Severe'),(8825,2,818,'2020-04-20','Moderate'),(8826,4,795,'2020-05-15','UNK'),(8827,2,1483,'2020-05-21','Light'),(8828,1,434,'2020-09-16','Severe'),(8829,1,805,'2020-06-07','Severe'),(8830,1,509,'2020-01-15','Severe'),(8831,2,1142,'2020-11-21','Light'),(8832,2,311,'2020-02-13','Heavy'),(8833,2,165,'2020-02-10','Light'),(8834,2,754,'2020-06-20','Light'),(8835,1,359,'2020-08-30','Severe'),(8836,1,659,'2020-03-08','Severe'),(8837,1,1444,'2020-08-25','Moderate'),(8838,3,1061,'2020-01-14','Light'),(8839,3,685,'2020-01-13','Light'),(8840,2,1189,'2020-01-10','Light'),(8841,1,335,'2020-09-13','Severe'),(8842,2,1309,'2020-06-12','Light'),(8843,2,163,'2020-09-30','Light'),(8844,2,947,'2020-02-13','Light'),(8845,2,323,'2020-07-18','Light'),(8846,2,51,'2020-03-09','Light'),(8847,1,204,'2020-04-08','Severe'),(8848,2,378,'2020-12-14','Moderate'),(8849,2,364,'2020-02-12','Light'),(8850,2,1738,'2020-12-10','Light'),(8851,1,1077,'2020-07-11','Severe'),(8852,2,333,'2020-02-24','Light'),(8853,2,1108,'2020-09-10','Moderate'),(8854,3,521,'2020-12-14','Light'),(8855,1,1714,'2020-10-14','Severe'),(8856,2,1649,'2020-05-25','Moderate'),(8857,2,305,'2020-10-19','Light'),(8858,1,15,'2020-06-10','Severe'),(8859,3,555,'2020-02-26','Light'),(8860,2,625,'2020-10-11','Light'),(8861,3,640,'2020-02-07','Moderate'),(8862,2,1381,'2020-12-02','Moderate'),(8863,3,1158,'2020-02-07','Light'),(8864,3,98,'2020-01-06','Moderate'),(8865,2,491,'2020-07-26','Light'),(8866,2,1273,'2020-12-10','Light'),(8867,1,690,'2020-12-30','Severe'),(8868,2,3,'2020-07-24','Light'),(8869,2,163,'2020-03-25','Light'),(8870,3,1545,'2020-11-24','Light'),(8871,1,838,'2020-06-12','Severe'),(8872,2,628,'2020-11-11','Light'),(8873,2,1414,'2020-03-13','Light'),(8874,4,407,'2020-06-29','UNK'),(8875,2,570,'2020-05-17','Moderate'),(8876,2,851,'2020-04-09','Light'),(8877,1,219,'2020-10-10','Severe'),(8878,2,789,'2020-04-21','Moderate'),(8879,2,234,'2020-05-28','Light'),(8880,3,133,'2020-01-25','Moderate'),(8881,2,1441,'2020-10-16','Moderate'),(8882,2,1357,'2020-12-12','Light'),(8883,2,411,'2020-02-11','Light'),(8884,1,245,'2020-07-01','Severe'),(8885,2,953,'2020-10-24','Light'),(8886,2,232,'2020-12-20','Light'),(8887,4,77,'2020-07-28','UNK'),(8888,2,302,'2020-03-16','Light'),(8889,2,1265,'2020-02-26','Light'),(8890,2,603,'2020-09-18','Moderate'),(8891,2,87,'2020-01-17','Light'),(8892,1,1599,'2020-08-27','Severe'),(8893,2,420,'2020-11-25','Light'),(8894,2,764,'2020-09-29','Light'),(8895,1,1267,'2020-10-15','Severe'),(8896,2,276,'2020-05-18','Light'),(8897,2,555,'2020-12-13','Light'),(8898,3,328,'2020-12-12','Light'),(8899,1,658,'2020-12-17','Severe'),(8900,2,947,'2020-06-08','Light'),(8901,2,147,'2020-07-30','Light'),(8902,2,291,'2020-09-02','Light'),(8903,3,1631,'2020-04-15','Light'),(8904,2,1100,'2020-04-13','Moderate'),(8905,1,1347,'2020-07-05','Moderate'),(8906,1,373,'2020-01-28','Severe'),(8907,3,257,'2020-02-07','Light'),(8908,4,426,'2020-02-11','UNK'),(8909,2,444,'2020-03-10','Moderate'),(8910,2,321,'2020-04-13','Moderate'),(8911,1,25,'2020-05-16','Severe'),(8912,4,380,'2020-08-19','UNK'),(8913,2,321,'2020-04-25','Light'),(8914,1,1733,'2020-10-24','Severe'),(8915,3,1758,'2020-10-27','Light'),(8916,2,865,'2020-01-22','Light'),(8917,2,737,'2020-09-09','Light'),(8918,6,213,'2020-01-18','Severe'),(8919,2,618,'2020-07-16','Light'),(8920,3,27,'2020-12-24','Light'),(8921,1,538,'2020-02-01','Severe'),(8922,2,1295,'2020-04-21','Light'),(8923,1,1445,'2020-10-21','Severe'),(8924,2,282,'2020-05-15','Moderate'),(8925,2,1390,'2020-01-28','Light'),(8926,1,322,'2020-06-19','Severe'),(8927,3,594,'2020-02-12','Light'),(8928,2,554,'2020-08-13','Light'),(8929,1,74,'2020-03-02','Severe'),(8930,3,345,'2020-01-17','Moderate'),(8931,2,1286,'2020-03-10','Light'),(8932,2,131,'2020-11-09','Light'),(8933,1,355,'2020-10-27','Severe'),(8934,2,302,'2020-05-16','Light'),(8935,2,604,'2020-01-26','Moderate'),(8936,2,527,'2020-10-01','Light'),(8937,2,440,'2020-02-06','Light'),(8938,2,2,'2020-11-11','Light'),(8939,3,671,'2020-10-20','Light'),(8940,1,1406,'2020-04-23','Moderate'),(8941,2,242,'2020-06-03','Moderate'),(8942,1,681,'2020-11-22','Severe'),(8943,2,980,'2020-08-02','Light'),(8944,1,273,'2020-08-30','Moderate'),(8945,3,3,'2020-02-05','Light'),(8946,2,265,'2020-12-13','Light'),(8947,2,403,'2020-01-18','Light'),(8948,2,314,'2020-05-05','Moderate'),(8949,2,470,'2020-08-11','Light'),(8950,2,778,'2020-11-11','Moderate'),(8951,2,966,'2020-04-29','Heavy'),(8952,2,48,'2020-05-19','Light'),(8953,2,710,'2020-04-07','Light'),(8954,1,1682,'2020-09-29','Severe'),(8955,2,281,'2020-06-26','Light'),(8956,1,1741,'2020-03-23','Severe'),(8957,2,1442,'2020-02-06','Light'),(8958,3,731,'2020-03-05','Light'),(8959,3,419,'2020-01-26','Light'),(8960,2,913,'2020-11-30','Light'),(8961,1,335,'2020-07-02','Severe'),(8962,2,398,'2020-04-23','Light'),(8963,2,1619,'2020-09-19','Moderate'),(8964,1,1130,'2020-11-24','Severe'),(8965,1,143,'2020-02-19','Severe'),(8966,2,643,'2020-01-17','Moderate'),(8967,1,1519,'2020-07-05','Severe'),(8968,3,197,'2020-04-10','Light'),(8969,2,1438,'2020-03-19','Light'),(8970,2,1225,'2020-12-12','Moderate'),(8971,2,364,'2020-02-10','Moderate'),(8972,1,3,'2020-03-06','Severe'),(8973,2,1754,'2020-06-08','Light'),(8974,2,1252,'2020-02-24','Moderate'),(8975,1,685,'2020-01-26','Severe'),(8976,2,32,'2020-03-13','Moderate'),(8977,3,528,'2020-03-20','Light'),(8978,1,535,'2020-04-13','Moderate'),(8979,2,64,'2020-03-14','Light'),(8980,2,155,'2020-10-26','Light'),(8981,4,587,'2020-03-18','UNK'),(8982,2,1426,'2020-04-19','Light'),(8983,2,677,'2020-10-20','Light'),(8984,2,1493,'2020-05-28','Light'),(8985,5,724,'2020-02-26','Severe'),(8986,3,298,'2020-11-01','Light'),(8987,1,1070,'2020-01-18','Severe'),(8988,1,773,'2020-05-26','Severe'),(8989,1,507,'2020-05-06','Severe'),(8990,1,235,'2020-09-16','Severe'),(8991,2,986,'2020-08-03','Light'),(8992,2,65,'2020-05-28','Light'),(8993,2,276,'2020-01-02','Light'),(8994,1,37,'2020-09-09','Severe'),(8995,5,1507,'2020-02-19','Severe'),(8996,2,217,'2020-12-25','Light'),(8997,2,666,'2020-09-02','Light'),(8998,2,630,'2020-02-12','Light'),(8999,1,104,'2020-03-17','Severe'),(9000,2,577,'2020-06-07','Moderate'),(9001,5,85,'2020-10-07','Severe'),(9002,2,326,'2020-06-25','Light'),(9003,2,87,'2020-05-14','Moderate'),(9004,1,681,'2020-12-05','Severe'),(9005,2,1653,'2020-12-19','Light'),(9006,1,1230,'2020-08-11','Severe'),(9007,2,693,'2020-05-16','Moderate'),(9008,2,355,'2020-08-11','Light'),(9009,4,865,'2020-09-03','UNK'),(9010,2,1685,'2020-12-16','Light'),(9011,3,856,'2020-03-09','Light'),(9012,2,678,'2020-01-16','Light'),(9013,2,959,'2020-05-04','Light'),(9014,3,1011,'2020-10-30','Light'),(9015,2,61,'2020-03-19','Light'),(9016,2,1674,'2020-04-18','Light'),(9017,1,883,'2020-06-29','Severe'),(9018,2,1170,'2020-03-23','Moderate'),(9019,1,109,'2020-07-02','Severe'),(9020,3,1410,'2020-02-25','Heavy'),(9021,1,838,'2020-11-06','Severe'),(9022,2,481,'2020-10-28','Moderate'),(9023,1,731,'2020-04-03','Severe'),(9024,2,18,'2020-09-25','Light'),(9025,3,633,'2020-02-09','Light'),(9026,2,573,'2020-01-11','Light'),(9027,2,102,'2020-11-22','Light'),(9028,2,1535,'2020-09-17','Moderate'),(9029,2,161,'2020-10-19','Light'),(9030,1,1734,'2020-12-12','Severe'),(9031,2,958,'2020-12-20','Light'),(9032,1,338,'2020-01-14','Severe'),(9033,2,980,'2020-05-21','Light'),(9034,2,314,'2020-06-19','Light'),(9035,3,401,'2020-02-07','Moderate'),(9036,2,1606,'2020-05-03','Light'),(9037,2,266,'2020-07-15','Light'),(9038,1,1233,'2020-02-16','Severe'),(9039,1,41,'2020-10-13','Moderate'),(9040,2,59,'2020-09-29','Light'),(9041,3,1098,'2020-02-09','Light'),(9042,2,706,'2020-07-19','Light'),(9043,2,1267,'2020-03-04','Light'),(9044,3,1073,'2020-12-17','Light'),(9045,2,415,'2020-04-29','Light'),(9046,2,348,'2020-03-03','Light'),(9047,1,1768,'2020-10-25','Severe'),(9048,1,458,'2020-02-21','Severe'),(9049,2,635,'2020-12-07','Light'),(9050,2,861,'2020-03-19','Light'),(9051,2,339,'2020-11-10','Light'),(9052,2,573,'2020-04-19','Light'),(9053,1,593,'2020-04-26','Severe'),(9054,2,211,'2020-03-16','Light'),(9055,2,294,'2020-01-14','Light'),(9056,5,489,'2020-06-23','Severe'),(9057,5,1424,'2020-05-03','Severe'),(9058,3,417,'2020-02-07','Light'),(9059,2,1509,'2020-05-12','Light'),(9060,2,100,'2020-02-24','Light'),(9061,2,1100,'2020-08-16','Light'),(9062,3,229,'2020-11-18','Light'),(9063,2,693,'2020-06-21','Light'),(9064,5,287,'2020-04-14','Severe'),(9065,2,916,'2020-07-16','Heavy'),(9066,1,1660,'2020-04-13','Severe'),(9067,3,490,'2020-01-11','Moderate'),(9068,2,3,'2020-02-24','Light'),(9069,1,674,'2020-11-14','Severe'),(9070,2,1328,'2020-02-19','Light'),(9071,1,934,'2020-06-05','Severe'),(9072,3,63,'2020-10-17','Moderate'),(9073,2,1090,'2020-03-28','Moderate'),(9074,3,298,'2020-12-14','Light'),(9075,1,701,'2020-01-13','Severe'),(9076,1,139,'2020-12-13','Severe'),(9077,2,746,'2020-12-30','Light'),(9078,2,457,'2020-01-22','Light'),(9079,2,987,'2020-09-03','Moderate'),(9080,2,465,'2020-06-24','Heavy'),(9081,1,935,'2020-09-27','Severe'),(9082,2,396,'2020-04-08','Light'),(9083,2,1056,'2020-07-03','Light'),(9084,2,444,'2020-02-18','Light'),(9085,2,1298,'2020-01-15','Light'),(9086,2,1497,'2020-05-27','Light'),(9087,1,1209,'2020-01-23','Severe'),(9088,2,1170,'2020-01-03','Light'),(9089,2,430,'2020-10-25','Light'),(9090,2,914,'2020-11-24','Light'),(9091,3,182,'2020-12-30','Light'),(9092,2,196,'2020-05-13','Light'),(9093,1,571,'2020-08-05','Severe'),(9094,3,60,'2020-02-13','Light'),(9095,2,43,'2020-02-06','Light'),(9096,1,1126,'2020-02-01','Severe'),(9097,2,305,'2020-02-06','Light'),(9098,2,271,'2020-04-20','Moderate'),(9099,2,104,'2020-05-25','Light'),(9100,1,832,'2020-09-12','Severe'),(9101,3,811,'2020-01-21','Light'),(9102,3,885,'2020-01-18','Heavy'),(9103,2,1180,'2020-05-18','Light'),(9104,2,1001,'2020-08-28','Light'),(9105,3,1405,'2020-03-20','Light'),(9106,2,1316,'2020-02-13','Light'),(9107,5,27,'2020-12-05','Severe'),(9108,2,1520,'2020-03-04','Light'),(9109,2,795,'2020-05-26','Moderate'),(9110,6,672,'2020-11-14','Severe'),(9111,1,795,'2020-10-07','Severe'),(9112,2,204,'2020-11-14','Light'),(9113,2,1391,'2020-04-02','Light'),(9114,2,718,'2020-07-10','Light'),(9115,3,157,'2020-04-13','Moderate'),(9116,3,712,'2020-04-02','Light'),(9117,2,618,'2020-01-24','Light'),(9118,3,1604,'2020-03-16','Light'),(9119,2,119,'2020-10-10','Light'),(9120,2,1128,'2020-09-10','Light'),(9121,2,1146,'2020-07-13','Light'),(9122,1,633,'2020-10-24','Severe'),(9123,2,159,'2020-12-03','Light'),(9124,2,447,'2020-02-18','Heavy'),(9125,1,1511,'2020-11-30','Moderate'),(9126,2,1733,'2020-09-25','Light'),(9127,3,1477,'2020-02-23','Light'),(9128,2,1100,'2020-01-12','Light'),(9129,2,195,'2020-07-08','Light'),(9130,2,197,'2020-12-24','Light'),(9131,2,647,'2020-07-22','Light'),(9132,1,1160,'2020-02-10','Severe'),(9133,2,72,'2020-05-17','Light'),(9134,1,1127,'2020-11-30','Severe'),(9135,2,724,'2020-02-23','Light'),(9136,2,117,'2020-11-29','Light'),(9137,2,1263,'2020-04-04','Light'),(9138,2,603,'2020-08-04','Moderate'),(9139,2,1565,'2020-08-24','Light'),(9140,1,1136,'2020-09-12','Severe'),(9141,3,1160,'2020-02-13','Light'),(9142,2,215,'2020-01-23','Light'),(9143,2,584,'2020-02-19','Light'),(9144,2,737,'2020-11-10','Light'),(9145,2,1014,'2020-10-20','Light'),(9146,1,128,'2020-11-15','Moderate'),(9147,2,1044,'2020-02-27','Moderate'),(9148,2,776,'2020-01-17','Light'),(9149,2,1047,'2020-05-12','Light'),(9150,2,87,'2020-04-29','Heavy'),(9151,6,126,'2020-10-29','Severe'),(9152,2,139,'2020-04-18','Moderate'),(9153,1,1074,'2020-04-24','Severe'),(9154,3,512,'2020-02-21','Light'),(9155,3,811,'2020-12-29','Moderate'),(9156,3,360,'2020-04-17','Heavy'),(9157,4,127,'2020-01-02','UNK'),(9158,2,143,'2020-05-21','Light'),(9159,2,1424,'2020-02-13','Light'),(9160,5,444,'2020-09-06','Severe'),(9161,2,978,'2020-10-26','Light'),(9162,1,220,'2020-07-26','Moderate'),(9163,2,735,'2020-06-03','Light'),(9164,2,5,'2020-01-29','Light'),(9165,2,990,'2020-09-11','Light'),(9166,2,464,'2020-03-03','Light'),(9167,2,660,'2020-02-07','Light'),(9168,2,1332,'2020-04-18','Light'),(9169,2,902,'2020-05-09','Light'),(9170,2,800,'2020-10-12','Light'),(9171,2,345,'2020-01-29','Light'),(9172,2,3,'2020-07-30','Light'),(9173,2,1390,'2020-10-27','Light'),(9174,1,347,'2020-11-02','Moderate'),(9175,3,1011,'2020-11-02','Light'),(9176,4,219,'2020-07-11','UNK'),(9177,2,780,'2020-09-02','Light'),(9178,3,177,'2020-04-10','Light'),(9179,2,842,'2020-12-05','Light'),(9180,2,163,'2020-03-17','Light'),(9181,2,597,'2020-03-29','Moderate'),(9182,4,324,'2020-07-30','UNK'),(9183,2,1442,'2020-10-13','Light'),(9184,3,1084,'2020-02-25','Light'),(9185,2,1635,'2020-10-23','Moderate'),(9186,2,1147,'2020-07-10','Light'),(9187,3,1214,'2020-02-19','Light'),(9188,5,319,'2020-01-30','Severe'),(9189,2,864,'2020-04-30','Light'),(9190,1,743,'2020-01-02','Severe'),(9191,1,1562,'2020-09-20','Moderate'),(9192,2,765,'2020-06-21','Light'),(9193,2,1090,'2020-04-23','Light'),(9194,1,541,'2020-09-17','Moderate'),(9195,2,7,'2020-08-12','Light'),(9196,1,9,'2020-03-21','Severe'),(9197,1,204,'2020-03-22','Severe'),(9198,2,1066,'2020-08-04','Light'),(9199,1,311,'2020-07-31','Moderate'),(9200,2,1345,'2020-04-10','Light'),(9201,2,584,'2020-06-12','Light'),(9202,2,30,'2020-01-23','Light'),(9203,3,9,'2020-01-13','Light'),(9204,1,866,'2020-01-15','Severe'),(9205,3,780,'2020-04-14','Light'),(9206,2,1352,'2020-08-16','Light'),(9207,2,530,'2020-08-27','Light'),(9208,2,213,'2020-10-11','Light'),(9209,2,633,'2020-03-02','Light'),(9210,3,941,'2020-11-10','Light'),(9211,2,55,'2020-06-11','Light'),(9212,2,1143,'2020-03-19','Moderate'),(9213,1,742,'2020-05-30','Moderate'),(9214,1,147,'2020-10-27','Severe'),(9215,1,148,'2020-06-14','Severe'),(9216,1,1562,'2020-10-05','Severe'),(9217,2,912,'2020-04-30','Light'),(9218,5,1243,'2020-06-28','Severe'),(9219,5,1507,'2020-01-11','Severe'),(9220,2,336,'2020-05-27','Light'),(9221,2,945,'2020-05-02','Light'),(9222,5,932,'2020-12-16','Severe'),(9223,1,792,'2020-01-27','Severe'),(9224,2,1540,'2020-11-28','Moderate'),(9225,1,603,'2020-11-27','Severe'),(9226,2,625,'2020-03-23','Moderate'),(9227,3,1627,'2020-11-28','Light'),(9228,2,198,'2020-03-04','Moderate'),(9229,2,323,'2020-04-30','Light'),(9230,2,639,'2020-10-25','Moderate'),(9231,2,305,'2020-12-20','Light'),(9232,1,1642,'2020-09-22','Severe'),(9233,3,460,'2020-01-09','Light'),(9234,1,1046,'2020-01-26','Severe'),(9235,2,675,'2020-10-21','Light'),(9236,2,60,'2020-05-11','Moderate'),(9237,2,260,'2020-01-11','Light'),(9238,2,28,'2020-11-12','Light'),(9239,3,36,'2020-02-12','Light'),(9240,3,433,'2020-01-23','Light'),(9241,2,1052,'2020-02-17','Light'),(9242,2,932,'2020-03-06','Light'),(9243,2,292,'2020-05-27','Light'),(9244,2,389,'2020-01-06','Light'),(9245,3,1229,'2020-12-01','Light'),(9246,2,1130,'2020-03-12','Light'),(9247,2,1298,'2020-02-25','Light'),(9248,2,692,'2020-10-19','Light'),(9249,2,375,'2020-04-23','Light'),(9250,3,1169,'2020-04-19','Light'),(9251,2,1409,'2020-06-30','Light'),(9252,1,587,'2020-09-28','Severe'),(9253,1,249,'2020-02-09','Severe'),(9254,2,1113,'2020-11-30','Moderate'),(9255,4,947,'2020-02-10','UNK'),(9256,1,734,'2020-02-17','Severe'),(9257,2,702,'2020-01-18','Light'),(9258,2,203,'2020-10-28','Light'),(9259,2,1458,'2020-04-29','Heavy'),(9260,2,1199,'2020-10-05','Light'),(9261,2,1337,'2020-06-05','Moderate'),(9262,1,1538,'2020-10-27','Severe'),(9263,1,1424,'2020-01-28','Severe'),(9264,1,1654,'2020-05-16','Severe'),(9265,2,1031,'2020-10-05','Light'),(9266,2,384,'2020-03-19','Light'),(9267,2,69,'2020-05-25','Light'),(9268,3,673,'2020-02-27','Light'),(9269,2,40,'2020-12-09','Moderate'),(9270,4,1593,'2020-03-28','UNK'),(9271,3,1573,'2020-12-14','Light'),(9272,1,383,'2020-03-18','Severe'),(9273,2,599,'2020-10-12','Light'),(9274,2,354,'2020-07-14','Light'),(9275,1,442,'2020-09-01','Severe'),(9276,2,1725,'2020-08-01','Light'),(9277,1,649,'2020-10-30','Severe'),(9278,2,713,'2020-04-09','Light'),(9279,2,1555,'2020-09-09','Moderate'),(9280,3,1494,'2020-03-27','Light'),(9281,2,1273,'2020-11-29','Light'),(9282,5,630,'2020-05-16','Severe'),(9283,3,528,'2020-11-24','Light'),(9284,1,760,'2020-06-17','Moderate'),(9285,2,995,'2020-03-05','Light'),(9286,2,580,'2020-01-18','Light'),(9287,2,1377,'2020-11-11','Light'),(9288,3,1261,'2020-02-01','Light'),(9289,2,1241,'2020-06-13','Light'),(9290,2,805,'2020-11-26','Light'),(9291,2,441,'2020-05-16','Light'),(9292,2,1459,'2020-06-28','Light'),(9293,2,215,'2020-01-21','Light'),(9294,2,1027,'2020-06-10','Moderate'),(9295,2,18,'2020-10-01','Light'),(9296,2,298,'2020-09-02','Light'),(9297,3,1561,'2020-03-01','Moderate'),(9298,2,221,'2020-05-20','Light'),(9299,1,384,'2020-09-21','Moderate'),(9300,2,979,'2020-08-30','Heavy'),(9301,2,134,'2020-01-02','Light'),(9302,2,378,'2020-03-31','Light'),(9303,2,395,'2020-08-31','Light'),(9304,2,1291,'2020-12-19','Moderate'),(9305,3,463,'2020-10-21','Moderate'),(9306,2,1049,'2020-07-11','Light'),(9307,1,372,'2020-07-12','Moderate'),(9308,1,685,'2020-06-10','Severe'),(9309,2,797,'2020-12-13','Light'),(9310,2,1433,'2020-01-04','Light'),(9311,2,1298,'2020-09-25','Heavy'),(9312,3,114,'2020-11-24','Light'),(9313,2,1653,'2020-07-20','Light'),(9314,1,166,'2020-12-17','Severe'),(9315,2,1265,'2020-10-29','Light'),(9316,1,530,'2020-08-01','Severe'),(9317,2,998,'2020-03-03','Light'),(9318,1,389,'2020-02-28','Severe'),(9319,2,1059,'2020-06-19','Light'),(9320,2,5,'2020-04-07','Light'),(9321,2,57,'2020-01-19','Light'),(9322,2,1573,'2020-07-26','Light'),(9323,2,978,'2020-09-11','Light'),(9324,2,1159,'2020-09-11','Light'),(9325,1,1451,'2020-08-02','Severe'),(9326,3,732,'2020-10-24','Light'),(9327,3,112,'2020-12-17','Moderate'),(9328,2,544,'2020-03-09','Light'),(9329,3,623,'2020-12-24','Light'),(9330,1,600,'2020-12-07','Moderate'),(9331,1,641,'2020-12-13','Severe'),(9332,2,1545,'2020-07-09','Light'),(9333,3,65,'2020-12-21','Light'),(9334,2,750,'2020-02-06','Light'),(9335,2,1188,'2020-07-27','Light'),(9336,3,1309,'2020-01-20','Light'),(9337,2,174,'2020-08-13','Moderate'),(9338,2,898,'2020-04-19','Heavy'),(9339,1,1267,'2020-12-31','Severe'),(9340,1,573,'2020-10-24','Severe'),(9341,1,49,'2020-12-31','Moderate'),(9342,1,715,'2020-07-26','Severe'),(9343,3,1199,'2020-01-19','Light'),(9344,1,173,'2020-08-10','Moderate'),(9345,2,527,'2020-08-23','Light'),(9346,1,65,'2020-02-03','Severe'),(9347,2,219,'2020-06-06','Light'),(9348,1,1109,'2020-11-21','Severe'),(9349,2,119,'2020-12-14','Moderate'),(9350,2,531,'2020-06-21','Light'),(9351,2,1408,'2020-02-24','Light'),(9352,1,1000,'2020-03-28','Severe'),(9353,2,1306,'2020-06-11','Light'),(9354,1,263,'2020-06-18','Severe'),(9355,1,867,'2020-09-10','Severe'),(9356,2,915,'2020-11-13','Moderate'),(9357,2,882,'2020-01-31','Light'),(9358,3,1483,'2020-11-09','Light'),(9359,2,207,'2020-04-26','Light'),(9360,2,1598,'2020-03-09','Light'),(9361,2,1710,'2020-07-06','Light'),(9362,1,299,'2020-12-24','Moderate'),(9363,2,647,'2020-04-13','Light'),(9364,3,1771,'2020-11-10','Light'),(9365,2,890,'2020-10-21','Moderate'),(9366,3,1275,'2020-01-19','Light'),(9367,3,781,'2020-02-27','Light'),(9368,2,526,'2020-05-26','Light'),(9369,1,268,'2020-07-21','Severe'),(9370,2,1682,'2020-02-02','Light'),(9371,1,1677,'2020-03-02','Moderate'),(9372,1,1050,'2020-04-19','Severe'),(9373,3,1299,'2020-01-23','Light'),(9374,2,1267,'2020-07-21','Light'),(9375,1,1266,'2020-09-11','Severe'),(9376,1,949,'2020-09-22','Severe'),(9377,2,1232,'2020-04-09','Light'),(9378,2,1131,'2020-12-30','Light'),(9379,2,1416,'2020-02-10','Light'),(9380,1,27,'2020-01-11','Severe'),(9381,2,780,'2020-03-11','Light'),(9382,2,1462,'2020-07-25','Light'),(9383,1,114,'2020-05-15','Severe'),(9384,5,1772,'2020-07-20','Severe'),(9385,1,138,'2020-05-22','Moderate'),(9386,1,1773,'2020-09-08','Moderate'),(9387,3,200,'2020-04-12','Moderate'),(9388,1,1542,'2020-04-11','Severe'),(9389,2,1005,'2020-01-31','Light'),(9390,3,1723,'2020-02-13','Light'),(9391,2,445,'2020-02-20','Light'),(9392,2,1042,'2020-01-02','Moderate'),(9393,5,392,'2020-05-22','Severe'),(9394,3,982,'2020-02-12','Moderate'),(9395,2,76,'2020-09-22','Moderate'),(9396,1,577,'2020-05-21','Severe'),(9397,1,731,'2020-09-09','Severe'),(9398,3,1346,'2020-01-19','Light'),(9399,1,731,'2020-05-25','Severe'),(9400,2,137,'2020-03-20','Light'),(9401,2,1290,'2020-11-28','Light'),(9402,2,625,'2020-03-25','Light'),(9403,2,92,'2020-03-13','Light'),(9404,2,1323,'2020-07-19','Light'),(9405,6,354,'2020-03-06','Severe'),(9406,2,1716,'2020-06-30','Light'),(9407,3,525,'2020-03-02','Moderate'),(9408,2,101,'2020-04-09','Light'),(9409,2,787,'2020-05-16','Light'),(9410,1,218,'2020-11-15','Severe'),(9411,2,276,'2020-12-04','Moderate'),(9412,2,2,'2020-06-18','Light'),(9413,2,1064,'2020-08-03','Light'),(9414,2,1230,'2020-11-11','Light'),(9415,2,1514,'2020-02-11','Light'),(9416,5,1052,'2020-07-09','Severe'),(9417,2,1537,'2020-08-29','Light'),(9418,2,426,'2020-02-20','Light'),(9419,3,168,'2020-03-16','Light'),(9420,1,485,'2020-02-18','Severe'),(9421,2,1021,'2020-02-22','Light'),(9422,1,1178,'2020-10-23','Moderate'),(9423,2,1774,'2020-02-12','Moderate'),(9424,2,163,'2020-09-29','Light'),(9425,2,620,'2020-09-18','Light'),(9426,2,216,'2020-05-24','Light'),(9427,3,112,'2020-02-09','Light'),(9428,2,204,'2020-05-16','Light'),(9429,2,181,'2020-11-10','Light'),(9430,2,3,'2020-03-31','Light'),(9431,2,328,'2020-04-12','Light'),(9432,2,1079,'2020-03-30','Light'),(9433,1,993,'2020-10-07','Severe'),(9434,3,277,'2020-12-12','Light'),(9435,2,231,'2020-05-29','Light'),(9436,2,118,'2020-03-04','Light'),(9437,1,951,'2020-05-08','Severe'),(9438,2,205,'2020-06-30','Light'),(9439,2,487,'2020-03-08','Moderate'),(9440,2,3,'2020-01-12','Light'),(9441,2,566,'2020-08-06','Light'),(9442,3,1463,'2020-01-30','Light'),(9443,1,1775,'2020-09-29','Moderate'),(9444,1,509,'2020-10-25','Moderate'),(9445,2,54,'2020-06-07','Light'),(9446,2,691,'2020-05-21','Light'),(9447,2,1493,'2020-06-30','Light'),(9448,1,380,'2020-03-29','Moderate'),(9449,3,518,'2020-04-12','Light'),(9450,1,912,'2020-06-26','Moderate'),(9451,3,326,'2020-10-30','Light'),(9452,2,245,'2020-09-29','Light'),(9453,3,604,'2020-03-12','Light'),(9454,2,206,'2020-09-17','Light'),(9455,2,1286,'2020-02-05','Light'),(9456,1,25,'2020-07-01','Severe'),(9457,2,1225,'2020-06-10','Light'),(9458,4,472,'2020-08-08','UNK'),(9459,2,343,'2020-01-12','Light'),(9460,2,846,'2020-07-04','Light'),(9461,1,549,'2020-03-26','Severe'),(9462,2,64,'2020-03-18','Light'),(9463,3,1611,'2020-06-09','Moderate'),(9464,1,1302,'2020-12-03','Moderate'),(9465,2,1111,'2020-03-17','Light'),(9466,1,1776,'2020-09-15','Moderate'),(9467,2,636,'2020-01-10','Light'),(9468,2,863,'2020-03-20','Light'),(9469,3,1242,'2020-12-23','Light'),(9470,2,1137,'2020-05-27','Light'),(9471,1,307,'2020-03-01','Severe'),(9472,3,396,'2020-10-23','Light'),(9473,2,288,'2020-08-04','Light'),(9474,2,69,'2020-03-09','Light'),(9475,1,467,'2020-01-15','Severe'),(9476,2,455,'2020-12-01','Light'),(9477,1,1402,'2020-10-28','Severe'),(9478,2,66,'2020-06-17','Light'),(9479,1,398,'2020-03-20','Severe'),(9480,3,1353,'2020-12-27','Light'),(9481,3,1105,'2020-12-02','Light'),(9482,1,1441,'2020-07-06','Severe'),(9483,1,867,'2020-01-31','Severe'),(9484,3,16,'2020-11-10','Heavy'),(9485,2,1679,'2020-05-27','Light'),(9486,2,1170,'2020-02-20','Light'),(9487,2,166,'2020-01-01','Moderate'),(9488,2,147,'2020-05-04','Moderate'),(9489,2,1157,'2020-09-09','Light'),(9490,2,239,'2020-11-01','Light'),(9491,2,1454,'2020-04-13','Light'),(9492,2,464,'2020-01-27','Light'),(9493,2,1580,'2020-04-07','Light'),(9494,2,566,'2020-09-18','Light'),(9495,1,81,'2020-08-10','Severe'),(9496,5,1679,'2020-02-13','Severe'),(9497,4,479,'2020-07-10','UNK'),(9498,3,888,'2020-12-27','Light'),(9499,2,765,'2020-09-01','Light'),(9500,1,1486,'2020-01-25','Severe'),(9501,3,366,'2020-10-25','Light'),(9502,1,779,'2020-10-23','Moderate'),(9503,1,319,'2020-01-15','Severe'),(9504,3,1611,'2020-11-14','Light'),(9505,4,923,'2020-06-24','UNK'),(9506,1,219,'2020-04-25','Severe'),(9507,2,923,'2020-09-17','Light'),(9508,1,1263,'2020-09-17','Moderate'),(9509,2,109,'2020-05-11','Moderate'),(9510,2,1778,'2020-04-30','Light'),(9511,2,584,'2020-08-10','Light'),(9512,2,866,'2020-09-10','Light'),(9513,5,609,'2020-07-09','Severe'),(9514,1,1736,'2020-09-13','Moderate'),(9515,3,1167,'2020-04-02','Light'),(9516,3,1450,'2020-10-17','Light'),(9517,2,66,'2020-06-19','Light'),(9518,2,618,'2020-09-28','Moderate'),(9519,1,1651,'2020-06-27','Moderate'),(9520,2,791,'2020-09-02','Light'),(9521,4,340,'2020-03-24','UNK'),(9522,1,652,'2020-01-07','Severe'),(9523,3,878,'2020-03-28','Light'),(9524,1,1779,'2020-06-09','Moderate'),(9525,2,836,'2020-10-26','Light'),(9526,3,313,'2020-12-18','Moderate'),(9527,2,373,'2020-07-13','Light'),(9528,1,1315,'2020-01-19','Severe'),(9529,2,1450,'2020-05-25','Light'),(9530,2,903,'2020-02-24','Light'),(9531,2,464,'2020-04-25','Light'),(9532,3,1100,'2020-01-18','Light'),(9533,2,242,'2020-01-02','Light'),(9534,1,1054,'2020-08-19','Severe'),(9535,1,1578,'2020-04-06','Severe'),(9536,2,156,'2020-06-10','Moderate'),(9537,2,530,'2020-07-11','Light'),(9538,2,112,'2020-11-12','Light'),(9539,1,1445,'2020-10-17','Moderate'),(9540,1,285,'2020-09-03','Severe'),(9541,2,69,'2020-10-23','Light'),(9542,2,249,'2020-10-30','Light'),(9543,2,1307,'2020-04-30','Light'),(9544,2,890,'2020-08-19','Light'),(9545,2,1580,'2020-02-19','Light'),(9546,2,195,'2020-09-24','Moderate'),(9547,2,1703,'2020-04-28','Light'),(9548,2,434,'2020-03-14','Light'),(9549,1,343,'2020-09-14','Severe'),(9550,1,830,'2020-10-08','Moderate'),(9551,4,1780,'2020-02-23','UNK'),(9552,2,1062,'2020-01-23','Light'),(9553,1,1286,'2020-01-30','Severe'),(9554,2,20,'2020-06-23','Moderate'),(9555,2,914,'2020-08-06','Light'),(9556,2,275,'2020-12-29','Light'),(9557,2,67,'2020-09-13','Heavy'),(9558,1,316,'2020-11-10','Severe'),(9559,2,430,'2020-09-17','Light'),(9560,2,1225,'2020-01-24','Light'),(9561,2,159,'2020-01-14','Light'),(9562,4,271,'2020-08-25','UNK'),(9563,2,780,'2020-11-10','Light'),(9564,5,1105,'2020-11-09','Severe'),(9565,4,569,'2020-02-06','UNK'),(9566,1,58,'2020-07-30','Severe'),(9567,1,692,'2020-06-05','Severe'),(9568,1,547,'2020-02-28','Severe'),(9569,2,560,'2020-05-25','Light'),(9570,1,1618,'2020-10-09','Moderate'),(9571,1,901,'2020-03-28','Severe'),(9572,3,1703,'2020-01-27','Light'),(9573,3,200,'2020-01-14','Light'),(9574,1,1344,'2020-06-24','Severe'),(9575,2,154,'2020-09-22','Light'),(9576,3,231,'2020-01-18','Moderate'),(9577,1,1680,'2020-03-21','Severe'),(9578,1,960,'2020-10-21','Severe'),(9579,2,402,'2020-12-19','Light'),(9580,3,1089,'2020-11-16','Light'),(9581,2,1481,'2020-03-10','Light'),(9582,1,1365,'2020-06-14','Moderate'),(9583,3,1358,'2020-04-12','Moderate'),(9584,1,762,'2020-06-28','Severe'),(9585,3,386,'2020-01-18','Moderate'),(9586,5,1781,'2020-01-20','Severe'),(9587,3,46,'2020-12-16','Light'),(9588,2,1301,'2020-05-08','Light'),(9589,1,119,'2020-10-13','Severe'),(9590,1,1076,'2020-06-27','Severe'),(9591,2,1473,'2020-07-28','Light'),(9592,1,248,'2020-11-27','Severe'),(9593,2,26,'2020-08-30','Light'),(9594,1,1516,'2020-11-03','Severe'),(9595,2,1174,'2020-03-05','Light'),(9596,2,76,'2020-10-26','Light'),(9597,1,337,'2020-02-11','Severe'),(9598,3,698,'2020-03-21','Light'),(9599,2,2,'2020-09-17','Heavy'),(9600,2,257,'2020-05-21','Moderate'),(9601,1,1181,'2020-05-14','Severe'),(9602,1,173,'2020-12-08','Moderate'),(9603,3,544,'2020-01-28','Light'),(9604,1,321,'2020-08-28','Severe'),(9605,2,1166,'2020-07-14','Light'),(9606,1,723,'2020-08-17','Severe'),(9607,2,924,'2020-04-23','Light'),(9608,2,875,'2020-09-30','Light'),(9609,2,205,'2020-01-02','Moderate'),(9610,1,1539,'2020-03-19','Severe'),(9611,2,821,'2020-05-28','Moderate'),(9612,2,357,'2020-01-28','Light'),(9613,2,804,'2020-09-07','Light'),(9614,5,430,'2020-11-26','Severe'),(9615,2,743,'2020-12-31','Light'),(9616,3,595,'2020-12-12','Light'),(9617,1,176,'2020-10-17','Moderate'),(9618,2,69,'2020-06-23','Light'),(9619,2,9,'2020-03-26','Light'),(9620,3,346,'2020-12-01','Light'),(9621,3,1084,'2020-12-01','Light'),(9622,2,1233,'2020-06-26','Light'),(9623,3,886,'2020-02-26','Light'),(9624,1,1130,'2020-01-24','Severe'),(9625,3,1166,'2020-12-23','Light'),(9626,2,126,'2020-11-29','Light'),(9627,1,475,'2020-09-08','Severe'),(9628,2,1170,'2020-06-10','Light'),(9629,2,668,'2020-05-30','Light'),(9630,3,1555,'2020-10-22','Light'),(9631,2,1432,'2020-03-29','Light'),(9632,2,664,'2020-03-17','Light'),(9633,2,527,'2020-06-23','Light'),(9634,2,36,'2020-05-26','Moderate'),(9635,2,154,'2020-12-31','Moderate'),(9636,1,220,'2020-11-26','Severe'),(9637,3,817,'2020-10-15','Light'),(9638,5,1476,'2020-12-04','Severe'),(9639,1,299,'2020-07-02','Moderate'),(9640,3,1277,'2020-12-24','Light'),(9641,1,336,'2020-06-09','Severe'),(9642,1,275,'2020-09-29','Moderate'),(9643,2,234,'2020-02-05','Moderate'),(9644,2,59,'2020-01-24','Light'),(9645,2,924,'2020-01-25','Light'),(9646,2,343,'2020-07-07','Light'),(9647,2,12,'2020-11-14','Light'),(9648,1,832,'2020-10-18','Severe'),(9649,1,254,'2020-07-10','Severe'),(9650,2,398,'2020-12-16','Heavy'),(9651,1,975,'2020-09-16','Severe'),(9652,2,234,'2020-11-23','Moderate'),(9653,2,3,'2020-10-28','Moderate'),(9654,2,735,'2020-12-24','Heavy'),(9655,2,299,'2020-01-10','Light'),(9656,2,1166,'2020-05-17','Light'),(9657,2,1575,'2020-05-18','Light'),(9658,1,408,'2020-03-17','Severe'),(9659,2,19,'2020-04-03','Light'),(9660,2,381,'2020-04-29','Light'),(9661,2,371,'2020-06-04','Light'),(9662,1,1782,'2020-07-05','Moderate'),(9663,1,644,'2020-05-24','Severe'),(9664,2,780,'2020-11-22','Light'),(9665,2,735,'2020-06-07','Light'),(9666,1,1732,'2020-12-30','Severe'),(9667,2,291,'2020-09-09','Light'),(9668,1,707,'2020-05-22','Severe'),(9669,2,9,'2020-11-24','Moderate'),(9670,2,1167,'2020-08-20','Light'),(9671,1,153,'2020-07-31','Severe'),(9672,1,573,'2020-01-17','Severe'),(9673,2,1520,'2020-02-20','Light'),(9674,2,421,'2020-11-02','Heavy'),(9675,4,105,'2020-07-21','UNK'),(9676,3,1627,'2020-12-22','Light'),(9677,2,795,'2020-01-10','Moderate'),(9678,2,3,'2020-07-18','Moderate'),(9679,2,1293,'2020-03-24','Light'),(9680,5,344,'2020-10-26','Severe'),(9681,2,240,'2020-11-12','Light'),(9682,6,31,'2020-06-11','Severe'),(9683,2,1390,'2020-12-19','Light'),(9684,2,246,'2020-10-26','Light'),(9685,1,1602,'2020-09-12','Moderate'),(9686,1,749,'2020-09-14','Severe'),(9687,1,295,'2020-03-30','Severe'),(9688,5,350,'2020-08-25','Severe'),(9689,2,485,'2020-10-29','Light'),(9690,2,760,'2020-11-28','Moderate'),(9691,1,1426,'2020-05-26','Severe'),(9692,1,625,'2020-10-20','Severe'),(9693,2,1642,'2020-05-28','Light'),(9694,1,323,'2020-07-15','Severe'),(9695,1,342,'2020-09-11','Moderate'),(9696,2,786,'2020-01-02','Moderate'),(9697,2,553,'2020-08-06','Light'),(9698,2,1384,'2020-04-22','Light'),(9699,1,1559,'2020-10-14','Severe'),(9700,2,375,'2020-02-07','Light'),(9701,2,43,'2020-10-26','Light'),(9702,2,205,'2020-01-23','Light'),(9703,2,485,'2020-08-18','Light'),(9704,1,83,'2020-11-15','Severe'),(9705,1,644,'2020-10-04','Severe'),(9706,2,808,'2020-05-27','Moderate'),(9707,2,1224,'2020-10-25','Light'),(9708,1,607,'2020-01-15','Severe'),(9709,2,368,'2020-03-13','Light'),(9710,3,1745,'2020-02-08','Light'),(9711,1,1507,'2020-01-28','Severe'),(9712,2,1587,'2020-11-25','Light'),(9713,2,653,'2020-01-24','Light'),(9714,2,553,'2020-04-23','Light'),(9715,4,1027,'2020-05-25','UNK'),(9716,1,599,'2020-01-30','Severe'),(9717,4,260,'2020-03-13','UNK'),(9718,6,399,'2020-11-10','Severe'),(9719,2,1576,'2020-03-19','Light'),(9720,2,80,'2020-10-13','Moderate'),(9721,1,37,'2020-01-14','Severe'),(9722,5,203,'2020-03-19','Severe'),(9723,2,681,'2020-08-27','Light'),(9724,1,59,'2020-02-01','Severe'),(9725,3,712,'2020-03-09','Moderate'),(9726,3,260,'2020-01-07','Moderate'),(9727,1,542,'2020-01-26','Moderate'),(9728,2,1627,'2020-05-31','Light'),(9729,1,384,'2020-02-12','Severe'),(9730,2,1110,'2020-06-26','Light'),(9731,2,1018,'2020-08-19','Moderate'),(9732,2,137,'2020-01-10','Light'),(9733,1,1331,'2020-12-07','Severe'),(9734,2,804,'2020-08-16','Light'),(9735,5,555,'2020-08-07','Severe'),(9736,3,407,'2020-04-03','Light'),(9737,2,1221,'2020-04-29','Light'),(9738,1,58,'2020-08-04','Severe'),(9739,2,1458,'2020-02-11','Light'),(9740,2,189,'2020-07-24','Light'),(9741,1,3,'2020-05-01','Severe'),(9742,1,398,'2020-02-13','Severe'),(9743,2,311,'2020-08-15','Light'),(9744,1,109,'2020-03-06','Severe'),(9745,2,231,'2020-11-15','Light'),(9746,2,843,'2020-03-30','Light'),(9747,2,856,'2020-06-25','Light'),(9748,2,67,'2020-10-18','Moderate'),(9749,2,109,'2020-02-19','Light'),(9750,2,307,'2020-11-03','Light'),(9751,2,354,'2020-04-09','Light'),(9752,2,629,'2020-01-03','Light'),(9753,2,1323,'2020-06-10','Light'),(9754,2,1610,'2020-07-06','Light'),(9755,3,914,'2020-01-29','Light'),(9756,2,1450,'2020-04-29','Light'),(9757,5,131,'2020-02-20','Severe'),(9758,2,1010,'2020-11-10','Light'),(9759,2,137,'2020-05-05','Light'),(9760,2,267,'2020-10-12','Light'),(9761,3,885,'2020-01-18','Moderate'),(9762,1,611,'2020-06-10','Severe'),(9763,2,336,'2020-03-05','Moderate'),(9764,1,174,'2020-02-01','Severe'),(9765,2,1395,'2020-08-04','Light'),(9766,2,18,'2020-11-11','Light'),(9767,1,108,'2020-09-12','Severe'),(9769,2,299,'2020-11-24','Light'),(9770,2,155,'2020-12-29','Light'),(9771,2,1047,'2020-04-25','Light'),(9772,2,924,'2020-02-05','Light'),(9773,7,1157,'2020-04-12','Other'),(9774,1,903,'2020-09-10','Severe'),(9775,1,983,'2020-11-12','Moderate'),(9776,2,1423,'2020-07-07','Light'),(9777,2,859,'2020-08-01','Light'),(9778,2,220,'2020-10-26','Light'),(9779,1,1036,'2020-02-15','Severe'),(9780,2,625,'2020-07-10','Light'),(9781,1,833,'2020-10-01','Severe'),(9782,2,1284,'2020-06-01','Light'),(9783,3,321,'2020-11-24','Light'),(9784,1,664,'2020-01-15','Severe'),(9785,2,999,'2020-01-23','Light'),(9786,1,1107,'2020-09-16','Severe'),(9787,1,748,'2020-12-06','Severe'),(9788,2,1108,'2020-12-05','Light'),(9789,2,159,'2020-03-05','Moderate'),(9790,2,158,'2020-03-14','Light'),(9791,2,1289,'2020-06-09','Light'),(9792,1,147,'2020-11-09','Moderate'),(9793,3,1242,'2020-01-21','Light'),(9794,2,577,'2020-10-18','Light'),(9795,3,1577,'2020-03-14','Light'),(9796,2,100,'2020-09-28','Light'),(9797,1,19,'2020-03-26','Severe'),(9798,1,421,'2020-06-24','Severe'),(9799,1,1244,'2020-01-29','Severe'),(9800,1,1177,'2020-06-09','Moderate'),(9801,3,545,'2020-10-24','Moderate'),(9802,1,329,'2020-12-06','Severe'),(9803,2,1026,'2020-07-20','Light'),(9804,1,1437,'2020-11-26','Severe'),(9805,3,1111,'2020-02-05','Moderate'),(9806,2,1653,'2020-02-26','Light'),(9807,2,474,'2020-07-14','Light'),(9808,3,1179,'2020-01-11','Light'),(9809,1,336,'2020-01-30','Moderate'),(9810,2,842,'2020-02-07','Light'),(9811,1,177,'2020-10-14','Severe'),(9812,2,37,'2020-10-11','Light'),(9813,3,907,'2020-01-29','Light'),(9814,2,1122,'2020-10-26','Light'),(9815,3,1166,'2020-01-11','Light'),(9816,2,58,'2020-03-23','Light'),(9817,1,1436,'2020-03-22','Severe'),(9818,1,770,'2020-10-19','Moderate'),(9819,1,809,'2020-07-08','Severe'),(9820,2,635,'2020-06-05','Light'),(9821,1,938,'2020-04-20','Severe'),(9822,2,1258,'2020-01-13','Light'),(9823,1,508,'2020-11-03','Moderate'),(9824,1,266,'2020-06-26','Severe'),(9825,2,567,'2020-07-22','Light'),(9826,1,874,'2020-07-11','Severe'),(9827,2,271,'2020-02-20','Moderate'),(9828,2,1497,'2020-03-29','Light'),(9829,2,234,'2020-10-28','Moderate'),(9830,2,332,'2020-09-29','Light'),(9831,1,1106,'2020-12-28','Severe'),(9832,2,1131,'2020-03-13','Moderate'),(9833,1,226,'2020-01-12','Severe'),(9834,5,269,'2020-12-09','Severe'),(9835,2,1124,'2020-08-11','Light'),(9836,2,139,'2020-11-16','Moderate'),(9837,2,947,'2020-10-10','Light'),(9838,3,1198,'2020-01-18','Light'),(9839,2,516,'2020-06-23','Moderate'),(9840,3,1486,'2020-03-18','Light'),(9841,3,1785,'2020-01-10','Light'),(9842,2,389,'2020-11-30','Moderate'),(9843,2,1304,'2020-06-07','Light'),(9844,3,372,'2020-03-20','Light'),(9845,1,780,'2020-09-23','Severe'),(9846,2,348,'2020-05-15','Light'),(9847,2,414,'2020-02-06','Moderate'),(9848,2,857,'2020-11-01','Moderate'),(9849,2,1166,'2020-03-14','Light'),(9850,2,1002,'2020-03-31','Light'),(9851,2,529,'2020-04-20','Moderate'),(9852,3,28,'2020-02-20','Moderate'),(9853,1,27,'2020-09-10','Moderate'),(9854,2,1710,'2020-03-25','Light'),(9855,2,229,'2020-09-02','Moderate'),(9856,2,1502,'2020-02-24','Light'),(9857,1,319,'2020-02-24','Severe'),(9858,2,1179,'2020-07-28','Heavy'),(9859,1,758,'2020-09-09','Severe'),(9860,2,1292,'2020-01-10','Light'),(9861,2,260,'2020-02-04','Light'),(9862,2,118,'2020-02-26','Light'),(9863,3,1101,'2020-02-07','Light'),(9864,2,434,'2020-06-20','Light'),(9865,1,1266,'2020-10-19','Severe'),(9866,2,1100,'2020-01-25','Light'),(9867,2,1231,'2020-11-22','Moderate'),(9868,1,887,'2020-09-04','Severe'),(9869,1,1773,'2020-08-25','Moderate');
/*!40000 ALTER TABLE `event` ENABLE KEYS */;
UNLOCK TABLES;

--
-- Table structure for table `location`
--

DROP TABLE IF EXISTS `location`;
/*!40101 SET @saved_cs_client     = @@character_set_client */;
/*!50503 SET character_set_client = utf8mb4 */;
CREATE TABLE `location` (
  `LocationId` int NOT NULL,
  `State` varchar(16) DEFAULT NULL,
  `City` varchar(32) DEFAULT NULL,
  PRIMARY KEY (`LocationId`)
) ENGINE=InnoDB DEFAULT CHARSET=utf8mb4 COLLATE=utf8mb4_0900_ai_ci;
/*!40101 SET character_set_client = @saved_cs_client */;

--
-- Dumping data for table `location`
--

LOCK TABLES `location` WRITE;
/*!40000 ALTER TABLE `location` DISABLE KEYS */;
INSERT INTO `location` VALUES (1,'IL','Urbana'),(2,'GA','Augusta'),(3,'NC','Cleveland'),(4,'AL','Courtland'),(5,'MS','Columbus'),(6,'VT','Morrisville'),(7,'FL','Punta Gorda'),(8,'VA','North Chesterfield'),(9,'WA','Tumwater'),(10,'IL','Quincy'),(11,'NC','Siler City'),(12,'MO','Fort Leonard Wood'),(13,'CO','Loveland'),(14,'WY','Douglas'),(15,'GA','Swainsboro'),(16,'MN','Minneapolis'),(17,'WV','Petersburg'),(18,'NE','Lexington'),(19,'TX','Fredericksburg'),(20,'TX','Abilene'),(21,'MT','Cut Bank'),(22,'WY','Green River'),(23,'VT','Bennington'),(24,'NY','Purchase'),(25,'SC','North Myrtle Beach'),(26,'FL','Jacksonville'),(27,'ME','Auburn'),(28,'VA','Norfolk'),(29,'IA','Independence'),(30,'OR','La Grande'),(31,'NH','Sargents'),(32,'TX','Fort Worth'),(33,'UT','Vernal'),(34,'CA','Corona'),(35,'NC','Hoffman'),(36,'WI','Menomonie city'),(37,'TN','Crossville'),(38,'FL','Palm Coast'),(39,'MN','Wheaton'),(40,'WA','Gig Harbor'),(41,'OK','Fort Sill'),(42,'MT','Great Falls'),(43,'NC','Goldsboro'),(44,'NC','Hickory'),(45,'SD','Faith'),(46,'MT','Thompson Falls-West End'),(47,'MN','Hallock'),(48,'TX','Dallas'),(49,'NC','Gastonia'),(50,'MI','Sault Sainte Marie'),(51,'NE','North Platte'),(52,'WI','Medford'),(53,'WI','Oshkosh'),(54,'MS','Kiln'),(55,'NY','Cortland'),(56,'NH','Rochester'),(57,'GA','Marietta'),(58,'ND','Jamestown'),(59,'TX','Greenville'),(60,'VT','Barre'),(61,'CA','Santa Maria'),(62,'WV','Point Pleasant'),(63,'ME','Frenchville'),(64,'IN','Logansport'),(65,'MI','Grayling'),(66,'NC','Morganton'),(67,'FL','Fort Lauderdale'),(68,'WV','Sutton'),(69,'TX','Austin'),(70,'MN','Windom'),(71,'LA','Minden'),(72,'WI','Boscobel'),(73,'NY','Fort Drum'),(74,'TX','Pleasanton'),(75,'AR','Blytheville'),(76,'FL','Key West'),(77,'SC','Laurens'),(78,'NC','Jacksonville'),(79,'CA','Los Alamitos'),(80,'MA','Worcester'),(81,'NJ','Bedminster'),(82,'FL','Leesburg'),(83,'WI','Juneau'),(84,'CA','Novato'),(85,'MN','Lake Elmo'),(86,'MI','Benton Harbor'),(87,'IL','Decatur'),(88,'NC','Pikeville'),(89,'MN','Waseca'),(90,'FL','Cross City'),(91,'MO','Kansas City'),(92,'NH','Keene'),(93,'WY','Gillette'),(94,'MS','Aberdeen'),(95,'GA','Atlanta'),(96,'CA','Visalia'),(97,'OR','Corvallis'),(98,'WA','Pullman'),(99,'MI','Rogers City'),(100,'MS','Corinth'),(101,'CA','Daggett'),(102,'MO','Farmington'),(103,'VA','Fredericksburg'),(104,'OK','Hobart'),(105,'MO','Springfield'),(106,'LA','Deridder'),(107,'OK','Stillwater'),(108,'IA','Charles City'),(109,'NC','Monroe'),(110,'NC','Maple'),(111,'MN','Sturgeon Lake'),(112,'NC','Concord'),(113,'MN','Waskish'),(114,'IA','Vinton'),(115,'IL','Lawrenceville'),(116,'TX','Nacogdoches'),(117,'AL','Fort Rucker'),(118,'AL','Birmingham'),(119,'SC','Liberty'),(120,'GA','Toccoa'),(121,'MI','Freeland'),(122,'NJ','Teterboro'),(123,'NC','Rutherfordton'),(124,'MI','Grosse Ile'),(125,'NE','Imperial'),(126,'NY','Montgomery'),(127,'LA','Jennings'),(128,'AR','Corning'),(129,'GA','Thomaston'),(130,'IA','Knoxville'),(131,'MN','Orr'),(132,'MN','Pipestone'),(133,'IL','Waukegan'),(134,'LA','District 10'),(135,'RI','Westerly'),(136,'IL','Saint Francisville'),(137,'LA','Barksdale AFB'),(138,'CA','Half Moon Bay'),(139,'FL','Orlando'),(140,'MI','Cadillac'),(141,'MI','Escanaba'),(142,'CA','El Cajon'),(143,'WA','Toledo'),(144,'IN','Warsaw'),(145,'WA','Oak Harbor'),(146,'NJ','Cookstown'),(147,'NC','Burlington'),(148,'AL','Foley'),(149,'TX','Rockport'),(150,'TX','Andrews'),(151,'NY','Big Flats'),(152,'TX','San Antonio'),(153,'VA','Blacksburg'),(154,'TX','Sugar Land'),(155,'TX','Granbury'),(156,'IL','Sparta'),(157,'CO','Leadville'),(158,'CA','Santa Monica'),(159,'AR','Camden'),(160,'MD','Aberdeen Proving Ground'),(161,'TX','Wharton'),(162,'OK','Okmulgee'),(163,'AR','Newport'),(164,'MN','Albert Lea'),(165,'VA','Horsepasture'),(166,'OR','Brookings'),(167,'GA','Blairsville'),(168,'WI','Tony'),(169,'TX','New Braunfels'),(170,'IL','Springfield'),(171,'WV','Bluefield'),(172,'TN','Sparta'),(173,'CA','McKinleyville'),(174,'NC','Asheboro'),(175,'WI','Spring Green'),(176,'WA','Seattle'),(177,'ME','Wiscasset'),(178,'IA','Lamoni'),(179,'NC','Greenville'),(180,'MO','Brumley'),(181,'MI','Calumet'),(182,'MN','Detroit Lakes'),(183,'MI','Gwinn'),(184,'NC','Andrews'),(185,'ND','Mandan'),(186,'CA','Modesto'),(187,'MS','Moss Point'),(188,'AR','West Memphis'),(189,'FL','Hurlburt Field'),(190,'IL','Pontiac'),(191,'CA','Long Beach'),(192,'KY','Henderson'),(193,'NE','Sidney'),(194,'KY','Louisville Airport'),(195,'MS','Starkville'),(196,'CA','Crescent City'),(197,'PA','Beaver Falls'),(198,'WV','Bridgeport'),(199,'MN','Dennison'),(200,'ID','Driggs'),(201,'CA','Fresno'),(202,'NY','Jamaica'),(203,'IN','Marion'),(204,'OR','Tillamook'),(205,'LA','Fort Polk'),(206,'FL','Tampa'),(207,'ID','Jerome'),(208,'VA','District 2'),(209,'IA','Muscatine'),(210,'MA','Hyannis'),(211,'OK','Yukon'),(212,'WI','Racine'),(213,'SD','Madison'),(214,'CA','Beale AFB'),(215,'OR','South Beach'),(216,'NE','Omaha'),(217,'FL','Inverness'),(218,'GA','Hazlehurst'),(219,'FL','Gainesville'),(220,'VA','Hot Springs'),(221,'NC','Pope Army Airfield'),(222,'OK','Ponca City'),(223,'PA','Doylestown'),(224,'ND','Rolla'),(225,'MS','Hattiesburg'),(226,'AL','Fort Payne'),(227,'NJ','Farmingdale'),(228,'MI','South Haven'),(229,'PA','Pittsburgh'),(230,'CO','Longmont'),(231,'OH','Akron'),(232,'OR','McMinnville'),(233,'FL','Patrick AFB'),(234,'KY','Jackson'),(235,'WA','Puyallup'),(236,'LA','Monroe'),(237,'SC','Summerville'),(238,'MN','Two Harbors'),(239,'MI','Caro'),(240,'NC','Halifax'),(241,'MT','Forsyth'),(242,'MA','Orange'),(243,'MI','Howell'),(244,'MD','Andrews Air Force Base'),(245,'GA','Americus'),(246,'OH','Middletown'),(247,'NC','Louisburg'),(248,'SC','West Columbia'),(249,'WV','Wiley Ford'),(250,'FL','Fernandina Beach'),(251,'MI','Bad Axe'),(252,'WI','Burlington'),(253,'TN','Chattanooga'),(254,'CA','San Simeon'),(255,'ND','Carrington'),(256,'FL','Miami'),(257,'OH','Carroll'),(258,'VT','Newport'),(259,'MI','Norton Shores'),(260,'KY','Debord'),(261,'WA','Chehalis'),(262,'OH','Batavia'),(263,'OR','Baker City'),(264,'WI','Sturgeon Bay'),(265,'SC','Eastover'),(266,'TX','Bowie'),(267,'MT','Kalispell'),(268,'WV','Elkins'),(269,'TN','Oak Ridge'),(270,'AL','Madison'),(271,'SC','Johns Island'),(272,'CA','Costa Mesa'),(273,'CA','Eureka'),(274,'NY','Hounsfield'),(275,'KS','McConnell AFB'),(276,'NY','Rome'),(277,'MI','Ludington'),(278,'NM','Grants'),(279,'IN','Deer Creek'),(280,'MO','Saint Joseph'),(281,'VA','Newport News'),(282,'AR','Batesville'),(283,'WI','Eagle River'),(284,'WV','Brenton'),(285,'OK','Poteau'),(286,'ID','McCall'),(287,'NC','Elizabeth City'),(288,'IL','Milan'),(289,'SD','Lemmon'),(290,'SD','Sioux Falls'),(291,'TX','Dyess AFB'),(292,'DE','Georgetown'),(293,'ME','Fryeburg'),(294,'NC','Edenton'),(295,'PA','Reading'),(296,'WY','Rock Springs'),(297,'MN','Maple Lake'),(298,'MI','Little Traverse'),(299,'AR','Clinton'),(300,'VT','North Springfield'),(301,'OK','Cushing'),(302,'WI','Cameron'),(303,'SC','Hilton Head Island'),(304,'FL','Bartow'),(305,'SC','Anderson'),(306,'LA','Belle Chasse'),(307,'WA','Shelton'),(308,'OR','Aurora'),(309,'NC','Davis'),(310,'NM','Moriarty'),(311,'AL','Oxford'),(312,'LA','New Roads'),(313,'CO','Meeker'),(314,'SC','Rock Hill'),(315,'WI','Superior'),(316,'OR','Scappoose'),(317,'OH','Albany'),(318,'GA','Milledgeville'),(319,'IL','Noble'),(320,'KY','Marion'),(321,'PA','Washington'),(322,'WA','Port Angeles'),(323,'NC','Sanford'),(324,'OH','Jefferson'),(325,'MN','Winona'),(326,'ND','Crosby'),(327,'LA','Gonzales'),(328,'TX','Denison'),(329,'KY','Bowling Green'),(330,'NY','Poughkeepsie'),(331,'OR','Warrenton'),(332,'NY','Wellsville'),(333,'MO','Three Creeks'),(334,'MN','Mora'),(335,'IL','Salem'),(336,'TN','Mount Pleasant'),(337,'VA','Winchester'),(338,'AL','Huntsville'),(339,'GA','Fort Stewart'),(340,'AR','Hot Springs National Park'),(341,'OR','Medford'),(342,'CA','Mount Shasta'),(343,'GA','Dublin'),(344,'AZ','Gila Bend'),(345,'OR','Meacham'),(346,'PA','Lewis Run'),(347,'KS','Concordia'),(348,'SD','Rapid City'),(349,'GA','Tifton'),(350,'SC','Roebuck'),(351,'CA','Fortuna'),(352,'FL','Crystal River'),(353,'AZ','Chandler'),(354,'WI','Antigo'),(355,'MS','Belmont'),(356,'AR','Jacksonville'),(357,'ID','Sandpoint'),(358,'NH','Jaffrey'),(359,'VA','Elkwood'),(360,'OH','Vienna'),(361,'LA','Baton Rouge'),(362,'FL','Eglin AFB'),(363,'IL','Wheeling'),(364,'TN','Smyrna'),(365,'ME','Waterville'),(366,'MN','Rush City'),(367,'MN','Mankato'),(368,'TN','Clarksville'),(369,'WI','Wautoma'),(370,'GA','Moody Afb'),(371,'PA','Jonestown'),(372,'MI','Newberry'),(373,'IL','Macomb'),(374,'MD','Berlin'),(375,'VA','Manassas'),(376,'AZ','Buckeye'),(377,'WI','Baraboo'),(378,'KY','Baxter'),(379,'MN','Worthington'),(380,'AL','Andalusia'),(381,'TX','Conroe'),(382,'CA','Merced'),(383,'AL','Alexander City'),(384,'MT','Hamilton'),(385,'LA','Lafayette'),(386,'WV','Martinsburg'),(387,'WY','Pinedale'),(388,'SC','Greenville'),(389,'TX','Arlington'),(390,'WI','Phillips'),(391,'MI','Hillsdale'),(392,'SC','Chester'),(393,'OH','Springfield'),(394,'GA','Douglas'),(395,'PA','Montoursville'),(396,'PA','Johnstown'),(397,'PA','Quakertown'),(398,'FL','Panama City'),(399,'WY','Fe Warren AFB'),(400,'MO','Monett'),(401,'ME','Bangor'),(402,'TX','Killeen'),(403,'LA','Oakdale'),(404,'FL','Naples'),(405,'ND','Minot AFB'),(406,'AR','Russellville'),(407,'WI','Eau Claire'),(408,'MD','Salisbury'),(409,'AR','Flippin'),(410,'OR','Troutdale'),(411,'GA','Butler'),(412,'IA','Creston'),(413,'IA','Hayes'),(414,'GA','Peachtree City'),(415,'KY','Fort Knox'),(416,'CT','Windsor Locks'),(417,'MN','Fosston'),(418,'NM','Gallup'),(419,'NC','Franklin'),(420,'OR','John Day'),(421,'NH','Plymouth'),(422,'FL','Fort Pierce'),(423,'MI','Owosso'),(424,'PA','Pocono Summit'),(425,'TX','Burke'),(426,'LA','Florien'),(427,'IN','Washington'),(428,'MA','Provincetown'),(429,'IA','Webster City'),(430,'NC','Iron Station'),(431,'AL','Alabaster'),(432,'CA','Camarillo'),(433,'IA','Bloomfield'),(434,'TX','Graham'),(435,'NM','Corona'),(436,'AZ','Saint Johns'),(437,'MI','Belleville'),(438,'IL','Peru'),(439,'CO','Glenwood Springs'),(440,'OH','Elyria'),(441,'IA','Fairfield'),(442,'IL','Murphysboro'),(443,'GA','Thomasville'),(444,'IN','Huntingburg'),(445,'GA','Athens'),(446,'PA','Selinsgrove'),(447,'MS','Greenwood'),(448,'WI','New Richmond'),(449,'TX','Spring'),(450,'VA','Louisa'),(451,'NC','Kill Devil Hills'),(452,'GA','Oxford'),(453,'TX','Rocksprings'),(454,'TX','Rusk'),(455,'NC','Smithfield'),(456,'VA','Fort Belvoir'),(457,'KS','Winfield'),(458,'UT','Logan'),(459,'NC','Salisbury'),(460,'TX','Jasper'),(461,'IL','Litchfield'),(462,'KS','Berryton'),(463,'MT','Miles City'),(464,'WA','Port Orchard'),(465,'TX','Victoria'),(466,'KY','Middlesboro'),(467,'NC','Greensboro'),(468,'LA','Lake Charles'),(469,'MT','Drummond'),(470,'SC','Moncks Corner'),(471,'OK','Watonga'),(472,'FL','Marianna'),(473,'MI','Ionia'),(474,'MD','Suitland'),(475,'DE','New Castle'),(476,'MA','North Adams'),(477,'OR','Redmond'),(478,'NC','New Bern'),(479,'IA','Davenport'),(480,'LA','Shreveport'),(481,'TX','Paris'),(482,'GA','Cartersville'),(483,'MN','Park Rapids'),(484,'CT','Stratford'),(485,'NY','New York'),(486,'NC','Wilmington'),(487,'OK','Lawton'),(488,'NC','Fayetteville'),(489,'MO','Boonville'),(490,'WI','Milwaukee'),(491,'MN','Olivia'),(492,'VT','North Clarendon'),(493,'NM','Portales'),(494,'CA','Coleville'),(495,'WA','Vancouver'),(496,'OH','Columbus'),(497,'CT','Oxford'),(498,'NY','Farmingdale'),(499,'CA','South Lake Tahoe'),(500,'ID','Twin Falls'),(501,'PA','Catasauqua'),(502,'GA','Valdosta'),(503,'NJ','Lumberton'),(504,'CA','Stockton'),(505,'SC','Camden'),(506,'MA','Concord'),(507,'FL','Ocala'),(508,'ND','Oakes'),(509,'CA','Camp Pendleton'),(510,'TX','Orange'),(511,'RI','Middletown'),(512,'VA','Virginia Beach'),(513,'WA','Tacoma'),(514,'PA','Franklin'),(515,'WV','Morgantown'),(516,'KS','Manhattan'),(517,'MI','Monroe'),(518,'NE','Ogallala'),(519,'IN','Shelbyville'),(520,'IA','Forest City'),(521,'MI','Charlevoix'),(522,'CA','San Jose'),(523,'WI','Wausau'),(524,'MS','Natchez'),(525,'CO','Breckenridge'),(526,'MI','Bagley'),(527,'MI','Cheboygan'),(528,'WI','Chetek'),(529,'NC','Timberlake'),(530,'NY','East Quogue'),(531,'NE','Columbus city'),(532,'IN','Rensselaer'),(533,'NC','Lexington'),(534,'OK','Sallisaw'),(535,'SC','Barnwell'),(536,'UT','Cedar City'),(537,'IL','Palestine'),(538,'CT','Wallingford'),(539,'CO','Lamar'),(540,'MN','Ely'),(541,'OR','Lakeview'),(542,'CA','Oxnard'),(543,'NC','Whiteville'),(544,'MI','Holland'),(545,'MT','Two Dot'),(546,'GA','Kennesaw'),(547,'WA','Bellingham'),(548,'WA','Mukilteo'),(549,'TX','Mineral Wells'),(550,'MA','Chicopee'),(551,'TX','Athens'),(552,'NE','Mc Cook'),(553,'NC','Elizabethtown'),(554,'CA','Palmdale'),(555,'IN','South Bend'),(556,'MI','Manistique'),(557,'WI','Clintonville'),(558,'SC','Mullins'),(559,'MS','Biloxi'),(560,'SC','Seneca'),(561,'ND','Fargo'),(562,'NY','New Windsor'),(563,'TX','Beaumont'),(564,'PA','Martinsburg'),(565,'OH','Mansfield'),(566,'OR','Portland'),(567,'IL','Bismarck'),(568,'IA','Sioux City'),(569,'VA','Farmville'),(570,'CA','Alta'),(571,'VA','Midland'),(572,'NE','Wayne'),(573,'GA','Fort Benning'),(574,'MN','Elbow Lake'),(575,'MT','Baker'),(576,'NJ','Linden'),(577,'FL','Defuniak Springs'),(578,'NJ','Newark'),(579,'OR','Ontario'),(580,'WI','Bay City'),(581,'SC','Florence'),(582,'WV','Lewisburg'),(583,'MA','Vineyard Haven'),(584,'GA','Moultrie'),(585,'WA','Deer Park'),(586,'OK','Foss'),(587,'OH','Cincinnati'),(588,'VA','Melfa'),(589,'WI','Siren'),(590,'TX','Bay City'),(591,'AL','Gulf Shores'),(592,'NH','West Lebanon'),(593,'VA','Carrsville'),(594,'MN','Baudette'),(595,'MT','Butte'),(596,'FL','Melbourne'),(597,'MA','Norwood'),(598,'IA','Ankeny'),(599,'VA','Western'),(600,'UT','Salt Lake City'),(601,'MS','Moselle'),(602,'NY','Saranac Lake'),(603,'VA','Hampton'),(604,'CA','Hayward'),(605,'KS','Dodge City'),(606,'IL','Mattoon'),(607,'IN','Michigan City'),(608,'SC','Lancaster'),(609,'IA','Fort Madison'),(610,'MI','Mount Pleasant'),(611,'GA','Jesup'),(612,'MO','Portage des Sioux'),(613,'CA','Napa'),(614,'MO','Webb City'),(615,'VT','Middlebury'),(616,'ME','Portland'),(617,'ME','Presque Isle'),(618,'IL','Lincoln'),(619,'NJ','Fairfield'),(620,'OR','Cascade Locks'),(621,'TX','Hamilton'),(622,'RI','Warwick'),(623,'ND','Hazen'),(624,'CA','Porterville'),(625,'VA','Chesapeake'),(626,'PA','New Castle'),(627,'NC','Washington'),(628,'AL','Meridianville'),(629,'TN','Dyersburg'),(630,'WA','Eastsound'),(631,'MI','Flint charter township'),(632,'TX','Northwest Travis'),(633,'WY','Buffalo'),(634,'MT','Havre'),(635,'FL','Vero Beach'),(636,'NY','Latham'),(637,'MN','Rochester'),(638,'OK','Alva'),(639,'GA','Thomson'),(640,'WY','Casper'),(641,'AL','Troy'),(642,'CO','Blanca'),(643,'OK','Ardmore'),(644,'IA','Clarion'),(645,'TX','Huntsville'),(646,'MI','Kingsford'),(647,'IL','Joliet'),(648,'SD','Aberdeen'),(649,'PA','Spring Grove'),(650,'OH','Heath'),(651,'MN','Cambridge'),(652,'GA','Blakely'),(653,'KY','Glasgow'),(654,'TX','Port Aransas'),(655,'RI','Block Island'),(656,'CA','Big Bear City'),(657,'AL','Hope Hull'),(658,'AR','Gentry'),(659,'ND','Cooperstown'),(660,'GA','Elberton'),(661,'KS','Hill City'),(662,'LA','Tallulah'),(663,'CO','Ignacio'),(664,'AR','Jonesboro'),(665,'NH','Concord'),(666,'KY','London'),(667,'WI','Black River Falls'),(668,'ME','Trenton'),(669,'TN','Tullahoma'),(670,'CA','Hollister'),(671,'ND','Beach'),(672,'CO','Holyoke'),(673,'OH','Green'),(674,'MA','Westfield'),(675,'IL','Effingham'),(676,'NE','Grand Island'),(677,'OH','New Philadelphia'),(678,'NH','Gilford'),(679,'MN','Hinckley'),(680,'IL','Jacksonville'),(681,'LA','Natchitoches'),(682,'MI','Charlotte'),(683,'WI','Kenosha'),(684,'TX','Midland'),(685,'ID','Mullan'),(686,'NE','Murray'),(687,'MN','Sauk Centre'),(688,'MO','Scott City'),(689,'MS','Bolton'),(690,'FL','Deland'),(691,'NE','Oneill'),(692,'IL','Mount Vernon'),(693,'TX','Naval Air Station JRB'),(694,'IA','Cedar'),(695,'WY','Rawlins'),(696,'KS','Burlington'),(697,'MT','Missoula'),(698,'MI','Big Rapids'),(699,'OH','Lima'),(700,'SC','Georgetown'),(701,'FL','Apalachicola'),(702,'IL','Bloomington'),(703,'NM','Los Alamos'),(704,'MT','Belgrade'),(705,'FL','Crestview'),(706,'IL','Lockport'),(707,'NJ','Lakehurst'),(708,'WY','Wheatland'),(709,'SC','Aiken'),(710,'MI','Beaver Island'),(711,'TX','Cameron'),(712,'NE','Wahoo'),(713,'TX','Gatesville'),(714,'UT','Price'),(715,'MD','Gaithersburg'),(716,'AL','Opelika'),(717,'NM','Alamogordo'),(718,'NY','Shirley'),(719,'IL','East Saint Louis'),(720,'FL','Quincy'),(721,'FL','Miramar-Pembroke Pines'),(722,'NC','Jefferson'),(723,'NY','Queensbury'),(724,'CA','Tehachapi'),(725,'LA','Dequincy'),(726,'MS','Cleveland'),(727,'NV','Ely'),(728,'GA','Vidalia'),(729,'OH','Delaware'),(730,'ME','Houlton'),(731,'WI','Marshfield'),(732,'WY','Cody'),(733,'SC','Mount Pleasant'),(734,'PA','West Mifflin'),(735,'FL','Homestead'),(736,'GA','Eastman'),(737,'SC','Shaw AFB'),(738,'TX','Georgetown'),(739,'MS','Greenville'),(740,'SD','Huron'),(741,'CA','San Bernardino'),(742,'CA','Oceanside'),(743,'TX','Houston'),(744,'WI','Cumberland'),(745,'MI','Detroit'),(746,'MI','Ottawa Lake'),(747,'CA','Santa Ynez'),(748,'OR','Roseburg'),(749,'VA','Hillsville'),(750,'LA','Kenner'),(751,'WY','Newcastle'),(752,'OK','Shawnee'),(753,'NY','Ithaca'),(754,'WI','West Bend'),(755,'CA','Beaumont'),(756,'TX','Mckinney'),(757,'GA','Everett'),(758,'IA','Newton'),(759,'TX','Hondo'),(760,'TX','La Grange'),(761,'WI','Ashland'),(762,'WI','Janesville'),(763,'KS','Liberal'),(764,'VA','Richmond'),(765,'VA','Roanoke'),(766,'TX','Hereford East'),(767,'TX','Bridgeport'),(768,'NM','Raton'),(769,'IA','Le Mars'),(770,'TX','Pearland'),(771,'MN','Slayton'),(772,'AL','Greenville'),(773,'MI','Kinross'),(774,'NY','Schenectady'),(775,'KS','Lawrence'),(776,'CA','San Diego'),(777,'IL','West Chicago'),(778,'FL','Venice'),(779,'TX','Manor'),(780,'WI','Wescott'),(781,'IN','Indianapolis'),(782,'FL','Bonifay'),(783,'NJ','Newton'),(784,'WI','Wisconsin Rapids'),(785,'AZ','Grand Canyon'),(786,'AL','Demopolis'),(787,'NE','Chadron'),(788,'FL','Titusville'),(789,'MO','Poplar Bluff'),(790,'ID','Coeur d\'Alene'),(791,'IA','Iowa City'),(792,'AL','Tanner'),(793,'FL','Lady Lake'),(794,'WY','Greybull'),(795,'OK','Stigler'),(796,'NY','Niagara Falls'),(797,'FL','Pensacola'),(798,'UT','Milford'),(799,'ME','Augusta'),(800,'NC','Erwin'),(801,'CO','Colorado Springs'),(802,'NC','Morrisville'),(803,'NY','Hinsdale'),(804,'DE','Dover AFB'),(805,'ME','Millinocket'),(806,'VA','Orange'),(807,'NJ','Wantage'),(808,'NC','Havelock'),(809,'WI','Sheboygan Falls'),(810,'MT','Lewistown'),(811,'UT','Thompson'),(812,'LA','Grand Isle'),(813,'CA','Madera'),(814,'PA','Butler'),(815,'AL','Fairhope'),(816,'SC','Walterboro'),(817,'SD','Belle Fourche'),(818,'NC','New London'),(819,'CA','Oakland'),(820,'TX','Breckenridge'),(821,'FL','Fort Myers'),(822,'MS','Gulfport'),(823,'SC','Conway'),(824,'ID','Rexburg'),(825,'PA','Blue Bell'),(826,'CO','Kremmling'),(827,'KY','Murray'),(828,'CT','East Haven'),(829,'MN','Redwood Falls'),(830,'IA','Clarinda'),(831,'AZ','Williams'),(832,'OR','North Bend'),(833,'MO','Vichy'),(834,'CA','Oroville'),(835,'CA','Lancaster'),(836,'MO','Excelsior Springs'),(837,'IA','Ames'),(838,'NY','Ronkonkoma'),(839,'WY','Cheyenne'),(840,'NC','New River'),(841,'TX','Tyler'),(842,'SC','Hartsville'),(843,'OR','Eugene'),(844,'IL','Rantoul'),(845,'ND','Bowman'),(846,'MI','Manistee'),(847,'TN','Jackson'),(848,'IL','Sugar Grove'),(849,'CA','Fullerton'),(850,'KS','Olathe'),(851,'CA','Hawthorne'),(852,'VT','South Burlington'),(853,'MN','Willmar'),(854,'OH','Cleveland'),(855,'GA','Albany'),(856,'ID','Soda Springs'),(857,'VA','Earlysville'),(858,'MN','Madison'),(859,'NC','Elm City'),(860,'AR','Bentonville'),(861,'PA','Philadelphia'),(862,'NY','Buffalo'),(863,'NY','Syracuse'),(864,'MI','Coldwater'),(865,'TX','Fort Hood'),(866,'VA','Tappahannock'),(867,'MN','Pine River'),(868,'OK','Woodward'),(869,'MS','Tupelo'),(870,'NV','Nellis AFB'),(871,'TX','Gonzales'),(872,'OH','Mount Vernon'),(873,'NV','Eureka'),(874,'AR','Pine Bluff'),(875,'NY','Dunkirk'),(876,'TX','Brookshire'),(877,'IL','Marion'),(878,'WY','Encampment'),(879,'MO','Chesterfield'),(880,'MA','Marshfield'),(881,'IL','Lacon'),(882,'GA','Bainbridge'),(883,'AR','Siloam Springs'),(884,'MD','Easton'),(885,'MI','Lansing'),(886,'MI','Battle Creek'),(887,'MD','Ridgely'),(888,'WI','Camp Douglas'),(889,'TX','Dumas'),(890,'FL','Opa Locka'),(891,'UT','Green River'),(892,'WY','Upton'),(893,'MI','Jackson'),(894,'VA','Ashland'),(895,'SC','Winnsboro'),(896,'SC','Cheraw'),(897,'CA','Salinas'),(898,'MS','Meridian'),(899,'GA','Lawrenceville'),(900,'NC','Oxford'),(901,'NE','Fremont'),(902,'LA','Abbeville'),(903,'MN','Glencoe'),(904,'FL','Immokalee'),(905,'OR','Burns'),(906,'VA','Leesburg'),(907,'KS','Pittsburg'),(908,'MN','Faribault'),(909,'MN','Hibbing'),(910,'AR','Stuttgart'),(911,'AL','Montgomery'),(912,'TX','Caldwell'),(913,'VA','Lynchburg'),(914,'IA','Cherokee'),(915,'WA','Kelso'),(916,'IL','Flora'),(917,'TX','Clarksville'),(918,'MN','Saint Paul'),(919,'FL','Starke'),(920,'MA','Plymouth'),(921,'TX','Palestine'),(922,'KY','Louisville'),(923,'SC','Manning'),(924,'KY','Danville'),(925,'FL','Winter Haven'),(926,'MO','Jefferson City'),(927,'MI','Traverse City'),(928,'NV','Reno'),(929,'WI','Mineral Point'),(930,'CO','Gypsum'),(931,'NY','Jamestown'),(932,'OH','Swanton'),(933,'GA','Ball Ground'),(934,'MN','Marshall'),(935,'KY','Frankfort'),(936,'MI','Mason'),(937,'KS','Wichita'),(938,'OK','Pauls Valley'),(939,'CA','Grass Valley'),(940,'ID','Bonners Ferry'),(941,'ND','Rugby'),(942,'WY','Buford'),(943,'NY','Rochester'),(944,'CT','Chester'),(945,'WY','Saratoga'),(946,'NC','Kenansville'),(947,'AL','Tuscaloosa'),(948,'SD','Brookings'),(949,'MN','Staples'),(950,'NC','Richlands'),(951,'MT','Livingston'),(952,'CA','Edwards'),(953,'AL','Dothan'),(954,'AR','Fort Smith'),(955,'CO','Sterling'),(956,'CO','Aspen'),(957,'CA','Los Angeles'),(958,'VA','Fort Eustis'),(959,'NC','Tarboro'),(960,'MN','Owatonna'),(961,'NM','West Bernalillo'),(962,'FL','Stuart'),(963,'IN','Auburn'),(964,'OH','Marion'),(965,'NM','El Prado'),(966,'IL','Chicago'),(967,'NC','Kinston'),(968,'CA','Windsor'),(969,'NC','Winston Salem'),(970,'WY','Kaycee'),(971,'NE','Kearney'),(972,'OH','Findlay'),(973,'KS','Salina'),(974,'CA','Lebec'),(975,'WA','Enumclaw'),(976,'TX','Mexia'),(977,'MN','Little Falls'),(978,'OK','Tulsa'),(979,'LA','New Orleans'),(980,'FL','Pompano Beach'),(981,'IL','Galesburg'),(982,'OH','Zanesville'),(983,'OH','Dayton'),(984,'MA','Canton'),(985,'GA','Savannah'),(986,'VA','Rural Retreat'),(987,'TX','Waco'),(988,'ND','Hettinger'),(989,'WV','Wheeling'),(990,'IA','Fort Dodge'),(991,'CA','Lemoore'),(992,'TX','Robstown'),(993,'WA','Friday Harbor'),(994,'TX','College Station'),(995,'IA','Clear Lake'),(996,'CA','Olivehurst'),(997,'NC','Newport'),(998,'VA','Wakefield'),(999,'KS','Fort Scott'),(1000,'KS','Topeka'),(1001,'KY','Erlanger'),(1002,'NE','Holdrege'),(1003,'ND','Cando'),(1004,'ND','Tioga township'),(1005,'FL','Daytona Beach'),(1006,'VA','Washington'),(1007,'IA','Perry'),(1008,'IA','Mount Pleasant'),(1009,'TX','Fort Stockton'),(1010,'WA','Pasco'),(1011,'NY','Johnson City'),(1012,'MD','Hagerstown'),(1013,'AL','Mobile'),(1014,'MO','Lees Summit'),(1015,'KS','Independence'),(1016,'MI','Ann Arbor'),(1017,'FL','Marathon'),(1018,'NY','Plattsburgh'),(1019,'CA','El Centro'),(1020,'IA','Shenandoah'),(1021,'CA','Riverside'),(1022,'GA','Rome'),(1023,'GA','Warner Robins'),(1024,'AZ','Fort Huachuca'),(1025,'GA','Columbus'),(1026,'TX','Aransas Pass'),(1027,'CA','Columbia'),(1028,'NE','Falls City'),(1029,'OK','Grove'),(1030,'NM','Socorro'),(1031,'GA','Saint Simons Island'),(1032,'MN','South Saint Paul'),(1033,'MI','Alpena'),(1034,'MO','Hollister'),(1035,'NV','Indian Springs'),(1036,'CA','Lompoc'),(1037,'WA','East Wenatchee'),(1038,'NJ','Bayville'),(1039,'IN','Bloomington'),(1040,'IL','Scott Air Force Base'),(1041,'TN','Elizabethton'),(1042,'TN','Alcoa'),(1043,'NE','Tekamah'),(1044,'MA','North Andover'),(1045,'IL','Paris'),(1046,'KS','Chanute'),(1047,'GA','Dalton'),(1048,'WI','Land O Lakes'),(1049,'IA','Atlantic'),(1050,'TX','Hearne'),(1051,'WY','Wamsutter'),(1052,'IA','Sheldon'),(1053,'MO','Kirksville'),(1054,'WV','Buckhannon'),(1055,'SC','Charleston Afb'),(1056,'MA','Pittsfield'),(1057,'TX','Burnet'),(1058,'MO','Saint Louis'),(1059,'VA','Luray'),(1060,'UT','Dugway'),(1061,'WA','Walla Walla'),(1062,'KS','Emporia'),(1063,'MT','Billings'),(1064,'WI','Madison city'),(1065,'TX','Llano South'),(1066,'MA','Fitchburg'),(1067,'CO','Saguache'),(1068,'CO','La Junta'),(1069,'AR','Midway'),(1070,'TX','Junction'),(1071,'VA','Arlington'),(1072,'AL','Daleville'),(1073,'CT','Hartford'),(1074,'PA','Bedford'),(1075,'MO','Clinton'),(1076,'IL','Rockford'),(1077,'MS','Vicksburg'),(1078,'NM','Roswell'),(1079,'MI','Houghton Lake'),(1080,'NC','Mount Airy'),(1081,'TX','Giddings'),(1082,'AR','Gum Springs'),(1083,'CO','Limon'),(1084,'MI','Kimball'),(1085,'AR','Mount Ida'),(1086,'NC','North Wilkesboro'),(1087,'IL','Bethalto'),(1088,'MT','Glasgow'),(1089,'MI','Waterford'),(1090,'MI','Harrison Township'),(1091,'NE','Johnstown'),(1092,'WA','McChord AFB'),(1093,'KY','Mount Sterling'),(1094,'ND','Langdon'),(1095,'OK','Duncan'),(1096,'SC','Myrtle Beach'),(1097,'ID','Malta'),(1098,'OH','Wauseon'),(1099,'FL','Tallahassee'),(1100,'PA','Coatesville'),(1101,'MN','Tracy'),(1102,'MN','Fairmont'),(1103,'AR','North Little Rock'),(1104,'GA','Waycross'),(1105,'MD','Frederick'),(1106,'LA','Pineville'),(1107,'MN','Hutchinson'),(1108,'TX','Del Rio'),(1109,'MS','Flowood'),(1110,'MN','Lakeville'),(1111,'IN','Kokomo'),(1112,'CO','Trinidad'),(1113,'NY','Bethel'),(1114,'FL','Kissimmee'),(1115,'SC','Newberry'),(1116,'TX','Miami'),(1117,'TX','Angleton'),(1118,'KS','Newton'),(1119,'CA','McClellan'),(1120,'OH','Springboro'),(1121,'PA','Pottstown'),(1122,'TX','Universal City'),(1123,'LA','Cameron'),(1124,'OK','Altus'),(1125,'MD','Westminster'),(1126,'MN','Saint Cloud'),(1127,'WA','Northeast Kittitas'),(1128,'TX','Sheppard Afb'),(1129,'MN','Buffalo'),(1130,'IA','Waterloo'),(1131,'TX','Addison'),(1132,'TX','Kingsville'),(1133,'GA','Gainesville'),(1134,'UT','Hill AFB'),(1135,'FL','Sarasota'),(1136,'TX','Snyder'),(1137,'MO','Camdenton'),(1138,'TX','Decatur'),(1139,'MT','Malmstrom Afb'),(1140,'NC','Roanoke Rapids'),(1141,'IL','Fairfield'),(1142,'IN','Muncie'),(1143,'PA','Meadville'),(1144,'NM','Texico'),(1145,'IN','Rochester'),(1146,'CO','Erie'),(1147,'NJ','Egg Harbor Township'),(1148,'FL','Plant City'),(1149,'OK','Atoka'),(1150,'ND','Glen Ullin'),(1151,'FL','Lake City'),(1152,'NE','Alliance'),(1153,'RI','Smithfield'),(1154,'CA','Auburn'),(1155,'MS','Jackson'),(1156,'LA','Bastrop'),(1157,'IA','Dubuque'),(1158,'MN','Morris'),(1159,'FL','Patrick Afb'),(1160,'OH','Smithville'),(1161,'ID','Mountain Home Afb'),(1162,'VA','Wallops Island'),(1163,'ME','Sanford'),(1164,'VA','North Dinwiddie'),(1165,'CT','Groton'),(1166,'MN','Spencer'),(1167,'SD','Custer'),(1168,'AZ','Prescott'),(1169,'MN','Eveleth'),(1170,'NC','Engelhard'),(1171,'NV','Las Vegas'),(1172,'OK','Durant'),(1173,'WV','Charleston'),(1174,'LA','New Iberia'),(1175,'KS','Fort Riley'),(1176,'NC','Aulander'),(1177,'LA','Alexandria'),(1178,'TX','Marfa'),(1179,'CO','Gunnison'),(1180,'WA','Yakima'),(1181,'IL','Dekalb'),(1182,'CO','Lake George'),(1183,'NY','Massena'),(1184,'OH','Defiance'),(1185,'AL','Albertville'),(1186,'WI','Waupaca'),(1187,'SC','Sumter'),(1188,'IA','Ottumwa'),(1189,'LA','Slidell'),(1190,'ND','Minot'),(1191,'OR','Hillsboro'),(1192,'GA','Washington'),(1193,'NM','Carlsbad'),(1194,'PA','Pittston'),(1195,'IL','Taylorville'),(1196,'VT','Swanton'),(1197,'IN','Terre Haute'),(1198,'MI','Portage'),(1199,'MN','Duluth'),(1200,'OH','Wilmington'),(1201,'MN','Canby'),(1202,'MO','Reeds Spring'),(1203,'WI','Manitowish Waters'),(1204,'TN','Millington'),(1205,'TX','Salt Flat'),(1206,'KY','Lexington'),(1207,'MN','Bemidji'),(1208,'PA','Allentown'),(1209,'WI','De Pere'),(1210,'MD','District 1 St. Inigoes'),(1211,'PA','Reynoldsville'),(1212,'CA','San Francisco'),(1213,'OH','Fairfield'),(1214,'NE','Offutt AFB'),(1215,'TX','Cleburne'),(1216,'AR','Fayetteville'),(1217,'IL','Savanna'),(1218,'CT','Danbury'),(1219,'TX','Galveston'),(1220,'NY','Fulton'),(1221,'IL','Rochelle'),(1222,'TN','Union City'),(1223,'MN','Princeton'),(1224,'KY','West Paducah'),(1225,'MN','Grand Rapids'),(1226,'AR','Rogers'),(1227,'OK','Weatherford'),(1228,'ID','Lewiston'),(1229,'OH','Vandalia'),(1230,'NC','Fletcher'),(1231,'IN','West Lafayette'),(1232,'NY','North Dansville'),(1233,'IA','Boone'),(1234,'TN','Cleveland'),(1235,'TN','Winchester'),(1236,'MN','Compton'),(1237,'LA','Galliano'),(1238,'IL','Freeport'),(1239,'LA','Pitkin'),(1240,'IA','Pella'),(1241,'CA','Truckee'),(1242,'MN','Granite Falls'),(1243,'OK','El Reno'),(1244,'OR','Wolf Creek'),(1245,'MI','Midland'),(1246,'WA','Renton'),(1247,'AL','Haleyville'),(1248,'MS','Lyon'),(1249,'CA','Montague'),(1250,'VA','Cloyd'),(1251,'IA','Iowa Falls'),(1252,'KS','Cherryvale'),(1253,'GA','Greensboro'),(1254,'NE','York'),(1255,'FL','Saint Petersburg'),(1256,'NC','Frisco'),(1257,'NE','Hebron'),(1258,'NC','Beaufort'),(1259,'CO','Nucla'),(1260,'OR','Bend'),(1261,'IA','Grinnell'),(1262,'MO','Hannibal'),(1263,'OR','Klamath Falls'),(1264,'CO','Usaf Academy'),(1265,'KY','Fort Campbell'),(1266,'AR','Harrison'),(1267,'GA','Winder'),(1268,'AZ','Payson'),(1269,'AZ','Ganado'),(1270,'AR','De Queen'),(1271,'AR','Springdale'),(1272,'IL','Peoria'),(1273,'ND','Cavalier city'),(1274,'GA','Sandersville'),(1275,'IN','Goshen'),(1276,'CA','Whitethorn'),(1277,'WI','Osceola'),(1278,'TN','Memphis'),(1279,'GA','Fitzgerald'),(1280,'FL','New Smyrna Beach'),(1281,'TX','Carrizo Springs'),(1282,'TX','Henderson'),(1283,'PA','Latrobe'),(1284,'TX','Corpus Christi'),(1285,'AL','Jasper'),(1286,'AL','Evergreen'),(1287,'IA','Chariton'),(1288,'WA','Forks'),(1289,'SC','Kingstree'),(1290,'MA','East Taunton'),(1291,'TX','Bryan'),(1292,'MS','Brookhaven'),(1293,'SC','Bennettsville'),(1294,'GA','Homerville'),(1295,'IL','Raleigh'),(1296,'MN','New Ulm'),(1297,'PA','West Chester'),(1298,'VA','Abingdon'),(1299,'GA','Alma'),(1300,'OK','Hugo'),(1301,'OK','McAlester'),(1302,'CA','Torrance'),(1303,'MI','Drummond Island'),(1304,'MN','Montevideo'),(1305,'MS','Mccomb'),(1306,'NC','Carthage'),(1307,'VA','Weyers Cave'),(1308,'NH','Portsmouth'),(1309,'MI','Three Rivers'),(1310,'TX','Brownsville'),(1311,'IN','Greenfield'),(1312,'PA','State College'),(1313,'SD','Winner'),(1314,'TX','Zapata'),(1315,'OR','Pendleton'),(1316,'TN','Nashville'),(1317,'CA','Goleta'),(1318,'ME','Owls Head'),(1319,'FL','Destin'),(1320,'OK','Claremore'),(1321,'OK','Blackwell'),(1322,'CA','Monterey'),(1323,'WI','Pewaukee'),(1324,'GA','Cordele'),(1325,'CA','Ontario'),(1326,'SC','Darlington'),(1327,'TX','Childress'),(1328,'TX','Odessa'),(1329,'VA','Wise'),(1330,'TX','Muenster'),(1331,'LA','Morgan City'),(1332,'TX','Palacios'),(1333,'SC','Beaufort'),(1334,'IL','Chicago Heights'),(1335,'KS','Garden City'),(1336,'MI','Troy'),(1337,'MD','Baltimore'),(1338,'NH','Manchester'),(1339,'NE','Norfolk'),(1340,'NC','Southport'),(1341,'TX','Port Lavaca'),(1342,'FL','Sanford'),(1343,'IA','Centerville'),(1344,'WA','Hoquiam'),(1345,'FL','Eglin Afb'),(1346,'IN','Angola'),(1347,'CA','El Monte'),(1348,'MA','Beverly'),(1349,'FL','Brooksville'),(1350,'WA','Riverside'),(1351,'MI','Menominee'),(1352,'IA','Council Bluffs'),(1353,'WI','Prairie du Chien'),(1354,'GA','Lagrange'),(1355,'WI','Fond du Lac'),(1356,'NE','Valentine'),(1357,'IL','Kankakee'),(1358,'WY','Lander'),(1359,'ID','Caldwell'),(1360,'MI','Bellaire'),(1361,'TX','Uvalde'),(1362,'IA','Washington'),(1363,'CA','San Luis Obispo'),(1364,'IA','Spencer'),(1365,'VA','Quantico'),(1366,'MA','New Bedford'),(1367,'NC','Statesville'),(1368,'OK','Muskogee'),(1369,'ID','Malad City'),(1370,'MT','Helena'),(1371,'MN','International Falls'),(1372,'IA','Audubon'),(1373,'IL','Bensenville'),(1374,'OK','Idabel'),(1375,'FL','Zephyrhills'),(1376,'NV','Lovelock'),(1377,'WV','Williamstown'),(1378,'MN','Alexandria'),(1379,'IN','Anderson'),(1380,'TN','Blountville'),(1381,'AR','Texarkana'),(1382,'WA','Arlington'),(1383,'IA','Burlington'),(1384,'AR','Little Rock'),(1385,'OK','Chandler'),(1386,'PA','Clearfield'),(1387,'TX','Fort Bliss'),(1388,'IL','Saratoga'),(1389,'CO','Aurora'),(1390,'TX','Mineola'),(1391,'ND','Valley City'),(1392,'MI','Alma'),(1393,'OK','Guthrie'),(1394,'MS','Oxford'),(1395,'NC','Township 2 Berryhill'),(1396,'VA','Emporia'),(1397,'TX','Wink'),(1398,'AZ','Tucson'),(1399,'CO','Alamosa'),(1400,'TX','Cleveland'),(1401,'CA','Alturas'),(1402,'OK','Enid'),(1403,'NE','Ord'),(1404,'OR','Hermiston'),(1405,'CO','Hayden'),(1406,'TX','Los Fresnos'),(1407,'WI','Rhinelander'),(1408,'TX','Canadian'),(1409,'KY','Madisonville'),(1410,'KS','Hays'),(1411,'NJ','Rio Grande'),(1412,'ME','Brunswick'),(1413,'MI','Lapeer'),(1414,'CA','Stevenson Ranch'),(1415,'CO','Cortez'),(1416,'AR','Walnut Ridge'),(1417,'MN','Litchfield'),(1418,'MN','Brainerd'),(1419,'MA','Nantucket'),(1420,'CO','Englewood'),(1421,'NE','Lincoln'),(1422,'IN','La Porte'),(1423,'WI','Mosinee'),(1424,'FL','Milton'),(1425,'UT','Stockton'),(1426,'AR','Monticello'),(1427,'OK','Seminole'),(1428,'PA','Lititz'),(1429,'KS','Russell'),(1430,'KS','Pratt'),(1431,'TX','Brenham'),(1432,'MI','Saginaw'),(1433,'NC','Rockingham'),(1434,'IN','Elkhart'),(1435,'FL','Clearwater'),(1436,'SD','Mobridge'),(1437,'AR','El Dorado'),(1438,'IN','Evansville'),(1439,'VA','Danville'),(1440,'KY','Somerset'),(1441,'MA','East Boston'),(1442,'MA','Chatham'),(1443,'MO','Marthasville'),(1444,'ID','Nampa'),(1445,'CA','Hanford'),(1446,'NJ','Millville'),(1447,'MI','Fremont'),(1448,'LA','Sulphur'),(1449,'KY','Mayfield'),(1450,'ND','Grand Forks AFB'),(1451,'GA','Macon'),(1452,'MN','Roseau'),(1453,'WI','Manitowoc'),(1454,'AL','Muscle Shoals'),(1455,'MN','Ortonville'),(1456,'WY','Jackson Hole'),(1457,'WI','Hayward'),(1458,'MS','Tunica'),(1459,'WV','Beaver'),(1460,'CA','Davis'),(1461,'TN','Athens'),(1462,'TX','Harlingen'),(1463,'WY','Evanston'),(1464,'IA','Oelwein'),(1465,'PA','Middletown'),(1466,'CA','Travis Afb'),(1467,'CA','Freedom'),(1468,'MI','Ironwood'),(1469,'IA','Red Oak'),(1470,'CA','Needles'),(1471,'TX','Pecos'),(1472,'NC','Manteo'),(1473,'MN','Luverne'),(1474,'NE','Nebraska City'),(1475,'GA','Port Wentworth'),(1476,'MD','Patuxent River'),(1477,'CO','Buena Vista'),(1478,'MN','Glyndon'),(1479,'ND','Gwinner'),(1480,'AR','Caddo'),(1481,'IN','Zionsville'),(1482,'SD','Buffalo'),(1483,'WY','Pine Bluffs'),(1484,'TX','Seminole'),(1485,'IN','Gary'),(1486,'ND','Devils Lake'),(1487,'OK','Norman'),(1488,'LA','Hammond'),(1489,'FL','Perry'),(1490,'OK','Oklahoma City'),(1491,'TX','Lubbock'),(1492,'TX','Amarillo'),(1493,'IA','Keokuk'),(1494,'ME','Caribou'),(1495,'CA','Redding'),(1496,'IA','Monticello'),(1497,'MI','Sturgis city'),(1498,'SD','Philip'),(1499,'IA','Osceola'),(1500,'CO','Fort Morgan'),(1501,'SC','Greenwood'),(1502,'IL','Metropolis'),(1503,'CO','Penrose'),(1504,'PA','Erie'),(1505,'OK','Gage'),(1506,'MD','Stevensville'),(1507,'ND','Harvey'),(1508,'SD','Yankton'),(1509,'TX','Ozona'),(1510,'CA','Mojave'),(1511,'PA','New Cumberland'),(1512,'KS','Great Bend'),(1513,'NC','Wadesboro'),(1514,'AL','Gadsden'),(1515,'IA','Estherville'),(1516,'CA','Oceanside-Escondido'),(1517,'TX','Denton'),(1518,'TX','Terrell'),(1519,'SC','Greer'),(1520,'TX','Comanche'),(1521,'OK','Clinton'),(1522,'CO','Pagosa Springs'),(1523,'NM','Farmington'),(1524,'WY','Hanna'),(1525,'WA','Spokane'),(1526,'WA','Burlington'),(1527,'CA','Sacramento'),(1528,'WY','Tie Siding'),(1529,'NE','Aurora'),(1530,'MD','Middle River'),(1531,'MN','Preston'),(1532,'NH','Nashua'),(1533,'IA','Denison'),(1534,'TX','Southwest Dallas'),(1535,'FL','Boca Raton'),(1536,'CO','Denver'),(1537,'AL','Scottsboro'),(1538,'NC','Maxton'),(1539,'IA','Cedar Rapids'),(1540,'TX','Castroville'),(1541,'GA','Statesboro'),(1542,'OK','Guymon'),(1543,'TX','Rosharon'),(1544,'NM','Glencoe'),(1545,'WI','La Crosse'),(1546,'TX','San Angelo'),(1547,'NM','Santa Teresa'),(1548,'SC','Columbia'),(1549,'TX','Vernon'),(1550,'MN','Fergus Falls'),(1551,'NM','Tucumcari'),(1552,'WY','Glendo'),(1553,'TX','Lampasas'),(1554,'MN','Jackson'),(1555,'WI','Merrill'),(1556,'WV','Kenova'),(1557,'TX','Sonora'),(1558,'ID','Burley'),(1559,'TX','Dalhart'),(1560,'NV','Amargosa Valley'),(1561,'NV','Winnemucca'),(1562,'IN','Fort Wayne'),(1563,'NM','Hobbs'),(1564,'MO','Sedalia'),(1565,'ND','Grand Forks'),(1566,'AZ','Sierra Vista'),(1567,'ID','Spencer'),(1568,'OR','Salem'),(1569,'TX','Maxwell'),(1570,'OK','Chickasha'),(1571,'GA','Newnan'),(1572,'MN','Dodge Center'),(1573,'WI','Woodruff'),(1574,'IA','Clinton'),(1575,'LA','Houma'),(1576,'WY','Albin'),(1577,'NE','Albion'),(1578,'IA','Decorah'),(1579,'GA','Carrollton'),(1580,'LA','Opelousas'),(1581,'WI','Watertown'),(1582,'MN','Eden Prairie'),(1583,'OK','Tinker Afb'),(1584,'KS','Hutchinson'),(1585,'TX','Sweetwater'),(1586,'OH','Millbury'),(1587,'IL','Tolono'),(1588,'ID','Idaho Falls'),(1589,'NH','Milan'),(1590,'SD','Mitchell'),(1591,'MS','Olive Branch'),(1592,'CA','Paso Robles'),(1593,'TX','Sulphur Springs'),(1594,'MI','Grand Rapids'),(1595,'ID','Boise'),(1596,'CA','Imperial'),(1597,'NC','Stoneville'),(1598,'MO','Pomona'),(1599,'MN','Cloquet'),(1600,'MI','Oscoda'),(1601,'MN','Longville'),(1602,'CA','Vacaville'),(1603,'WY','Kemmerer'),(1604,'WY','Dubois'),(1605,'NH','Whitefield'),(1606,'CA','March Air Reserve Base'),(1607,'ND','Linton'),(1608,'GA','Sylvania'),(1609,'IA','Algona'),(1610,'FL','West Palm Beach'),(1611,'WY','Laramie'),(1612,'NJ','Trenton'),(1613,'LA','Patterson'),(1614,'ND','Stanley'),(1615,'SC','Orangeburg'),(1616,'TX','Wichita Falls'),(1617,'TX','Kerrville'),(1618,'SD','Ellsworth AFB'),(1619,'NV','Elko'),(1620,'TX','Rockwall'),(1621,'WY','Ten Sleep'),(1622,'TX','Marshall'),(1623,'MT','Glendive'),(1624,'IL','Carmi'),(1625,'CO','Granby'),(1626,'NY','Penn Yan'),(1627,'WY','Afton'),(1628,'OH','Ravenna'),(1629,'SD','Spearfish'),(1630,'NV','Deeth'),(1631,'WY','Riverton'),(1632,'IN','Valparaiso'),(1633,'NE','Beatrice'),(1634,'CA','San Carlos'),(1635,'TX','Midlothian'),(1636,'MN','Austin'),(1637,'CO','Peyton'),(1638,'NY','Flushing'),(1639,'OK','Bethany'),(1640,'TX','Big Spring'),(1641,'WI','Stevens Point'),(1642,'TX','Temple'),(1643,'TX','Jbsa Lackland'),(1644,'MN','Appleton'),(1645,'OH','Bellefontaine'),(1646,'MN','Glenwood'),(1647,'OH','Port Clinton'),(1648,'FL','Okeechobee'),(1649,'TX','Brady'),(1650,'ID','Pocatello'),(1651,'TX','Cotulla'),(1652,'NE','Scottsbluff'),(1653,'IL','Centralia'),(1654,'KY','Owensboro'),(1655,'OH','Versailles'),(1656,'NV','Wells'),(1657,'TX','Grand Prairie'),(1658,'WA','Fairchild Air Force Base'),(1659,'NM','Las Vegas'),(1660,'CA','La Verne'),(1661,'CA','Ridgecrest'),(1662,'CO','Akron'),(1663,'WI','Greenville'),(1664,'TX','Mcallen'),(1665,'SD','Watertown'),(1666,'NM','Clayton'),(1667,'CA','Livermore-Pleasanton'),(1668,'CA','Bakersfield'),(1669,'CO','Creede'),(1670,'KS','Taloga'),(1671,'NM','Hurley'),(1672,'NE','Thedford'),(1673,'WI','Sparta'),(1674,'CT','North Windham'),(1675,'MI','Pellston'),(1676,'TX','Alice'),(1677,'WY','Cokeville'),(1678,'KS','Coffeyville'),(1679,'MN','Long Prairie'),(1680,'CA','Ramona'),(1681,'NV','Tonopah'),(1682,'NJ','Morristown'),(1683,'MI','Mackinac Island'),(1684,'CA','Red Bluff'),(1685,'AL','Florala'),(1686,'MO','Warrensburg'),(1687,'ND','Walhalla'),(1688,'TX','Borger'),(1689,'CO','Pueblo'),(1690,'CO','Boulder'),(1691,'CA','Chuckwalla Valley'),(1692,'TX','El Paso'),(1693,'NV','Battle Mountain'),(1694,'WI','Monroe'),(1695,'AZ','Show Low'),(1696,'AZ','Winslow'),(1697,'MN','Paynesville'),(1698,'NM','Santa Fe'),(1699,'IL','Rock Falls'),(1700,'UT','Escalante'),(1701,'AZ','Flagstaff'),(1702,'ID','Challis'),(1703,'WY','Glenrock'),(1704,'ID','Hailey'),(1705,'WI','Tomahawk'),(1706,'IN','Columbus'),(1707,'AL','Eufaula'),(1708,'UT','Blanding'),(1709,'FL','Ormond Beach'),(1710,'MN','Benson'),(1711,'CA','Van Nuys'),(1712,'KS','Colby'),(1713,'WA','Dallesport'),(1714,'TX','Edinburg'),(1715,'CA','Imperial Beach'),(1716,'ND','Dickinson'),(1717,'AZ','Glendale'),(1718,'MN','Crookston'),(1719,'SD','Pierre'),(1720,'SD','Pine Ridge'),(1721,'OK','Bartlesville'),(1722,'NY','Montauk'),(1723,'TX','Pampa'),(1724,'TX','Beeville'),(1725,'MN','Warroad'),(1726,'WY','Big Piney'),(1727,'KS','Gardner township'),(1728,'NV','Fallon'),(1729,'CO','Bald Mountain'),(1730,'CO','Montrose'),(1731,'AZ','Mesa'),(1732,'OK','Tahlequah'),(1733,'GA','Claxton'),(1734,'VA','Suffolk'),(1735,'UT','Wendover'),(1736,'NM','Cannon AFB'),(1737,'CO','Craig'),(1738,'AZ','Safford'),(1739,'UT','Roy'),(1740,'MN','Thief River Falls'),(1741,'IA','Marshalltown'),(1742,'CO','Telluride'),(1743,'NM','Angel Fire'),(1744,'WY','Thermopolis'),(1745,'WY','Sheridan'),(1746,'IL','Pittsfield'),(1747,'CO','Steamboat Springs'),(1748,'MA','Sandwich'),(1749,'MO','Washington'),(1750,'TX','Hillsboro'),(1751,'MN','Cook'),(1752,'NM','Chama'),(1753,'WI','Oconto'),(1754,'MT','Wolf Point'),(1755,'PA','Indiana'),(1756,'CA','Ukiah'),(1757,'SD','Chamberlain'),(1758,'NM','Albuquerque'),(1759,'IL','Cairo'),(1760,'CA','Pacoima'),(1761,'MI','Frankfort'),(1762,'NE','Hastings'),(1763,'GA','Dallas'),(1764,'CA','Mammoth Lakes'),(1765,'TX','Gilmer'),(1766,'CA','San Martin'),(1767,'IA','Carroll'),(1768,'ND','Lidgerwood'),(1769,'MI','Marshall'),(1770,'NE','Kimball'),(1771,'KS','Goodland'),(1772,'CA','Twentynine Palms'),(1773,'CA','Fort Irwin'),(1774,'TX','Corsicana'),(1775,'AZ','Colorado City'),(1776,'MT','Dillon'),(1777,'OK','Frederick'),(1778,'FL','Lakeland'),(1779,'CA','Petaluma'),(1780,'MT','West Yellowstone'),(1781,'NM','Deming'),(1782,'CO','Delta'),(1783,'KY','Monticello'),(1784,'CO','Burlington'),(1785,'NM','Cuba'),(1786,'FL','Saint Augustine');
/*!40000 ALTER TABLE `location` ENABLE KEYS */;
UNLOCK TABLES;

--
-- Table structure for table `usercredential`
--

DROP TABLE IF EXISTS `usercredential`;
/*!40101 SET @saved_cs_client     = @@character_set_client */;
/*!50503 SET character_set_client = utf8mb4 */;
CREATE TABLE `usercredential` (
  `UserId` int NOT NULL,
  `Username` varchar(64) NOT NULL,
  `Password` varchar(128) NOT NULL,
  PRIMARY KEY (`UserId`),
  CONSTRAINT `usercredential_ibfk_1` FOREIGN KEY (`UserId`) REFERENCES `userprofile` (`UserId`) ON DELETE CASCADE
) ENGINE=InnoDB DEFAULT CHARSET=utf8mb4 COLLATE=utf8mb4_0900_ai_ci;
/*!40101 SET character_set_client = @saved_cs_client */;

--
-- Dumping data for table `usercredential`
--

LOCK TABLES `usercredential` WRITE;
/*!40000 ALTER TABLE `usercredential` DISABLE KEYS */;
INSERT INTO `usercredential` VALUES (1,'root','root'),(2,'juhrzx','hdrxsrfh'),(3,'jicbzk','tattufxa'),(4,'quotmy','xehlsikg'),(5,'pcbehp','yfdblnko'),(6,'xaxeox','chwvvuil'),(7,'pwtgok','lislhlho'),(8,'vmnfdg','zvuyekwa'),(9,'wptvuo','rrxyxcnk'),(10,'xiwlgg','zewxrcyg'),(11,'ickcbk','emsbgajp'),(12,'lgykbs','nsmrdugf'),(13,'hnqwas','atrwzjyy'),(14,'vrocpv','cthvmemg'),(15,'yrwvqy','zblbciqv'),(16,'jwcfml','qmkbztcw'),(17,'hlypid','tnpqtmrw'),(18,'jqguug','ftehhjfd'),(19,'rpawms','ydfbroiv'),(20,'fpvgju','exvudysg'),(21,'yuhtan','iooydqxi'),(22,'etcvnl','ylgtjofx'),(23,'wqkkhe','vcrdcslv'),(24,'zdaerq','hnxytggs'),(25,'aynzld','hcebtzjf'),(26,'iyrufs','ndlflpkf'),(27,'vbtwvz','nghojroy'),(28,'akvetr','vhepjacs'),(29,'egfulg','wtmjopee'),(30,'camisv','mzuyntvh'),(31,'gkhxra','rtrmizpa'),(32,'zshaqo','cofcvivo'),(33,'akykzo','xoxvtley'),(34,'yrmean','hiqxxyjr'),(35,'pjgkoc','eagmpvth'),(36,'zzlrcz','lhdpqiig'),(37,'qidhve','xdqqksyk'),(38,'fwduug','casfymds'),(39,'ejrals','fqwafchi'),(40,'dybmhq','ivhplyha'),(41,'cbqnds','rvatvdry'),(42,'kckgpk','ijljkjui'),(43,'fatnas','wmcjxfgq'),(44,'tnbztr','bexobqli'),(45,'aqbgby','kqwoastg'),(46,'hracsl','gdrucrqa'),(47,'litmhp','rdmwucnt'),(48,'nxzakk','yhyllyap'),(49,'nknizn','jlnwzavw'),(50,'mtvynh','dwdevoza'),(51,'ddyxzk','fsaqvxmw'),(52,'kdoops','npufzgsc'),(53,'eqqrcc','abkifnxa'),(54,'ubulxe','cowdxfij'),(55,'ulmmfy','ukknfoiz'),(56,'cbiatt','oopoypgk'),(57,'yjkxic','edaagmhf'),(58,'ceftij','gyvpbrmk'),(59,'epmpqg','mpqrpsqs'),(60,'lybjhc','ooxymayw'),(61,'txmsyk','xdysaeuu'),(62,'hklbdj','xuqwugif'),(63,'lhzxbh','drpkwqyr'),(64,'ehmumz','vhgmnluw'),(65,'nfpoam','dhlcqqzq'),(66,'figtuo','uobepsvq'),(67,'gbennp','ecpxjyom'),(68,'efjcsy','lzlmfosa'),(69,'wfgvos','tlhwjfxa'),(70,'lfxowt','rahvgxix'),(71,'guoxtd','nrcsnaya'),(72,'kscikp','avfpjwjf'),(73,'wvkddb','zudfkgus'),(74,'yridxm','mxrhdnxk'),(75,'rizgiw','dfpecodq'),(76,'aoevdt','gpjhbcfo'),(77,'tvtgkz','wmqqysxh'),(78,'zgnxmm','smdxeflt'),(79,'vufrbo','cmfwytuy'),(80,'thfjgw','sakcuhaz'),(81,'xhursg','bjfsxasp'),(82,'bllvka','qdcjlkel'),(83,'qiyrkl','erkrzqcx'),(84,'iewzwj','vcirtzgo'),(85,'arldgd','avdjjsfi'),(86,'flicah','xouashkk'),(87,'mumtlb','yjhpetoi'),(88,'slvxfs','fxfyprkc'),(89,'ctzjli','grdvdpic'),(90,'ukynpz','esxrfakm'),(91,'gezchl','ovzispuc'),(92,'emivzc','tpskqsgt'),(93,'pgnkew','brxgoxql'),(94,'noifsb','pcylgeij'),(95,'modvgz','jaxuelsf'),(96,'mmxwxw','jygozovt'),(97,'vchtzt','ojytpveg'),(98,'ggaxvd','rsvjvanv'),(99,'dvuwzn','fexkwqru'),(100,'ngwcxw','qqxznmqv'),(101,'zmfvta','oatikvkm'),(102,'yugepu','izdjtojl'),(103,'bwxzzo','tuajxerr'),(104,'cjvwpl','kobnejve'),(105,'binlrf','rswxztem'),(106,'fijnvh','aygsayws'),(107,'kuxyao','qymodois'),(108,'kfhzos','tzxpexpl'),(109,'txikom','jhwwjfku'),(110,'gxamge','orhphpja'),(111,'fqoioc','plfybuhc'),(112,'kmyxqu','dwwrqbom'),(113,'fxhwgp','luhushsc'),(114,'slqfqw','nuhemvoi'),(115,'raawkr','hyjxvgrr'),(116,'dcfzqb','hvgyyidx'),(117,'mdcdqs','ehjbaauv'),(118,'siaysr','jllxfqao'),(119,'ruumfn','pdynkwqm'),(120,'rumltb','vqouvqqb'),(121,'ocpaws','zbdwlvhq'),(122,'ecofyu','svoxybhb'),(123,'wzglil','frtcyhrc'),(124,'brbfkh','zijmzxlv'),(125,'xfvihr','ugdnnrag'),(126,'zmwzzl','jomymegh'),(127,'cmoiea','jqetnuzn'),(128,'wnrwqa','jdthtqxt'),(129,'xwhklu','idyfipvo'),(130,'vepxbo','cpwqevul'),(131,'bnkbbb','obydbckn'),(132,'xhdhqo','mfpvcngx'),(133,'lktczz','smpzdlfk'),(134,'kmulbq','ivvvpitk'),(135,'hzrxvu','kbwycptt'),(136,'iyspod','iamuitdh'),(137,'uwqqjk','mvwusthw'),(138,'wjdwhr','hgirpwbt'),(139,'jceqyd','ttjfceet'),(140,'bmmujc','kdxlrrmb'),(141,'slzxzs','ruoiwduv'),(142,'brkvuy','lywbmfkv'),(143,'hznlvl','keeclfsn'),(144,'ppfsro','lmvnydwu'),(145,'vbfmfa','hhgbdrsp'),(146,'spxldf','rpybbwwk'),(147,'cwxdfh','nohxmiiw'),(148,'abrqua','iaxgeaul'),(149,'rjihvb','mrtkfibc'),(150,'lzzevw','vlaqfeat'),(151,'ggjltl','lakmawgc'),(152,'jvreqc','mxwawouv'),(153,'jbyygz','yvorncem'),(154,'galwtv','xgaftygo'),(155,'pulvvp','axrdfmim'),(156,'ldblfc','upsoetdc'),(157,'cdyoen','nzvnkhvn'),(158,'lamjge','zhgonsbc'),(159,'iyohjv','cagwfwxx'),(160,'uikdca','btrhwvvj'),(161,'rdmlcz','thhtngmo'),(162,'fmpdfi','nstqaonk'),(163,'ueawrr','xbojsxab'),(164,'dwjtxn','mdewlnuu'),(165,'ilpqai','llbkcvon'),(166,'otenli','ddcavmtc'),(167,'mlafkr','orrnaosr'),(168,'savfol','kuxzbhht'),(169,'lrqqdw','qnazbtcc'),(170,'cmnrie','txzdxgvg'),(171,'wavboi','xoykvbxy'),(172,'bkyqqy','hdrkaknb'),(173,'iiebkp','vpzsgtog'),(174,'takdjm','qdcnpwuo'),(175,'ejqyqv','ddrlywsz'),(176,'xgnont','rtxwblng'),(177,'uddusw','uqbifxvi'),(178,'yulpvg','bdvkbqdk'),(179,'ocmwue','eanxbqik'),(180,'bdqntd','lijnbsfv'),(181,'odpcnw','dawohnuw'),(182,'qecvhr','lzhfbhtu'),(183,'wyainp','oslxspnk'),(184,'lhxuri','oqnvigwg'),(185,'bgxdli','jwozceem'),(186,'agzqka','slrodfpv'),(187,'awqhli','xdfairdi'),(188,'krpieh','ckhpbopj'),(189,'cqucbn','hweuvkwk'),(190,'atqotx','evmfpodd'),(191,'wnbabd','pqpumgaz'),(192,'iwipqn','zwlnxfzj'),(193,'ihvybu','otaqrgou'),(194,'kfdrqo','iadcrzla'),(195,'wcbudh','zsrqlrpy'),(196,'rpvfmm','eigpfxws'),(197,'tltwna','cynqtses'),(198,'ykrblf','afukyoqj'),(199,'vlccrd','dstvjnfl'),(200,'wbuidx','ievkxatj'),(201,'fwwudf','weyedzpv'),(202,'yxlrti','osedjrnd'),(203,'auptzx','oqhkluec'),(204,'tobota','ajjgpeui'),(205,'fxhrse','tzjhieyt'),(206,'zvyciz','blwkxzou'),(207,'vepvmm','djlvgzko'),(208,'ksyhya','ebtuosfi'),(209,'umwirs','gtqtpfbl'),(210,'tntfgx','uowezkez'),(211,'wqryhi','qwhnpaqo'),(212,'imkreh','gnfqtrft'),(213,'zrunga','kwxjihml'),(214,'bnwdmo','kbobublk'),(215,'yhelsr','mpxvwymm'),(216,'eizpiz','svxxhtld'),(217,'wxuxmi','fefcrxbl'),(218,'elupcp','pwflhyth'),(219,'rufblk','eshyihlv'),(220,'hpxffp','zrtrwqht'),(221,'aojoam','ctnboyko'),(222,'kkwbrh','tedvgfsh'),(223,'dnkaos','srvlimoi'),(224,'qmyqii','bxvrsuhb'),(225,'nocnym','kdcendno'),(226,'pxoynx','mwzgjzsm'),(227,'thyamp','qxkayhgn'),(228,'fzcpeg','gkdmicwx'),(229,'vtpbhh','rxnhelrv'),(230,'xvgukp','luupnvhr'),(231,'xllxvm','qmedraia'),(232,'giesaw','hbistvuo'),(233,'fymytj','yeundyil'),(234,'qnjakf','rbsnqqdn'),(235,'oaunes','drodgyoi'),(236,'xcqjss','tjbhubgr'),(237,'gspxed','yoyxcdyi'),(238,'pnqvfm','jsvyjuos'),(239,'rixujc','xncxohlk'),(240,'ebdclo','tywoiocb'),(241,'bbrnrs','gvzwnhzo'),(242,'zuwhnz','qjxfmisx'),(243,'xmhnlb','tomdxlne'),(244,'iolbvm','nnwbrkga'),(245,'alatfi','wlnuwhdm'),(246,'sxmler','rovrwfih'),(247,'fivhla','hwelrovt'),(248,'bbdbmg','elqjayvg'),(249,'hviipc','dybwabrx'),(250,'niznzl','swqumkft'),(251,'okzzsw','ujlxnnlv'),(252,'syjcal','hnxaahge'),(253,'mgjckr','lqxvhddu'),(254,'zqthrl','fyxehsmf'),(255,'hnvzbj','ypsgpvlq'),(256,'mlgiit','sqgcddom'),(257,'ydsosh','thtswuhs'),(258,'eauutk','fllprkep'),(259,'qruvun','tvkelwpj'),(260,'fitnfa','okdfgjxi'),(261,'hvxcao','tmonuoyo'),(262,'nkjmny','yxdfgdop'),(263,'pvtdqg','wdkvcyja'),(264,'tnvket','etnmaxpm'),(265,'vzuulq','iuupfpzr'),(266,'notfpu','koehvssc'),(267,'scjsac','tcrqrdtr'),(268,'pdnmdd','ghbfbiyi'),(269,'zvxkpy','eclyjgfv'),(270,'llrqai','gphfxgcp'),(271,'gkzoig','ugnjqwdd'),(272,'xofwsr','qtzdtnto'),(273,'bgvzcx','wbdcmwwa'),(274,'cswtlq','yrcubzrx'),(275,'uvenxs','bllmhgrg'),(276,'oxagpt','murhpceo'),(277,'ficyap','zjugthfq'),(278,'wgvgdk','wyfbggor'),(279,'vslqnl','gkrsiisy'),(280,'vxytcd','khjfwehd'),(281,'eilxfr','uujivhwn'),(282,'ybexml','xwihyaxe'),(283,'yxshmc','ujmbxkcz'),(284,'fofiap','esfwrewh'),(285,'xaiomv','bomwwdcd'),(286,'iwqdmj','ufiewebp'),(287,'zcnkac','warsdtax'),(288,'ghqvji','todfovud'),(289,'aqqloc','pcmdmbwu'),(290,'zkpqen','xzkbzxmr'),(291,'asbcaq','nhsaupyi'),(292,'xmwgso','ixhjwbhq'),(293,'chgmqz','wuslcfje'),(294,'oywmbz','alrlqeaa'),(295,'zaioes','bbkmqlnq'),(296,'dixzlv','ycjxdewv'),(297,'chhsbh','onjqkisn'),(298,'mhpzva','vrefztsj'),(299,'aovfns','qdwfkmat'),(300,'hvnhvw','gedkcymt'),(301,'grvfey','ddpaohte'),(302,'eempve','givxeljq'),(303,'wiyity','xcgycnhf'),(304,'alcrrj','eccguase'),(305,'nhxegv','qmleonqt'),(306,'zrzzib','ootiumds'),(307,'qwkufm','egafrcar'),(308,'uqovnt','gbrqojpm'),(309,'pbrirb','dwvtnyrr'),(310,'rllnwn','mwullfhb'),(311,'blvefr','wsjoajqc'),(312,'kyvhyg','cmltspax'),(313,'ujpwss','tiyvmoue'),(314,'yqloln','memfhjmi'),(315,'mqhaoz','okxldvzu'),(316,'lcmodv','neiangfr'),(317,'gdxqdo','jysblnrx'),(318,'vrtlnn','vxgmutfd'),(319,'nauyvz','ttacwjwz'),(320,'tiaczj','jnpevkaj'),(321,'xnjmeb','gozhnkyn'),(322,'mkixob','bkgdrrkb'),(323,'dxocon','cvwefnbg'),(324,'ozfkvj','eaifaqhv'),(325,'wrfjaj','ttnpblld'),(326,'igadqy','finwdlyh'),(327,'ysjerd','tjtjicen'),(328,'mjzgku','wbmeydey'),(329,'ropwek','tnnqskul'),(330,'trfwvz','ggdfhunn'),(331,'ssrzej','qdmorcqp'),(332,'fadmlh','iphaqjxz'),(333,'gemnqa','cterxpub'),(334,'uzoevw','dwhtnpty'),(335,'fxevfb','alylqqil'),(336,'emwzzd','hjrcduvs'),(337,'eedfck','wdqmgdzx'),(338,'bwxpxr','wpmxcvey'),(339,'ivcnwq','nxbgsyoz'),(340,'jkldwi','szzwtbby'),(341,'xvfvnz','jwibvonp'),(342,'odddmc','fqxujmci'),(343,'ududlf','yfodjqtn'),(344,'apddqg','zmcwqkkf'),(345,'ltsacy','xsrnktsq'),(346,'emdeul','axltqdpp'),(347,'ocjcyk','tmbpmqmg'),(348,'fvxprn','vbcnmvlg'),(349,'awdgak','vritekaa'),(350,'zdsuym','pzheyppp'),(351,'dqncyq','jcdwlfqo'),(352,'akbzzx','hzupydev'),(353,'maxjmf','suxmfbmm'),(354,'wlxsfa','xnvyvdem'),(355,'becgzf','rotfsfye'),(356,'lyeadf','jqfinxad'),(357,'tficlq','chbnfvzq'),(358,'zllzpw','svcfvccp'),(359,'lvyosz','wccesmjk'),(360,'qtepia','ikiilpsc'),(361,'ahkpol','jynseekw'),(362,'rvqdso','kumwgzar'),(363,'eoxxdl','zzhrejsn'),(364,'ocnjlc','hshzvxuv'),(365,'ktinhj','yyxcijep'),(366,'krxpre','bvkwnjce'),(367,'zerhht','azzuzlgv'),(368,'nufnfi','slmpioey'),(369,'medyio','tagkjqmu'),(370,'xuvzgd','msgknosh'),(371,'usixpr','yifimjgh'),(372,'qhadmw','jbvelhih'),(373,'wgeoac','foobwbkg'),(374,'tciidk','gfpimrnu'),(375,'xlkbdu','lfbigrub'),(376,'uqxmdn','jrokilrc'),(377,'howkqd','insqimnl'),(378,'ziffww','uosizcyf'),(379,'hfhouf','qlmvegri'),(380,'dsfjot','cvpmmdmp'),(381,'hjloeu','iirisocb'),(382,'onocdj','mdrkyxig'),(383,'xdhyjp','tgheeubt'),(384,'jduirk','dhkinkri'),(385,'baskxg','kwyospbe'),(386,'dzlpwk','zfsibepu'),(387,'epedkn','qveppbuw'),(388,'yhvdbb','trageacf'),(389,'umcsak','nokprvgg'),(390,'fcizgl','nbontqbp'),(391,'htfaki','klwrecgv'),(392,'cmncaj','ebkwdvmv'),(393,'gfebms','htxlljgh'),(394,'xtsrkf','zllmrbxl'),(395,'ysiyrq','hmmrakht'),(396,'dmfknd','gdbajxki'),(397,'oquwmy','adejzffs'),(398,'fmojts','arulhouf'),(399,'fupgkx','hhfzzazw'),(400,'wefkpy','fsyhzcgj'),(401,'xfgvdr','iitbjxbb'),(402,'wmsrel','psrtzuuv'),(403,'xlzryx','jeerthdr'),(404,'jnaseg','babzrsxy'),(405,'krcsxc','xwdcibec'),(406,'ujchcv','ilzxjrin'),(407,'iqukcr','abgmxkvd'),(408,'guphhj','ptezomtm'),(409,'pynitu','acgspcjl'),(410,'bhexmc','zjavssrh'),(411,'nyjhix','ncjjwixd'),(412,'joshup','fewqjjmo'),(413,'jemazk','abcbnkwg'),(414,'ovrhti','ktcwrflu'),(415,'yclott','nffsezab'),(416,'utqrfa','vscmzyww'),(417,'ploprx','ngytquug'),(418,'azypwl','tpnxjlij'),(419,'zhmkvt','hfqeqdcd'),(420,'hvlcpt','wflqbcjv'),(421,'xqtqsf','nslfdzrv'),(422,'vkrlyu','vqxcrfet'),(423,'otmbkl','gjprdela'),(424,'wgcmme','wsndxdgg'),(425,'pbntid','cqenjekq'),(426,'thoedq','bhlpqibs'),(427,'vcdhjn','ahlkyvyp'),(428,'sdbyhq','ihhamvzt'),(429,'dikjzc','itkywnjs'),(430,'rnbntr','sgmqcxaq'),(431,'vzhcme','pqmqkmdn'),(432,'vfmvdr','vrxbxeql'),(433,'smahlc','ccquvckn'),(434,'hwigxl','aztfgtmc'),(435,'zqmash','mmrcpxah'),(436,'luczeg','seljlwgw'),(437,'uujptc','jlslkukx'),(438,'mhdgvl','daejuwee'),(439,'pkbpnp','fmlyiuhw'),(440,'kfnkcb','zmslrdqh'),(441,'upzgjy','uxieqjdm'),(442,'jurmpu','oodljala'),(443,'xoxdll','dndocvnw'),(444,'skgoai','zidthaca'),(445,'nwpwob','sxydrdcy'),(446,'gfqtdq','jlxzgqmm'),(447,'hpgrgu','jwahqvto'),(448,'gbmpbt','mwgszxlv'),(449,'svetqb','wtqqwuwl'),(450,'prznex','iilvjfdz'),(451,'clugpd','ntemybde'),(452,'onxqvi','wrbttyxb'),(453,'ngtlmp','wgstiuei'),(454,'uteuzc','gawrcuty'),(455,'nrrjas','myabhpjh'),(456,'zcwwra','xxibcetn'),(457,'irafqs','iuamngpo'),(458,'gjktxi','hehgxspm'),(459,'tjjoaq','axqnwyqp'),(460,'gjurjn','olaszyji'),(461,'myorif','yxilnohg'),(462,'cnognx','atsfgwqb'),(463,'sdjwsn','zfagixqs'),(464,'muvtae','luyyejjq'),(465,'lipjqy','uimvzsoy'),(466,'xpzjlo','fpnpkffs'),(467,'ecegaq','isboimaq'),(468,'xxvzvj','hveexdfa'),(469,'ckaroc','nmfpwmqe'),(470,'ejbpre','nylxzpct'),(471,'umbstw','imyhmgsv'),(472,'tptoyq','srlwubal'),(473,'foodjo','pnettdkq'),(474,'djnkjt','nxfpynvu'),(475,'rubzyh','wqjhhujf'),(476,'kqrdbw','gfsilpcr'),(477,'snfvop','rgrvmhxc'),(478,'ndvjar','ffpcwkfu'),(479,'khsqgc','ochyjzyb'),(480,'gvudkq','urwkdkpn'),(481,'vofibx','morkifxe'),(482,'pqmook','ntfsgvuh'),(483,'fhtxag','thwzmatl'),(484,'pfcear','rvbmchoj'),(485,'qyddax','aojhjcli'),(486,'fvpvat','ltxbilic'),(487,'swddpm','eygzglco'),(488,'skbtcj','dbnosvsf'),(489,'rgaqkk','bpnrreio'),(490,'rdpmrg','ryvschri'),(491,'eeusya','klsslyoa'),(492,'zswysw','kdjfkbar'),(493,'qjulel','jqufrmbr'),(494,'rqunbd','bxqptdcx'),(495,'lkloxj','nsdvrrhy'),(496,'pzacma','yplamsej'),(497,'fnajml','nbyjlrpy'),(498,'xpqjiq','hwkpvqhi'),(499,'emwhxo','mdnvgggw'),(500,'sjmhan','dinkwxiu'),(501,'ymexhn','aisbdtzz'),(502,'zrjjej','jngivesp'),(503,'fmfuqy','tqajumma'),(504,'ibomex','badkpvcq'),(505,'tjattd','qdjjwwus'),(506,'uqlrly','qbthkwin'),(507,'pjtilj','lcfkgdod'),(508,'nnvmsz','rovuvglt'),(509,'punxck','xtmvjwej'),(510,'humnjt','lvwspmrv'),(511,'wmross','ewejfmuy'),(512,'ruswrs','jvxytlyj'),(513,'rjuhxw','hifcaexf'),(514,'hrprre','xlljhvdr'),(515,'zckapg','mfcjxkzp'),(516,'oecipl','tlkcjbsy'),(517,'liqfcj','egbgoovg'),(518,'hrilha','etoyfjuk'),(519,'bfdmns','imyqcbzt'),(520,'hnsiri','erujfkyr'),(521,'rmzgwo','jvnkvqgi'),(522,'rshkit','vdihzqju'),(523,'tmxdil','eqwryekf'),(524,'ftlpit','rakestzo'),(525,'gwupft','umgzdtoc'),(526,'fbzejp','lsmtqpeo'),(527,'ipgzdt','nnxxolsw'),(528,'gfrvxe','symdknwo'),(529,'dxmvzp','agyhviio'),(530,'lhuoix','rcohunkk'),(531,'rqxwkp','xowdbksr'),(532,'zophnt','wwrtaxdl'),(533,'phrmqn','elsnrtti'),(534,'wypgow','jmrgtcab'),(535,'jrntyr','qzzhttsx'),(536,'sstesi','wxwrsdty'),(537,'zpywzy','txcslfvu'),(538,'pzdfqa','znyibcgp'),(539,'ovwalj','kdexezzo'),(540,'vycggj','rvixieua'),(541,'xrqudr','dfvedpgk'),(542,'jrbmkc','acloegzl'),(543,'rtcdyo','soqvheuu'),(544,'akntle','ourpzprw'),(545,'fqixuk','redxtzpt'),(546,'oqnndo','bujbnfuc'),(547,'olenuf','nvytjgdb'),(548,'tjcafq','dgaibiim'),(549,'izizls','bylzwuar'),(550,'wsqiun','osnthdcr'),(551,'txunlb','prxmnlhu'),(552,'hldsid','kdhcijxb'),(553,'lsfwrc','yufjdzau'),(554,'weasiv','eqzkdrwm'),(555,'aasqco','ysewbizc'),(556,'dxyfcy','dxyfobfj'),(557,'kcgede','xuhsiznr'),(558,'itbkjq','ldovozvn'),(559,'gszhay','wncmeuin'),(560,'uqvwaz','puynqyld'),(561,'wfnabl','lhgcpzbj'),(562,'wmuisw','jmtqiudv'),(563,'pqwjnq','mqonprrp'),(564,'eolydt','qepsxelv'),(565,'ugcqwj','uirwwmup'),(566,'lruojs','nyuwenbm'),(567,'xttezq','khzffgvi'),(568,'xdsjiu','oermcrae'),(569,'aqmyeo','dxhjwciy'),(570,'lzvpkt','zeooygrp'),(571,'jgpzht','gnowhwxc'),(572,'fpvcod','yypnszwc'),(573,'tcqffz','nqvurykt'),(574,'lzlfub','eodhjpjc'),(575,'pswfgh','isddclox'),(576,'ntmeez','qjkvcoly'),(577,'wqlbmt','bnouzqip'),(578,'mgyktd','jtnsjjkm'),(579,'mkgnat','nfjgrpci'),(580,'ynfgtz','lucfwvuj'),(581,'ughvfm','keqzrgbc'),(582,'lhsrdy','beoillvg'),(583,'odxzms','yktxmcuq'),(584,'zodeze','tyrxqrmb'),(585,'cfqobt','fmsmbaej'),(586,'tpikgz','dtkvrcxf'),(587,'drlybo','wkcqvull'),(588,'betzpe','pekadmej'),(589,'itwbod','zrixouyh'),(590,'pudqbs','vztrkdsq'),(591,'ooadxo','lohzhuro'),(592,'qkfxti','zealvkwe'),(593,'xjimqb','smyzpejn'),(594,'svjxmf','stlzgfce'),(595,'itzqhp','eeqipmry'),(596,'ivvaah','eagwaxex'),(597,'restim','bqeyqdfh'),(598,'efckbz','fhalpiam'),(599,'chaqru','uqajgaux'),(600,'prnlmz','blijtxgj'),(601,'mleili','hwntpchp'),(602,'bdpgqf','oamxodjh'),(603,'mvsfse','czbwxiqm'),(604,'gdhtkk','zegvssyp'),(605,'viqvtj','stoilvbq'),(606,'qtpyqv','pjltpeeh'),(607,'jvuciu','fpxkgmaz'),(608,'yfdnfn','rathgcaw'),(609,'pvdmml','arbvsjqb'),(610,'xrrsiv','jdifiyba'),(611,'zyjjsf','bptmcheb'),(612,'qmsvzp','qookwzcd'),(613,'uavdzu','mjnburzx'),(614,'vtuaaq','gfyibxka'),(615,'zozgca','mduyycff'),(616,'pphvtq','xjjkgpvq'),(617,'pugmvu','iigenllf'),(618,'nrkpnm','ocqhllur'),(619,'hroiuc','yhiarcjf'),(620,'pohzog','ogulwrec'),(621,'enojxq','pubgfscu'),(622,'temafd','attpdcor'),(623,'tyvdhp','rnldhnhn'),(624,'cminin','ycqzlrbw'),(625,'lkvgsd','ffncwcwz'),(626,'iranml','vleoiqrc'),(627,'faelzb','lnuhmahy'),(628,'mxnbxj','iytguenv'),(629,'fqapea','oxesypjy'),(630,'mdetkg','dkcuhryb'),(631,'tvtezf','ijbdkbfo'),(632,'kazmwi','oloiyrjq'),(633,'xuadgk','zbkrbwvt'),(634,'zzifmi','zoetjump'),(635,'jcqtrf','damqlcmm'),(636,'wcxlud','ygqnqyvw'),(637,'rrtdhf','ddyefeon'),(638,'ugtczg','bvhyvlum'),(639,'cisgvc','ahjltyun'),(640,'rbovgi','wludykva'),(641,'bcjjqu','fyjlzmvx'),(642,'ivrxmn','akwehirv'),(643,'loqjwg','uextvppi'),(644,'rtasap','yuqpekco'),(645,'txldrn','aazpnrqk'),(646,'lagorp','lpxypuio'),(647,'tehwkl','ttofgstz'),(648,'ctqywa','irzxnftf'),(649,'gkccdh','oeeqygdj'),(650,'lczxdr','dbveemhd'),(651,'hnqtfd','xwwehmma'),(652,'igmybf','zcdtjhvu'),(653,'zpqgcy','drgncjqu'),(654,'pzdkvz','nxeqtfhk'),(655,'ogzbct','ofkxtwjq'),(656,'yunhgr','sqqcxmjd'),(657,'ggtnfr','cgyryzcr'),(658,'wacqyf','smynfwpp'),(659,'mrxsrh','mmamkofw'),(660,'uzsqeo','vgsfgbox'),(661,'qptmvp','rqyqwnib'),(662,'vcnmyg','vecrjoyj'),(663,'mxtyph','voubrpwi'),(664,'dkgunc','jodeqqdt'),(665,'mtfhlx','cjhhlrgu'),(666,'pzawvy','ybguvqat'),(667,'cbeypm','vmulstho'),(668,'guxted','cglcfjji'),(669,'lasrjx','vvziqjwi'),(670,'xtjlpb','cngjmqyv'),(671,'ycgllc','ixcnncdt'),(672,'wrsrdr','bfubtlxx'),(673,'cecxrg','tbsmzynd'),(674,'wencow','zmybsvsi'),(675,'lpaijk','gmzlrkhh'),(676,'jmnuxq','rilghyqr'),(677,'yekhoa','kgybghqs'),(678,'rywsbk','pmxuydvj'),(679,'cpgdjk','nkhnuyrz'),(680,'ydbysv','cygvlpzp'),(681,'trxxix','axiulynx'),(682,'vvsbgx','smpoigza'),(683,'gycchh','qfdglcjl'),(684,'yobwwp','ssewsfzf'),(685,'jywdji','dxlyadey'),(686,'xwbnfi','qokyfzmj'),(687,'xjqxdz','ioojrhyk'),(688,'xsygrq','vtpwxsoc'),(689,'xeeowj','xlpmzkse'),(690,'ilqvqy','jlulkdqr'),(691,'ioslra','vbyyynbz'),(692,'faibmc','ecdnjfet'),(693,'zydwqq','rhgawhko'),(694,'vepfql','fmvcxyzc'),(695,'cqhqlc','andcuhab'),(696,'wyekwe','vhenanvg'),(697,'hfxfxz','obvopwzd'),(698,'otjmkm','fctpyiwx'),(699,'onfjqk','apckshyh'),(700,'ajuwls','mjgavyun'),(701,'efqakm','vuuyrbbo'),(702,'nmcpgn','xzfpqcfc'),(703,'iwvyil','qvwrncki'),(704,'wbkkfn','tjhdbezy'),(705,'ldpbsz','ghxkxkti'),(706,'cvoemq','kaxeukas'),(707,'prytoo','ojfqjhpp'),(708,'hinyin','kxyskmwx'),(709,'sdrtxo','zcwwvlgt'),(710,'dzjtrw','fwmmhcpz'),(711,'awlfxc','hznvhosy'),(712,'ohmhmx','risirolf'),(713,'sqvdzi','bbllxvlk'),(714,'zbyqxk','lywfuzvm'),(715,'qwqrcn','vcbhvemk'),(716,'zzwlwu','fgvcmwfr'),(717,'cextex','wbskatyn'),(718,'qtwovf','bdhbollt'),(719,'ehokxs','gnmacsia'),(720,'kjgvcm','ujtyksuh'),(721,'zjkdvr','nvxjevjk'),(722,'xgewfh','ckarqvpe'),(723,'twjfla','fikdooom'),(724,'zuhnvy','cumjjtbc'),(725,'lqeual','mpawbvfw'),(726,'tgdmeg','zhdzrnvp'),(727,'remskn','vyebmylx'),(728,'zaasrx','oiyzkmtj'),(729,'oulkuh','jbhwsinv'),(730,'npprxj','okathqnh'),(731,'bnctyc','olgqsxqq'),(732,'ehjnyi','qfaxxcgq'),(733,'rorwfq','xnndmvnz'),(734,'olrmcl','fmowpuaw'),(735,'ewkntb','dkfpaxic'),(736,'cgnufh','okupksok'),(737,'jmpsrd','hpqgfknu'),(738,'kpecvf','tiuqqtvg'),(739,'rbyyxh','ihyhvatk'),(740,'owtoct','wwqtyatt'),(741,'pussgb','nxuwvavc'),(742,'duojee','isbgngvc'),(743,'kzdfex','hdiadkma'),(744,'xjdgxm','twwjbwmg'),(745,'eassej','gutbglam'),(746,'rtpyfc','xtslcaua'),(747,'fxyvop','nuzifdyb'),(748,'vugkzw','azfnpzlc'),(749,'fxhync','hdtqtehg'),(750,'ttyuqo','vxlygpet'),(751,'gkdyod','afryfoos'),(752,'jnbqrd','cwlofhew'),(753,'qsavmv','mkmyaayk'),(754,'zweefy','rkdzvdlg'),(755,'hiifna','iiyuyhlq'),(756,'avlejk','hhqmmsnj'),(757,'gmtaio','eaqluzmb'),(758,'ctggmg','owbeglgy'),(759,'lueysy','hcskicdx'),(760,'vntbis','jtezeqpo'),(761,'gwrifd','ltjhudgo'),(762,'onaczn','mvjwhkbh'),(763,'kebivy','fvpmzhuj'),(764,'zthnpt','psfeuclt'),(765,'eukbqc','mnbxonec'),(766,'fxitoh','rcetijst'),(767,'ofibwr','czxsuqri'),(768,'kyqzop','iezacfec'),(769,'ewhbvq','lwvhlnht'),(770,'pnuvvj','lpeeykxi'),(771,'wuclzt','upeqozyc'),(772,'fpcvhe','selrvflw'),(773,'abuluz','gapurgve'),(774,'phbdry','qrvnnrwm'),(775,'putkgw','lxszfond'),(776,'oaqhfm','jchxiaai'),(777,'bxanpu','tckfzzbf'),(778,'grnozo','commoqrc'),(779,'xhposh','ktvwgxch'),(780,'pmbrli','wgubiwqd'),(781,'pedwin','eeuhfcde'),(782,'hmuezy','tefmxotz'),(783,'eipfja','ywtpnfkb'),(784,'yuacva','idmftsjh'),(785,'xbtmeu','vfljqxts'),(786,'fiktve','lhexjxhu'),(787,'yxvdot','xauncfmg'),(788,'fcpift','zucyhsog'),(789,'zxuhtm','xaxfjmef'),(790,'csbvpj','aouwxlqs'),(791,'uwwvqh','sorvprwl'),(792,'lwqtjb','hqrzfaxl'),(793,'oeoahh','gbekkyyj'),(794,'mwnucw','mbcxmgup'),(795,'twcitk','gykupsdk'),(796,'ctkvur','jshbmfqo'),(797,'wisjxv','bhxtqbzt'),(798,'epahgu','noshexdb'),(799,'msysfc','fbrpfatb'),(800,'mibqaa','jwvoxgtq'),(801,'eskdrh','hsimwklo'),(802,'onztjv','bvlgwlvg'),(803,'fzrbji','zjzcwyqq'),(804,'dowjag','uzvqaebo'),(805,'mnbfxq','gflbeida'),(806,'soxvgn','yuzrfgpl'),(807,'mvxqho','haezlxly'),(808,'zzcpxp','vpzxvqrx'),(809,'wsbgvj','ebmorbsp'),(810,'fschrq','wggucdvj'),(811,'ptnkfh','fbroqxkl'),(812,'lnlqnk','yimfyyuq'),(813,'qngvgf','egtcydjl'),(814,'nkvlwl','btzhtcae'),(815,'nflmfp','kcgvwmdc'),(816,'ypjydr','xxevenvv'),(817,'wqklif','gvecvgak'),(818,'aroseo','gnnxshpt'),(819,'ipwwcy','lbajvtxv'),(820,'sdccqs','lkdpacmc'),(821,'iudsgx','mbvkxirc'),(822,'qfckow','merdcnih'),(823,'ucausy','llojjiwa'),(824,'memcjf','kxezbyma'),(825,'uaiboc','wsogumpk'),(826,'oakclx','sjiqbxju'),(827,'yhvxof','qijwvbey'),(828,'rfyszi','udbrwllw'),(829,'sprgkk','rkzuupki'),(830,'yinwat','ociadoys'),(831,'ycaghb','vnaropzi'),(832,'hmshyx','lbtbmlgc'),(833,'qyffyd','qqbotrcm'),(834,'dzduph','tqgfbnnr'),(835,'igbydy','wxvbdjba'),(836,'cykfqa','shtkaplo'),(837,'zidkvh','kmgjlzae'),(838,'rvaysd','pjyrkpnw'),(839,'qwhvsw','wqtyilyh'),(840,'ygxfsn','mqzkyabz'),(841,'yybshw','tpmyhlyg'),(842,'qrnvwc','kbyslgjo'),(843,'pjfrxt','wnwmoscc'),(844,'mooywg','gjnnherq'),(845,'fftdma','fnxetcry'),(846,'dawchp','smlvzjjp'),(847,'wgorgo','tdfxrtfl'),(848,'tpxxml','daurwfof'),(849,'oxwovx','czeqxnqw'),(850,'rbzddm','mhpewfby'),(851,'lunidc','qgrcwhai'),(852,'rurhxa','uzoafrgo'),(853,'xwonye','caqexflm'),(854,'teprah','vwhnfrdd'),(855,'wvtiup','occnrhfa'),(856,'zldxad','yxchzxtt'),(857,'bjsiwj','jbupudjv'),(858,'tsmvvk','lbbzzrii'),(859,'ecctwj','huumxhjc'),(860,'synnhn','xemriezd'),(861,'rdfdgd','ptvtwiki'),(862,'edtgeq','uqnfkzvq'),(863,'xvfwhe','jlwzwksb'),(864,'pxyqgp','ajsxpawl'),(865,'taslur','hglrmlfr'),(866,'hawmkb','pnkwcubn'),(867,'gybnys','zlcotahu'),(868,'qlosih','spszdskd'),(869,'pdfwzw','pwfmcttq'),(870,'rxjthv','ufcmglze'),(871,'kgxyqq','wkmnznfe'),(872,'kpirfx','wowcgdiy'),(873,'zpsjwg','lskpsbuz'),(874,'nszzzn','zbfstbmy'),(875,'pbcctx','tylpvwdz'),(876,'zxvlrv','yqnmgfkw'),(877,'ivrfzj','djggnhwe'),(878,'aubfbu','mooyylnt'),(879,'rebbpk','apxljobq'),(880,'larafm','jvdfmnia'),(881,'vjhdrx','qsowqlye'),(882,'ysaeey','ndotvsgd'),(883,'nyfwzu','wxfhodjd'),(884,'ilxyah','kpmswnzp'),(885,'oywthx','nhsuenkc'),(886,'bfpnrw','arincwpx'),(887,'wpobzo','hhhylwtt'),(888,'glzknu','dmamgpek'),(889,'fiptgn','jbplnxwc'),(890,'mayqfh','gozjsnas'),(891,'ztxqtz','gvgckqml'),(892,'tiurug','ngrlybvl'),(893,'sqfxrx','pqnqcduq'),(894,'kbuqfb','iscunmlt'),(895,'kmguko','bfyfkxzn'),(896,'iheyde','pcybvseh'),(897,'dshsoi','emqczlcx'),(898,'utfymi','dusyuqty'),(899,'cisezw','ilqffpld'),(900,'oglqmz','ibgfyxas'),(901,'dxnvrd','mollxvps'),(902,'dtnlgv','kvrdwgjs'),(903,'qxzuzj','xizxhzju'),(904,'ndoqyg','lzttsuaq'),(905,'upzxrw','cvpvouca'),(906,'uxrauz','snvwfnpd'),(907,'kjesig','aulrkxpe'),(908,'ysmkdx','skwheayr'),(909,'lnpzjf','zhtnjqos'),(910,'ngtsoe','ziqlhjaf'),(911,'vweiat','byaidbbx'),(912,'pqqvxq','trhyavvw'),(913,'uisdvb','vkhtmmeb'),(914,'zoyule','orlvaiye'),(915,'iixorm','zfblyppw'),(916,'ajlvxe','qmdawnay'),(917,'idohsg','aurzxipp'),(918,'ibeukd','bujwastz'),(919,'zopcxh','uxpefkuo'),(920,'apmudt','moqrwcwp'),(921,'occanj','tpqqygby'),(922,'xdmfzy','ckeaecfn'),(923,'avfbys','mixabuzr'),(924,'orsgpr','fpwbttma'),(925,'hovsnp','jusunaqy'),(926,'cqnwry','qyebvrgw'),(927,'wcqnhs','qqaccrun'),(928,'mckmli','pacncfbi'),(929,'qjpbnd','ffqkqysy'),(930,'voenqd','igotjazm'),(931,'obajju','ivrftvab'),(932,'sngfaz','gcloated'),(933,'zjsuhf','zdlhqquh'),(934,'pktrtn','mbrlxjnw'),(935,'mllpys','fbyszdjj'),(936,'ugtqdb','zwhficle'),(937,'laznug','xxjwfkxf'),(938,'fsgudc','kkugvbgd'),(939,'nomwrg','rkwagqzr'),(940,'psqhhd','whgknbgv'),(941,'qehzpd','rydtgmtl'),(942,'ethecr','kezypnsi'),(943,'uzfueu','ljqxjsss'),(944,'olijec','oerruhik'),(945,'miqgzx','ewlkaytf'),(946,'vkmqfz','ggishdql'),(947,'rrtoow','zafjqljr'),(948,'tlkqam','vxvfjkyi'),(949,'clhqxu','gsjoklnr'),(950,'ftbqwy','bwhylaej'),(951,'oqykez','xftlvxxz'),(952,'cjuezy','imstaptg'),(953,'uapmtk','ifdmpmio'),(954,'hkonkb','vytjhbdu'),(955,'dnncas','zlexfojt'),(956,'uiwyqo','aujxidvf'),(957,'wumicn','lbuonlvn'),(958,'anfxkk','xpvkudsq'),(959,'imtvaq','lftwtbkl'),(960,'wpobkq','fofogbry'),(961,'nggkib','tbdexypg'),(962,'iepeos','qxvkvycy'),(963,'lkyylq','ncpespvw'),(964,'eduhbj','dkeoxdni'),(965,'fqmwgy','nzoifuan'),(966,'fbibjy','anzyanvx'),(967,'xtkymg','ghgqehlp'),(968,'hocora','esnsbumb'),(969,'vempea','mwbhxlqk'),(970,'ueozbq','bkimzfqm'),(971,'eldtbd','oocslbbu'),(972,'wompep','eqsnulfe'),(973,'xfyrrr','qjpcuxll'),(974,'llktgd','cnzxqowt'),(975,'qpdwpq','hwurqzkh'),(976,'hojbdr','kcjvegrb'),(977,'adpsig','mfemrckf'),(978,'skswct','dqcztolp'),(979,'vniaiy','igohgvev'),(980,'hoouyq','sgofxdiy'),(981,'ammolf','xcenxcfc'),(982,'lvqpjb','efwwjytq'),(983,'owyfyn','fpbsuelo'),(984,'rieaxa','haroougl'),(985,'buslxp','qilttcqi'),(986,'taphiu','vayghbdu'),(987,'ckayao','lgiqvlfu'),(988,'mwznwj','pnymacld'),(989,'ktumfa','mrtauwqs'),(990,'zhzccg','lshbmhng'),(991,'eqklxl','xqdssuvx'),(992,'dfvdek','fjityesf'),(993,'lnmpqt','aqivclwx'),(994,'vzvwjr','yvixzfjc'),(995,'egsmuw','jpxbizin'),(996,'jrdbjg','mitpnfyc'),(997,'xxpqqx','bwdalthq'),(998,'hhhyfg','plwxtxsx'),(999,'dolkck','tkpzaybz'),(1000,'bhxtuf','qohhrrzb'),(1001,'fzjhyt','tbjxjzkr'),(1002,'botme','adsfklja');
/*!40000 ALTER TABLE `usercredential` ENABLE KEYS */;
UNLOCK TABLES;

--
-- Table structure for table `userprofile`
--

DROP TABLE IF EXISTS `userprofile`;
/*!40101 SET @saved_cs_client     = @@character_set_client */;
/*!50503 SET character_set_client = utf8mb4 */;
CREATE TABLE `userprofile` (
  `UserId` int NOT NULL AUTO_INCREMENT,
  `Name` varchar(64) DEFAULT NULL,
  `TimeZone` int DEFAULT NULL,
  `LocationId` int DEFAULT NULL,
  PRIMARY KEY (`UserId`),
  KEY `LocationId` (`LocationId`),
  CONSTRAINT `userprofile_ibfk_1` FOREIGN KEY (`LocationId`) REFERENCES `location` (`LocationId`)
) ENGINE=InnoDB AUTO_INCREMENT=1003 DEFAULT CHARSET=utf8mb4 COLLATE=utf8mb4_0900_ai_ci;
/*!40101 SET character_set_client = @saved_cs_client */;

--
-- Dumping data for table `userprofile`
--

LOCK TABLES `userprofile` WRITE;
/*!40000 ALTER TABLE `userprofile` DISABLE KEYS */;
INSERT INTO `userprofile` VALUES (1,'Team 24',-5,1),(2,'zFUPUq',-4,1454),(3,'SbtNvS',5,880),(4,'yLFyfe',3,659),(5,'dvMPXZ',-11,919),(6,'QDKPBi',-8,223),(7,'BqAMHq',7,67),(8,'IEUGSH',-11,1140),(9,'MJGsxb',-4,22),(10,'CAwJvK',-7,381),(11,'WfLjgC',7,712),(12,'xlmnjM',6,927),(13,'ueYaUN',0,326),(14,'ExFwzB',-5,1740),(15,'KufzBX',-10,1658),(16,'gtfwEn',-2,908),(17,'rYHPVY',-8,1198),(18,'yechLo',-4,469),(19,'eAEqAH',10,1668),(20,'CNpRtp',-5,7),(21,'CnSivq',8,113),(22,'jUriNo',-4,659),(23,'RyYuGO',-4,1330),(24,'gIUwRU',12,1640),(25,'mMmWpN',3,1320),(26,'ZVNWvh',-1,1549),(27,'YDYgls',-9,730),(28,'gOmAvu',5,242),(29,'AcVIsZ',-6,1544),(30,'cKlgjt',11,1636),(31,'jNBXju',7,423),(32,'ssEpii',-1,677),(33,'gcAQZL',-11,279),(34,'OhuUFx',-6,781),(35,'uBrJLs',-2,422),(36,'GMcKdc',-7,516),(37,'sqsSBo',10,1370),(38,'IfGYjY',-6,48),(39,'ObfFJu',-6,645),(40,'LfYPFS',-2,841),(41,'roSYcx',5,1472),(42,'UsMWEl',9,1511),(43,'FHdKuz',2,1673),(44,'hMhtvQ',12,1615),(45,'RdSXDo',12,871),(46,'sGodzr',12,1653),(47,'kNMenK',8,549),(48,'KNSzPI',9,1745),(49,'swNIlJ',6,224),(50,'wewMTz',0,751),(51,'PjTTnE',6,295),(52,'ewVTwP',12,1394),(53,'GTpirR',3,299),(54,'wwWJqB',-11,1735),(55,'CzviEd',-3,1708),(56,'nspoCh',-2,716),(57,'FDujzI',-7,1440),(58,'TbeMFn',8,479),(59,'XVKsZb',-7,888),(60,'bDvkZC',11,1325),(61,'csNmoi',11,1561),(62,'nSXRWR',1,422),(63,'XTzeId',-7,179),(64,'LQCSpL',-3,182),(65,'mVwVOF',-6,1152),(66,'OWAfpm',-2,554),(67,'zZPYcj',9,1029),(68,'fjAHUk',-3,1605),(69,'KKzBaL',-5,3),(70,'FmDLjE',2,822),(71,'sfrEHU',-11,1484),(72,'gerKEF',-4,1249),(73,'eIUTzV',-5,39),(74,'kiEYfa',-11,969),(75,'LNHdcK',-1,131),(76,'eVcEOG',0,1372),(77,'SRsmFT',-10,1594),(78,'wjZoZC',-7,1768),(79,'HrJDEZ',5,54),(80,'aIswVh',3,310),(81,'YWrMMp',5,442),(82,'poYmWb',12,971),(83,'sXAkrH',11,795),(84,'BHcWkW',-8,1291),(85,'OctkEs',7,1526),(86,'GjQbLp',3,1108),(87,'CwPAng',5,1708),(88,'AHpiNJ',-9,314),(89,'TgGNJx',10,601),(90,'BaZJsq',8,563),(91,'KImBhN',8,446),(92,'evRpMf',10,510),(93,'JfKQVK',-3,819),(94,'gWIEfl',-3,402),(95,'zglGwh',-10,470),(96,'AucFhZ',6,763),(97,'BKjYHu',4,1589),(98,'DmOJKn',-7,1169),(99,'bshBcO',4,789),(100,'fmueWm',9,471),(101,'CjGCHH',-9,817),(102,'IbMMlz',-6,101),(103,'oKhvnI',0,733),(104,'LkNvhy',6,610),(105,'XGhVXH',10,682),(106,'ElKhmF',7,281),(107,'TGdkgL',3,683),(108,'BvNReR',12,1292),(109,'RJwqid',-7,1491),(110,'JMYuFY',10,289),(111,'KkGkHB',12,1144),(112,'qkaWPT',7,1616),(113,'DvQwVK',-6,1169),(114,'MBTDMV',-2,244),(115,'nFHlbq',-3,828),(116,'qsqAzv',7,1394),(117,'zNMQfw',-3,815),(118,'dWJxmv',-5,1683),(119,'nmUmOW',-6,405),(120,'ioMLyI',-4,94),(121,'dZTjtc',11,528),(122,'OsrpOF',6,1726),(123,'KGUsMZ',12,931),(124,'blKowh',11,105),(125,'IkjLfL',-9,479),(126,'sTFrGe',10,1545),(127,'qiegQe',8,1051),(128,'fkiJIX',-3,36),(129,'lUzliv',-9,191),(130,'ioAUJh',-3,996),(131,'DGDhPg',12,815),(132,'CTtXfq',-2,1086),(133,'ZhURTW',7,1727),(134,'VwAgcA',10,1677),(135,'AkKHQU',10,127),(136,'ZvJJac',-9,489),(137,'JNeiqZ',9,20),(138,'DvSdiN',-3,785),(139,'rWeDcZ',11,1068),(140,'gAyJts',10,851),(141,'SqNnKH',-2,686),(142,'UlEtIT',2,1477),(143,'DEstfv',7,1068),(144,'bWqWsU',11,1770),(145,'oATnEW',5,529),(146,'nnaKJv',2,793),(147,'drMDqj',8,822),(148,'YbDQna',12,78),(149,'PoyMIN',-3,328),(150,'zctQDx',2,1087),(151,'PHlYGq',-1,122),(152,'paUnVZ',-3,954),(153,'lPQskw',4,1315),(154,'ecFysV',-1,1465),(155,'GmAVCe',-3,727),(156,'IFdMis',3,581),(157,'vxPuau',-10,815),(158,'qPVVls',-4,727),(159,'CspzTm',-10,1495),(160,'lxkaCW',2,887),(161,'zGAwZK',-10,1096),(162,'DxWFnG',-9,954),(163,'yPLLhI',-10,400),(164,'fnEPUK',5,94),(165,'FbtEJu',-1,891),(166,'gqQbcK',-11,296),(167,'lemGLz',6,1296),(168,'NhtgYj',-4,977),(169,'SoHKPY',6,792),(170,'mCCcmE',-9,1323),(171,'PeXKFH',4,591),(172,'BcWweZ',-6,932),(173,'TTbmiG',3,699),(174,'IOEbya',2,342),(175,'AcDmRp',12,1084),(176,'Dbeume',5,1519),(177,'itTbKx',-5,34),(178,'EBcirN',7,1347),(179,'fIxxIg',-11,110),(180,'tkRjGd',-1,32),(181,'jJcWjr',-6,1227),(182,'XXcPPP',-11,472),(183,'VkWfwy',-2,1016),(184,'ShJGhx',11,416),(185,'RHGTqM',-3,1259),(186,'iuioRn',1,127),(187,'qBUvRL',6,1107),(188,'MfYcfB',-9,145),(189,'oVCOOL',-3,439),(190,'YCqZpu',9,1123),(191,'zDMCVv',-3,1772),(192,'PUzCjf',-7,1072),(193,'uQnegX',12,561),(194,'CSOJpE',3,1421),(195,'MvAPiB',3,147),(196,'ILMMIe',-1,573),(197,'IsVgkl',12,78),(198,'eXjdAv',-2,1047),(199,'smduPH',7,278),(200,'IWpUZg',-6,296),(201,'UyLINq',8,496),(202,'qCPBxU',10,1184),(203,'NDrAos',7,879),(204,'ZqLPgI',-8,767),(205,'LJhnTy',11,1129),(206,'BNTgBE',-6,929),(207,'vKJTNF',-11,1529),(208,'xnGRMy',2,1446),(209,'gcTygw',4,1251),(210,'jmneqs',-6,1223),(211,'HMHoWj',-4,660),(212,'PRDOsJ',-5,844),(213,'Ddxdxf',-9,295),(214,'NTJkRf',-3,1275),(215,'LrYTPE',-8,868),(216,'xKAdRB',9,348),(217,'IcKyqb',-1,1056),(218,'IUrtvh',7,1101),(219,'USwvAd',0,670),(220,'Vrpyhj',-6,1183),(221,'McXMHc',-4,1651),(222,'VJZOJp',7,264),(223,'QxPjvp',5,650),(224,'jhXBaD',-5,159),(225,'YncQcB',2,909),(226,'pOTTCU',4,1538),(227,'qKrHtT',-11,299),(228,'hTHISG',6,1695),(229,'ogboOS',11,1030),(230,'jkHDbg',-2,503),(231,'TFjyrS',4,1178),(232,'ZEPXMn',10,944),(233,'LOgzWr',-1,195),(234,'unrJUW',-4,621),(235,'DjyLhS',12,1679),(236,'XlIJRp',-1,1498),(237,'goESrP',0,1769),(238,'vaRAOH',-7,1413),(239,'YOpcCA',-5,611),(240,'rEkyfg',12,1513),(241,'FnJlOg',-3,1444),(242,'oZFvCe',3,1582),(243,'JuVuMH',-2,383),(244,'OywNLF',-2,1221),(245,'KlDNNq',5,93),(246,'bBZgbh',-11,123),(247,'iAYgwA',9,870),(248,'GxlVjU',9,433),(249,'dcMowP',-2,1742),(250,'mEQUpW',-1,228),(251,'drZjhb',1,77),(252,'XvQnNh',-10,1539),(253,'LFXvff',5,175),(254,'xhtFlH',11,271),(255,'hpjvjA',-1,1500),(256,'hjSNcy',11,1287),(257,'DtIWAr',-2,1430),(258,'eHwxxi',2,332),(259,'JplzuP',-3,1097),(260,'cFTxIa',0,26),(261,'vkkGXX',2,658),(262,'XpuNJN',9,614),(263,'GGiwIQ',3,447),(264,'cvfvkz',-8,831),(265,'KVFavb',0,872),(266,'iBKCsZ',0,1731),(267,'gxijMI',10,1315),(268,'VibFlz',5,1437),(269,'NGaIyi',10,652),(270,'cMDdfZ',8,144),(271,'kqgwKT',-9,839),(272,'rZJSbX',-4,1101),(273,'jFAqkC',7,205),(274,'WkuEhb',-5,1578),(275,'jiSwzM',-6,738),(276,'NbPeSW',-6,1004),(277,'AiWcfy',6,726),(278,'TIvJfV',11,1330),(279,'dRZHMV',-3,454),(280,'EwxZFb',6,47),(281,'YxFqYL',-9,82),(282,'zIsvfv',-2,751),(283,'xHrXxu',7,552),(284,'jiIALH',-2,1683),(285,'XoKsWd',6,1442),(286,'rOxUTg',0,1620),(287,'IsNjGK',8,380),(288,'tWTgJg',10,1472),(289,'ZWIwAX',4,311),(290,'nugtgj',11,1698),(291,'LEQnyG',9,165),(292,'hGbodc',-10,529),(293,'vKscua',10,372),(294,'QZLfvd',-5,1597),(295,'yoqlBa',-6,1342),(296,'gBReqE',7,71),(297,'PMGubL',11,1438),(298,'nZBHjs',7,906),(299,'AoghKj',-2,343),(300,'ZjtNsm',-2,665),(301,'vLkgBo',8,745),(302,'XcZAyu',2,674),(303,'QJYOsE',8,1341),(304,'dbjuay',8,784),(305,'PBKusV',6,672),(306,'LtZhJg',-3,404),(307,'GWvkEG',-10,1166),(308,'RBxRqO',-9,1330),(309,'bXmLDT',8,1166),(310,'NHviEz',-2,1694),(311,'wVSMHJ',8,1206),(312,'mOUASB',-8,1535),(313,'aYmYFP',4,1706),(314,'cjeJBr',3,497),(315,'ZpgGkw',2,1090),(316,'roCUFN',5,1072),(317,'nDBRMR',-6,236),(318,'fKotIC',-3,334),(319,'xwciWg',3,1419),(320,'GLxaQb',5,891),(321,'ribxje',-1,42),(322,'Whabga',7,1781),(323,'wRtnIi',1,520),(324,'Bjgzmq',7,1086),(325,'OdwxkN',-7,1176),(326,'BrXVxv',-5,255),(327,'NktFKY',-2,1763),(328,'WRzHvT',-8,1286),(329,'BtZjRN',-7,922),(330,'acUVLS',-6,1172),(331,'ZKzkUe',12,1748),(332,'kBPxTy',3,913),(333,'XfXsup',-9,649),(334,'UYdVhQ',-3,173),(335,'ETBqxy',0,674),(336,'KRCPac',0,1183),(337,'endwHT',-10,1088),(338,'pAxwjp',5,468),(339,'nPAfYo',2,1082),(340,'eknTzE',12,1245),(341,'AyaHcR',-9,578),(342,'SfMyOQ',12,28),(343,'IjGEDf',-3,1634),(344,'gVeavE',-7,1108),(345,'qdMnyE',-10,1328),(346,'zwzEQj',-6,1130),(347,'dAZLhe',-2,519),(348,'NfDKyp',-1,1724),(349,'mhokge',10,1676),(350,'dolsdd',-1,1235),(351,'RueNzR',-6,1645),(352,'FzHHKp',11,663),(353,'eZnNRV',-1,54),(354,'VgYSDQ',2,669),(355,'TguHIu',1,313),(356,'evooBk',-1,1481),(357,'bIkSlM',-11,860),(358,'TvrYGp',-7,210),(359,'CIYoFY',-2,570),(360,'JzZBdy',-9,1232),(361,'pVNYgp',10,1217),(362,'GdTPAf',-8,1115),(363,'qHtCbN',-9,513),(364,'jLAYql',10,389),(365,'AlQjpL',-5,1585),(366,'RXGZzN',3,1052),(367,'vMzKKw',3,1053),(368,'voawmO',6,232),(369,'PXMGhN',-9,1484),(370,'RhmbVV',-4,857),(371,'LPvhUh',-2,77),(372,'zLCqCS',-4,200),(373,'tlhhGl',4,937),(374,'XemNTu',-7,1381),(375,'wTcAnl',6,124),(376,'ddWcsJ',-4,1274),(377,'whmPTb',4,1534),(378,'uavfmd',-5,741),(379,'KJkkkc',10,390),(380,'uiNwSb',6,351),(381,'fcQjiD',3,705),(382,'rEDtwX',-11,1665),(383,'mziHZq',2,1634),(384,'fjahgS',0,470),(385,'ehsLLl',6,358),(386,'VHiecI',8,1466),(387,'NIDzuM',-2,1498),(388,'kPTQlX',-6,416),(389,'JggPPq',-6,83),(390,'guYpLg',10,934),(391,'aztEqC',1,355),(392,'tITWTN',4,348),(393,'EZNhYD',-9,537),(394,'GbazWw',-10,577),(395,'sATqIH',-9,910),(396,'VfOgVQ',-1,522),(397,'Hgexst',2,1127),(398,'drIsHo',-5,1285),(399,'ZuJIeU',3,68),(400,'oGEmBu',-2,720),(401,'AmPiWy',-5,1289),(402,'rWnHEI',-5,1407),(403,'uDrJKH',-1,153),(404,'PeKQsa',2,496),(405,'RUQXkO',-4,461),(406,'ZnvQYQ',11,1736),(407,'eUIHas',11,379),(408,'MzmuxS',5,1247),(409,'lxNUgH',5,1435),(410,'rmBNEx',-11,307),(411,'VxjkUR',2,172),(412,'QjKjXa',4,509),(413,'BfscvJ',-8,338),(414,'gwFlqP',4,1761),(415,'jfRipz',8,185),(416,'mUvWVO',-1,1427),(417,'TCxTOh',-7,1238),(418,'sehoaW',5,601),(419,'yJJFgq',0,1614),(420,'HvicIz',10,1697),(421,'PYtCjr',-8,1548),(422,'XiPerf',-7,1232),(423,'pZmPqB',2,6),(424,'uxwLpx',-1,278),(425,'LoSKkF',10,1764),(426,'UKHBXK',0,1529),(427,'BazgSX',-1,1167),(428,'BzNfzj',8,806),(429,'AYblgE',-5,249),(430,'hHPegL',-9,1275),(431,'QfOnlO',2,326),(432,'DmkbAQ',10,1433),(433,'JGwXPO',8,1683),(434,'PDVtQE',3,158),(435,'zXzCdt',-9,255),(436,'locruK',12,1306),(437,'AFvnMc',-5,543),(438,'ifwNkI',10,1209),(439,'fFSLFn',3,1332),(440,'iSHmjE',0,206),(441,'ZvfJvs',-6,192),(442,'nktWVP',-5,1724),(443,'TdGSet',-8,686),(444,'QtiYTs',3,1387),(445,'RuzZBc',-10,1523),(446,'MnVteK',0,833),(447,'ymDazC',-9,439),(448,'EUzanM',0,770),(449,'vMivDk',-1,1275),(450,'yzKWrI',-11,1052),(451,'QWiLyY',-1,986),(452,'wcfoeC',9,1751),(453,'JieDgP',0,1668),(454,'FEkmeU',-1,1409),(455,'QIbehm',0,131),(456,'jvTaPW',1,580),(457,'pxpabX',-7,283),(458,'qBfYvS',9,360),(459,'jDIMXp',-4,59),(460,'dVPdGH',-10,495),(461,'OzbOYi',-6,1162),(462,'LzLJaT',0,192),(463,'WyBqMm',-6,950),(464,'xcxpzO',2,438),(465,'eyZJeY',6,1013),(466,'eeOtfH',12,1005),(467,'KUIvUd',-8,1682),(468,'HyxmwF',-8,1133),(469,'nrgfKk',-8,856),(470,'FQoROl',6,625),(471,'cOTQTH',12,1565),(472,'lDMiaS',-2,1567),(473,'BXuayh',-3,1177),(474,'eAEYDZ',-10,1157),(475,'pweijY',5,1483),(476,'JQnXlk',1,238),(477,'LEHZrI',-4,1041),(478,'nUsrDs',-11,49),(479,'JJCkim',-8,1562),(480,'dNoWdr',9,1665),(481,'IlWmIC',10,861),(482,'Wieysy',5,192),(483,'IlExOQ',-3,1500),(484,'TCnHWX',-3,1760),(485,'WWJqTj',-9,93),(486,'TNJNah',9,491),(487,'qBwUGg',8,443),(488,'QicfsE',-3,812),(489,'ASCjEd',10,1572),(490,'MejxYM',1,1418),(491,'BYitKZ',10,353),(492,'BtBlKt',-6,176),(493,'TkUURh',-1,772),(494,'iFLJCJ',4,219),(495,'jyKSYZ',6,1754),(496,'GYHHKI',-6,921),(497,'tWQUIm',4,1421),(498,'Psxixh',10,427),(499,'xToflE',4,682),(500,'SmGLvU',-2,124),(501,'CcDcKG',8,1399),(502,'pOmxZY',-9,1120),(503,'dZbROo',-1,1415),(504,'eZOSTS',12,1761),(505,'jsUkfV',-5,733),(506,'nGQjaQ',5,1777),(507,'ttumSw',5,286),(508,'VFvPYp',-6,1672),(509,'TVBEGJ',-10,9),(510,'nEBJiH',4,1300),(511,'FBKYSD',0,1574),(512,'XXvrWI',6,1595),(513,'ZtqLmF',-10,1143),(514,'PQAyQt',9,1159),(515,'ZGdnhk',7,672),(516,'nUBVlH',-2,538),(517,'rTHdUx',-7,1659),(518,'gGebjV',4,100),(519,'uWiXSO',8,1230),(520,'ZUdTNa',2,508),(521,'ZlTIbY',12,1084),(522,'eddkqT',-2,423),(523,'JkTbzs',-3,1714),(524,'tPVlOa',8,680),(525,'YHBqAw',7,1206),(526,'SUnBEV',-7,386),(527,'hGyGjP',-2,1441),(528,'PBsgBV',6,71),(529,'KofaoU',-1,1589),(530,'tbinfC',9,407),(531,'JHLRjf',-9,409),(532,'CSCXvS',11,1738),(533,'EuMHzu',9,394),(534,'BUTHsk',-7,1267),(535,'DaSJma',-11,41),(536,'fmwmsw',9,456),(537,'XVwjhV',-6,818),(538,'njHTZk',3,489),(539,'TAHNGy',5,879),(540,'BHyJBj',12,463),(541,'tTzLZM',-1,149),(542,'SSjpmm',11,1775),(543,'OhIpnj',-4,1676),(544,'vZYJUW',10,1374),(545,'kxJbBg',5,1341),(546,'yZsjbB',-2,89),(547,'upaBCW',-4,1493),(548,'aAKALI',-8,56),(549,'NXEGWr',0,786),(550,'QEgMKL',4,779),(551,'kVTCSo',-1,75),(552,'jdrakz',0,1608),(553,'yGejMw',-9,1156),(554,'OZOUiw',-10,652),(555,'XDPQNm',-2,1037),(556,'pDPuAG',-8,1620),(557,'HZtkln',10,1419),(558,'bxoMHf',11,1432),(559,'gMyhVt',-1,1232),(560,'NbjFXa',0,386),(561,'JpzURZ',-10,615),(562,'Yqxaww',-9,158),(563,'uWmgPw',8,1433),(564,'hXgLjw',-9,1775),(565,'rmtILg',2,41),(566,'TfZttm',10,868),(567,'KQzPnm',3,1040),(568,'lRUHSO',-9,1081),(569,'itqqwP',-4,938),(570,'uRGOGN',12,1675),(571,'MoYqEP',-4,833),(572,'mfvefq',-1,398),(573,'TbFuKs',-7,803),(574,'STUWbz',7,1343),(575,'JKpyZy',5,992),(576,'swTYmY',-2,682),(577,'tXGKhY',2,1238),(578,'cJHssW',0,657),(579,'qjZQki',-6,611),(580,'DliAht',-2,1716),(581,'XVHZZx',12,31),(582,'FCXAqz',12,1483),(583,'mBAAhF',-10,434),(584,'SUnZUP',-9,363),(585,'uBvHrF',0,863),(586,'kgNhug',-2,673),(587,'SCmHzy',4,1252),(588,'ghdgRn',2,407),(589,'jbNXNE',-11,769),(590,'jfXxOe',-2,1420),(591,'VhExEd',-1,1074),(592,'ESFGUm',12,1334),(593,'jTZwcf',10,1509),(594,'ckIvvK',9,105),(595,'dlnSoj',2,1405),(596,'rvXQVK',-4,860),(597,'jMeqsL',-2,1509),(598,'yHmKVX',11,1146),(599,'rRxIZD',10,1648),(600,'itzvgg',-7,1147),(601,'kzoQTr',8,387),(602,'jfHomf',5,1319),(603,'sdusNu',-8,1376),(604,'XducEH',-8,279),(605,'TiivPO',-7,641),(606,'exzWfC',-9,1495),(607,'EFPIRI',-4,1097),(608,'jcAQMq',0,644),(609,'jhuzKZ',4,504),(610,'dqIAZR',10,643),(611,'hFPTIr',-4,6),(612,'muwRdT',9,1012),(613,'emBYDL',-3,719),(614,'laIoRi',8,413),(615,'rRYYRH',-11,1371),(616,'qRkkRM',7,562),(617,'kxakaQ',11,349),(618,'BBhUQE',-7,792),(619,'XQlfuk',12,1213),(620,'tGKGAG',5,1021),(621,'WcguwS',9,690),(622,'FZtevi',-9,404),(623,'QuFQVh',-11,182),(624,'qAOwBV',-9,642),(625,'NyhteE',7,1468),(626,'qqWQIV',-3,781),(627,'lFwfvg',12,1735),(628,'DQnwZl',1,499),(629,'KZjIBH',-10,1079),(630,'uLXorS',-9,1594),(631,'YwUSfL',-9,1046),(632,'GabJKY',-7,817),(633,'DbUVgr',10,16),(634,'YzVEiy',-4,1520),(635,'LFueZg',-11,702),(636,'WpcioJ',0,949),(637,'igOBgq',-9,242),(638,'mnoSKi',12,1439),(639,'xAasoY',-3,400),(640,'ljcbWY',-9,1384),(641,'EulVSw',6,1015),(642,'CoGRdS',-9,656),(643,'oYscSn',-8,922),(644,'bBdsUh',9,1166),(645,'QTBVZs',11,1223),(646,'CPHIFD',0,1286),(647,'QpABPH',5,1415),(648,'HCmeNF',-8,569),(649,'niaHaY',2,154),(650,'HNYziw',7,1097),(651,'bdcnGP',-4,1053),(652,'XyJjTI',0,1082),(653,'xuwULI',7,93),(654,'YViwGe',-7,1480),(655,'FIPdpa',4,1044),(656,'mdvYka',-5,274),(657,'sqnRKT',4,498),(658,'MGtQCN',-8,861),(659,'yELoxP',11,279),(660,'yfLyyV',-11,511),(661,'UKcXWj',8,1734),(662,'wsYoPK',-2,1193),(663,'WLghPX',6,1136),(664,'xteLZC',0,708),(665,'dLWVwe',-6,1733),(666,'ttNsHg',-3,538),(667,'WdxtVY',-1,381),(668,'KBPAbF',2,856),(669,'SlkcjA',-9,1730),(670,'KoTXpo',12,81),(671,'xGYJrq',7,345),(672,'MYMRnr',-5,878),(673,'qMAPwN',9,1257),(674,'MJmikP',-7,333),(675,'qwAUQx',12,1065),(676,'hMFauL',1,1657),(677,'okyeyU',10,1402),(678,'wPsnFQ',2,1464),(679,'rhCYfF',1,1119),(680,'XAFKWt',-6,1112),(681,'ZAOZdB',4,1742),(682,'NMtfmM',11,457),(683,'qGVWWk',-3,1644),(684,'UXTarP',5,582),(685,'NBwWqY',-3,396),(686,'nyvRTq',-7,960),(687,'qcAcUt',-8,1249),(688,'wsrtBn',8,923),(689,'LUMbXC',-8,156),(690,'oDUCqk',9,1579),(691,'bBpbxW',6,1683),(692,'iENXEc',-4,156),(693,'QVXSLP',11,684),(694,'FMnQjJ',3,622),(695,'qtaLtj',-1,607),(696,'vEibOK',1,1131),(697,'OTNjEz',9,518),(698,'PxOdYQ',-9,564),(699,'QLFByE',11,459),(700,'PvvldT',-4,894),(701,'nUgLGb',-10,670),(702,'GfSOOe',5,367),(703,'WywAOp',4,432),(704,'ahKQDZ',4,1749),(705,'fEEBUQ',-2,708),(706,'AgBoHe',-1,269),(707,'reYNBM',6,323),(708,'TUeLjJ',-7,992),(709,'ZqzlZP',-3,1728),(710,'UvBiSB',-4,618),(711,'rFUxXJ',5,1577),(712,'RPLLYo',-8,17),(713,'RmWvKp',-6,145),(714,'nvgrTR',1,1166),(715,'CGBHns',-4,1029),(716,'xgwYjv',5,446),(717,'Tsriia',-5,1086),(718,'VYKQhG',5,1717),(719,'huOtNK',7,555),(720,'HZyVJU',7,1166),(721,'YUcbdV',-5,478),(722,'MVPGiB',3,3),(723,'mnXwRf',-2,866),(724,'fLiWdH',-5,774),(725,'yDCSkR',12,1465),(726,'qnXbwd',10,187),(727,'FYXAiY',8,1702),(728,'abZJPH',-5,1750),(729,'agDyka',3,165),(730,'LyVyGd',-7,775),(731,'crptBH',-8,269),(732,'gDufTe',-9,1741),(733,'lhFhwn',10,486),(734,'JvjdcQ',8,1641),(735,'WsSZRA',12,1303),(736,'qzjkmc',-3,329),(737,'QEQXkG',-9,582),(738,'uVwyYx',-9,1643),(739,'Dotqqk',-2,1697),(740,'QbHvOl',-2,482),(741,'ZNGBYI',4,589),(742,'IWzfpO',-1,250),(743,'VgRQSf',-7,1059),(744,'adwhuZ',2,621),(745,'inenpi',0,1768),(746,'WhqMmb',6,41),(747,'dSHEDr',-1,886),(748,'TUyhIE',-3,1292),(749,'yFnYAB',11,523),(750,'IklZeo',4,1596),(751,'ZCeslG',-4,622),(752,'BGeHns',-4,1663),(753,'uxpLOK',4,554),(754,'sCeChn',-6,4),(755,'etayno',-10,1117),(756,'XOXSol',-11,1496),(757,'WFuTOI',-10,1229),(758,'KPrXOP',-8,605),(759,'kkMvzx',4,1663),(760,'HlzzEi',-11,1332),(761,'MzbTxR',-8,1074),(762,'csOrec',7,1783),(763,'GJviaG',7,562),(764,'daFHIW',-7,1082),(765,'AnqKda',8,1420),(766,'uwnhXy',7,365),(767,'tblBye',-10,890),(768,'uwpoTq',-2,640),(769,'FrczMI',6,793),(770,'YglBUC',11,1266),(771,'ZuOFAe',3,235),(772,'XcTtyB',11,510),(773,'dVUgJl',-10,154),(774,'KkRTRN',-6,1225),(775,'LNrqzz',7,700),(776,'VDZjMV',12,169),(777,'qwqRpa',-1,45),(778,'bsqUhb',-4,913),(779,'zuXTMq',-10,1165),(780,'kglxqn',-9,1516),(781,'TwbQNY',7,10),(782,'RHCnSg',-3,672),(783,'biXPss',-3,664),(784,'huiozT',2,451),(785,'SGDCJg',8,996),(786,'dXtAgF',11,1774),(787,'FQYKWd',2,86),(788,'AVxBxq',-5,759),(789,'TKMAyA',8,82),(790,'ZfkKmX',10,882),(791,'dIlLMN',-3,523),(792,'lBbCSL',11,693),(793,'gAJONN',5,1597),(794,'ZOQMoH',3,270),(795,'BSclJI',11,404),(796,'LNTPOh',-4,412),(797,'YGnMSj',-2,1378),(798,'pddHIE',6,643),(799,'RuWNfY',-11,1121),(800,'UHdpNL',7,879),(801,'siLKxh',8,601),(802,'lPINyF',-9,1575),(803,'pRRLoy',-3,1546),(804,'dfpdUh',11,1440),(805,'BFgJRH',-7,148),(806,'vBhUJl',-4,397),(807,'iEaUGK',9,1120),(808,'ZVRLJA',-10,147),(809,'giCcjS',9,1162),(810,'qMBJhD',0,976),(811,'MZpQkY',-11,553),(812,'neeniM',10,1354),(813,'mhTiYq',-2,1350),(814,'eQlXAF',8,742),(815,'BfWiin',-11,597),(816,'EPigtP',6,189),(817,'WXpKaB',-5,1076),(818,'iypvIL',6,468),(819,'Xamvxu',-5,518),(820,'zDiLyt',7,334),(821,'CnaMWS',11,1216),(822,'RrbQJi',-7,1472),(823,'CKZHax',0,150),(824,'sMZhho',-10,320),(825,'sCTWtH',6,50),(826,'GrCYAT',-7,1390),(827,'aQnuxX',3,1494),(828,'GICrXA',0,1685),(829,'HpphpA',-7,897),(830,'agqnjd',6,1241),(831,'PijxuX',-4,1018),(832,'TXpiNn',9,668),(833,'qCemdf',-11,1125),(834,'wohFyj',11,668),(835,'APieyY',8,304),(836,'jPuUYj',-3,1725),(837,'dgVMKJ',5,139),(838,'juKQWb',0,1255),(839,'jsENjB',4,325),(840,'QZTbze',-4,814),(841,'MJLSOH',-7,532),(842,'OovBMH',6,792),(843,'GGrjYJ',7,1384),(844,'AmXhbp',-2,535),(845,'UlHZeq',8,1654),(846,'UTxObX',8,814),(847,'ZInlKs',-10,1232),(848,'KSMuBV',-3,237),(849,'bQxFxn',4,1306),(850,'cKlTwe',-9,1377),(851,'qtATCl',7,422),(852,'GAptXY',6,957),(853,'VbLWbv',6,532),(854,'nkhtkB',12,193),(855,'AmJMmW',10,482),(856,'UfJOwy',-8,357),(857,'UFNKuR',-4,2),(858,'xIHmoD',1,1518),(859,'oJceio',11,125),(860,'CXuRRW',9,1728),(861,'XCNKwY',7,1336),(862,'QzplpL',-1,829),(863,'kfVgvm',-2,403),(864,'PKFrbY',-9,1499),(865,'XQKBkE',9,892),(866,'xvLyZb',-3,164),(867,'OSeSDL',-1,430),(868,'qPkXBH',10,30),(869,'FZAkHW',-9,533),(870,'aqqpIF',3,358),(871,'VQZrFf',7,1409),(872,'eScFEK',-6,1519),(873,'MHANEM',-5,1542),(874,'BiDHCy',-4,363),(875,'ZMHKDd',6,1060),(876,'uLvWuR',12,1629),(877,'cjGIPc',-10,507),(878,'OMiDSw',-3,534),(879,'IoDqzq',-9,499),(880,'ufkLNY',-6,641),(881,'WLAClQ',-10,540),(882,'YePBDo',-3,450),(883,'ybNiXP',9,1414),(884,'WRvyvc',-6,581),(885,'jpyfmN',6,1559),(886,'OyNkNY',-6,877),(887,'aHehqy',6,798),(888,'JhBIcS',11,119),(889,'BJfAHq',8,82),(890,'fnOTKB',-8,1778),(891,'ATveIw',1,251),(892,'VccxzP',-6,1424),(893,'TDCnir',-4,1224),(894,'FldaxR',-5,728),(895,'tjrikh',-10,25),(896,'omVlgu',-3,1763),(897,'LURsdt',-3,1564),(898,'OiioSf',1,1370),(899,'MeJlAE',-8,156),(900,'dBBqOA',6,1362),(901,'uGkbno',-10,716),(902,'YbMuPr',1,1235),(903,'zxAxXf',-8,108),(904,'WOSWbu',0,1088),(905,'TnNozq',10,1091),(906,'RlgUGI',-4,1480),(907,'oXcKLW',4,407),(908,'CDtZWO',-11,1235),(909,'xqcIiP',-2,1097),(910,'JWHoKi',-5,715),(911,'wxcbNw',2,1150),(912,'GOhlUB',2,70),(913,'ahNqRt',-4,463),(914,'OYtOBH',5,225),(915,'KkDfQV',8,390),(916,'NmZiLP',-5,1580),(917,'xVFejR',2,900),(918,'NucOaV',-7,710),(919,'TBnfYu',12,987),(920,'ilaqFb',-10,99),(921,'uGOPKY',-7,531),(922,'rYIbXu',-11,162),(923,'wFvPeC',1,1457),(924,'yvqGcB',-5,1748),(925,'UozQLz',1,568),(926,'jqQEKX',7,877),(927,'JyuyzZ',-4,214),(928,'yZWYSs',-8,561),(929,'OaGnYx',5,887),(930,'KCmqDi',7,1673),(931,'nvZpOf',9,519),(932,'foPhde',8,1135),(933,'okkhAY',5,672),(934,'PuuqkT',-9,1685),(935,'rfspcJ',-11,287),(936,'RvZWQy',9,718),(937,'cnUeBW',-4,494),(938,'mmBxYt',9,877),(939,'keHkEk',4,1156),(940,'Kalqih',-7,752),(941,'DKDmlw',-11,1266),(942,'PFJedX',-4,425),(943,'NqmuGQ',4,1421),(944,'hnUvsN',10,1188),(945,'PJSEFw',-7,446),(946,'SGjsAl',-10,239),(947,'aRNwqm',6,232),(948,'afWrOd',8,352),(949,'SJKyAE',1,111),(950,'lWxFiG',-5,792),(951,'maNZZS',-9,69),(952,'iJlHCN',11,1587),(953,'lkfNke',-8,702),(954,'gqwbTq',-6,1057),(955,'OSaktm',-3,1450),(956,'XBAhMt',6,729),(957,'ZllhDa',7,208),(958,'toBMZU',12,110),(959,'MXLNbB',-3,1526),(960,'ugnhwe',-3,673),(961,'gNSQim',-7,370),(962,'tBOldG',6,715),(963,'YZYUJC',-9,408),(964,'UKqkOM',-4,1763),(965,'PsYWRE',-2,1059),(966,'jWRCgD',4,1705),(967,'bHKoSh',11,1061),(968,'pXIBDU',-4,1656),(969,'bYhLus',12,790),(970,'TgiiYf',10,527),(971,'IhkRAc',-4,1146),(972,'KXEvwi',-1,1462),(973,'bKxsSS',-10,848),(974,'anZKyM',2,307),(975,'fPbLFw',2,1035),(976,'tfaArH',-1,1432),(977,'CRuYlA',-4,1075),(978,'pGBxzG',-6,144),(979,'BZDDdS',4,92),(980,'SjoeZT',11,1327),(981,'xvXsXB',1,427),(982,'aMlWTQ',-5,170),(983,'zdSyKG',-10,1273),(984,'rKduFg',-3,847),(985,'ElOOxT',8,105),(986,'bWwehi',11,291),(987,'dqVjGr',-3,1456),(988,'dqyqGQ',11,152),(989,'WgTPcv',-11,807),(990,'mtYWvE',1,1434),(991,'lVCdrj',-1,595),(992,'SSqPEP',4,623),(993,'MbwLRJ',10,539),(994,'uVIDYo',4,1684),(995,'glNXYE',-4,1205),(996,'PSdqCN',12,524),(997,'MLomyd',-5,121),(998,'OWMvID',3,146),(999,'EtBPqg',2,668),(1000,'AquKGU',-6,661),(1001,'keVnKC',-11,302),(1002,'bot',0,5);
/*!40000 ALTER TABLE `userprofile` ENABLE KEYS */;
UNLOCK TABLES;

--
-- Table structure for table `usersearchhistory`
--

DROP TABLE IF EXISTS `usersearchhistory`;
/*!40101 SET @saved_cs_client     = @@character_set_client */;
/*!50503 SET character_set_client = utf8mb4 */;
CREATE TABLE `usersearchhistory` (
  `UserId` int NOT NULL,
  `EventId` int NOT NULL,
  `SearchedDate` date DEFAULT NULL,
  PRIMARY KEY (`UserId`,`EventId`),
  KEY `EventId` (`EventId`),
  CONSTRAINT `usersearchhistory_ibfk_1` FOREIGN KEY (`UserId`) REFERENCES `userprofile` (`UserId`) ON DELETE CASCADE,
  CONSTRAINT `usersearchhistory_ibfk_2` FOREIGN KEY (`EventId`) REFERENCES `event` (`EventId`) ON DELETE CASCADE
) ENGINE=InnoDB DEFAULT CHARSET=utf8mb4 COLLATE=utf8mb4_0900_ai_ci;
/*!40101 SET character_set_client = @saved_cs_client */;

--
-- Dumping data for table `usersearchhistory`
--

LOCK TABLES `usersearchhistory` WRITE;
/*!40000 ALTER TABLE `usersearchhistory` DISABLE KEYS */;
INSERT INTO `usersearchhistory` VALUES (1,994,'2020-08-10'),(1,5551,'2021-04-06'),(2,9733,'2020-09-21'),(3,476,'2021-10-07'),(3,2061,'2020-03-19'),(4,608,'2020-02-24'),(4,1981,'2020-04-07'),(4,7559,'2020-05-30'),(5,7962,'2020-08-16'),(6,1895,'2020-03-06'),(6,7317,'2020-05-30'),(6,8145,'2021-09-07'),(8,1461,'2020-01-27'),(9,8539,'2020-01-26'),(10,7471,'2020-11-16'),(11,3688,'2020-08-10'),(11,4008,'2020-07-21'),(12,966,'2020-11-12'),(12,3731,'2021-09-24'),(12,6524,'2021-02-28'),(12,7022,'2020-06-08'),(12,7701,'2021-03-08'),(12,8391,'2021-06-05'),(13,1703,'2020-01-08'),(14,5273,'2020-06-06'),(14,5628,'2020-11-10'),(15,4451,'2020-10-21'),(16,3732,'2020-06-15'),(16,4182,'2021-09-11'),(16,5011,'2021-01-18'),(17,871,'2020-02-18'),(18,4819,'2021-01-12'),(18,5740,'2020-11-19'),(19,7525,'2021-08-06'),(20,2506,'2020-03-09'),(20,3037,'2020-02-06'),(20,6812,'2021-03-09'),(20,8412,'2021-09-25'),(21,9391,'2021-10-03'),(23,4405,'2020-04-22'),(23,6846,'2020-02-07'),(23,9813,'2021-05-25'),(24,2726,'2021-07-30'),(24,5314,'2020-09-09'),(25,729,'2021-08-22'),(25,8550,'2020-10-30'),(26,3310,'2021-08-09'),(26,4467,'2021-01-20'),(26,6411,'2021-09-06'),(26,7880,'2021-09-13'),(27,7154,'2020-10-11'),(27,7210,'2021-06-02'),(27,8573,'2021-03-08'),(27,8862,'2020-11-19'),(27,9797,'2021-06-30'),(28,6701,'2020-10-30'),(28,7114,'2020-08-03'),(29,3783,'2021-04-25'),(29,7744,'2020-10-18'),(30,939,'2021-08-12'),(32,7516,'2020-01-16'),(32,9821,'2020-03-08'),(33,1327,'2020-04-30'),(33,2013,'2020-09-06'),(37,5788,'2020-10-24'),(37,7578,'2020-01-19'),(37,9679,'2021-05-03'),(38,4652,'2020-11-16'),(38,5560,'2020-09-11'),(38,7906,'2020-07-09'),(38,8955,'2021-08-07'),(39,1403,'2020-01-03'),(39,9078,'2020-10-26'),(40,9593,'2021-08-18'),(41,1253,'2021-05-08'),(41,3912,'2020-10-01'),(41,5884,'2020-11-05'),(42,7873,'2020-03-02'),(43,2589,'2021-08-14'),(43,5633,'2021-05-12'),(43,8721,'2020-02-10'),(44,2981,'2021-03-05'),(44,4459,'2020-05-07'),(44,7443,'2021-08-22'),(45,482,'2020-05-20'),(46,6513,'2020-12-17'),(47,5886,'2021-05-05'),(48,336,'2021-09-14'),(48,387,'2021-10-09'),(48,5074,'2020-05-05'),(49,872,'2020-02-03'),(49,1188,'2020-02-19'),(49,2134,'2021-04-29'),(49,4691,'2021-05-29'),(49,6026,'2020-08-02'),(49,6359,'2020-10-25'),(51,1851,'2021-02-12'),(51,7624,'2020-06-30'),(52,1682,'2020-01-17'),(53,1692,'2020-04-24'),(54,4519,'2021-03-23'),(54,7502,'2020-10-10'),(54,7812,'2020-05-11'),(55,2006,'2021-02-04'),(56,207,'2020-08-23'),(56,6389,'2020-10-22'),(57,880,'2020-05-17'),(57,4237,'2020-05-07'),(57,4831,'2020-06-06'),(57,5772,'2020-09-04'),(57,9192,'2021-02-19'),(58,381,'2020-02-17'),(58,2538,'2020-11-06'),(58,5801,'2020-12-29'),(58,7558,'2020-11-24'),(59,883,'2021-09-27'),(59,2861,'2021-06-03'),(60,83,'2021-01-29'),(60,3720,'2021-04-04'),(60,4019,'2020-09-08'),(60,4096,'2021-09-23'),(61,2297,'2020-04-11'),(62,946,'2021-04-29'),(62,8579,'2020-08-11'),(63,603,'2020-11-09'),(63,7927,'2020-04-25'),(65,3152,'2020-05-01'),(65,5000,'2020-01-13'),(65,9753,'2020-07-08'),(66,1006,'2020-10-08'),(66,5531,'2021-05-04'),(66,8468,'2020-01-17'),(67,1949,'2021-03-22'),(67,2803,'2020-02-06'),(67,6036,'2021-09-22'),(67,6263,'2021-07-16'),(67,7407,'2021-09-02'),(68,8762,'2020-02-19'),(69,3474,'2020-09-01'),(69,6099,'2020-02-28'),(69,7642,'2021-04-25'),(69,9400,'2020-05-21'),(70,5466,'2020-08-20'),(70,8226,'2020-01-23'),(71,4064,'2020-09-06'),(72,3069,'2021-04-24'),(72,3150,'2020-04-13'),(72,3940,'2020-06-18'),(73,8959,'2020-10-01'),(74,1718,'2021-02-10'),(74,2034,'2021-08-29'),(75,692,'2020-12-31'),(75,6470,'2021-03-01'),(77,1562,'2021-07-22'),(78,898,'2021-03-10'),(78,1641,'2021-01-22'),(78,6656,'2020-10-24'),(79,1117,'2021-05-09'),(79,4278,'2021-04-25'),(79,8882,'2020-08-22'),(80,1671,'2021-07-26'),(80,4636,'2020-05-31'),(80,6169,'2021-03-12'),(80,7545,'2021-05-06'),(81,3598,'2021-07-16'),(81,3696,'2020-05-13'),(81,7057,'2021-06-10'),(82,1617,'2020-05-14'),(82,1665,'2020-11-03'),(83,1690,'2021-10-08'),(83,1703,'2021-03-17'),(83,5489,'2020-02-14'),(83,8916,'2020-05-02'),(85,1923,'2021-08-31'),(85,7862,'2020-05-09'),(85,9487,'2021-05-22'),(86,3208,'2021-08-25'),(86,4994,'2020-08-24'),(86,8404,'2020-06-01'),(88,8170,'2020-05-02'),(90,1581,'2021-09-23'),(90,3051,'2020-10-27'),(90,4454,'2020-11-05'),(91,897,'2020-09-18'),(91,9780,'2020-03-19'),(94,666,'2020-03-31'),(94,4569,'2020-08-21'),(95,5414,'2020-03-08'),(96,714,'2020-05-10'),(97,670,'2021-07-05'),(97,4291,'2021-05-18'),(97,6651,'2021-04-27'),(98,1140,'2021-06-18'),(98,6396,'2021-05-19'),(98,7518,'2021-07-18'),(100,3755,'2021-02-04'),(101,1735,'2021-07-21'),(102,5064,'2020-04-27'),(104,8942,'2021-10-03'),(105,1571,'2020-01-20'),(105,6615,'2021-02-05'),(106,7753,'2021-09-14'),(107,392,'2021-02-16'),(109,2029,'2021-03-08'),(109,7712,'2021-08-26'),(111,3153,'2020-09-28'),(111,5864,'2020-09-19'),(111,7135,'2021-08-18'),(113,474,'2020-02-24'),(113,8155,'2020-12-20'),(115,2226,'2020-06-20'),(116,6668,'2020-01-11'),(116,9478,'2021-09-15'),(116,9597,'2021-08-28'),(117,3205,'2021-02-07'),(118,7096,'2021-08-01'),(119,2667,'2020-04-30'),(119,4118,'2021-01-25'),(119,8875,'2021-01-04'),(119,8913,'2020-03-14'),(120,5715,'2020-11-29'),(121,2306,'2021-02-02'),(121,6126,'2021-07-24'),(122,207,'2021-03-26'),(123,4707,'2021-05-15'),(124,4502,'2020-10-05'),(124,4801,'2021-09-29'),(124,6484,'2021-04-01'),(124,8874,'2021-04-14'),(125,4140,'2021-02-15'),(125,8516,'2020-09-17'),(126,1849,'2021-02-24'),(126,5235,'2020-11-23'),(126,8139,'2020-09-13'),(127,3452,'2020-05-24'),(127,8889,'2021-04-18'),(129,1656,'2021-03-11'),(129,2446,'2021-09-15'),(129,3777,'2020-04-11'),(129,4922,'2020-10-27'),(130,7157,'2021-10-05'),(130,8492,'2021-05-23'),(130,9009,'2021-07-12'),(131,4565,'2020-04-22'),(131,9064,'2021-04-06'),(132,2733,'2021-01-12'),(132,8244,'2020-04-14'),(133,2164,'2021-06-24'),(133,5459,'2021-07-28'),(134,17,'2021-05-02'),(135,2841,'2020-12-14'),(135,3874,'2020-09-22'),(136,17,'2021-03-07'),(136,1418,'2020-07-06'),(136,1421,'2021-04-18'),(136,4450,'2021-03-12'),(137,916,'2020-11-20'),(137,1623,'2021-03-15'),(137,6807,'2021-10-12'),(138,6126,'2021-06-10'),(139,5581,'2021-09-05'),(139,7601,'2021-05-13'),(140,7468,'2021-05-08'),(140,8764,'2021-02-24'),(141,5669,'2021-06-11'),(142,552,'2021-03-06'),(142,5498,'2021-05-23'),(142,9623,'2020-02-16'),(143,211,'2021-04-21'),(143,2340,'2021-03-06'),(144,1338,'2020-08-10'),(144,2640,'2020-06-08'),(144,3966,'2020-12-08'),(144,4659,'2020-09-16'),(144,8481,'2020-06-30'),(145,8659,'2021-02-19'),(148,1740,'2021-09-28'),(148,8394,'2020-10-13'),(149,5584,'2020-08-27'),(150,4154,'2020-10-01'),(150,7319,'2020-03-31'),(151,391,'2021-03-02'),(151,8890,'2020-03-11'),(151,9080,'2020-06-03'),(152,1,'2021-07-25'),(152,2918,'2020-09-10'),(152,4825,'2020-06-23'),(154,2878,'2021-07-05'),(154,4572,'2021-09-03'),(154,9355,'2020-11-01'),(155,1485,'2021-05-25'),(155,5433,'2021-04-15'),(157,8139,'2020-09-09'),(158,627,'2020-11-16'),(158,1056,'2020-05-23'),(159,1236,'2021-02-05'),(159,1310,'2020-06-29'),(160,161,'2020-09-29'),(160,632,'2020-08-07'),(160,3291,'2020-05-10'),(161,2557,'2020-01-15'),(161,6641,'2021-04-16'),(162,2592,'2020-10-13'),(162,5169,'2020-08-01'),(162,9024,'2021-01-23'),(163,2792,'2021-03-09'),(163,3068,'2020-11-07'),(164,1090,'2020-04-09'),(164,3746,'2020-04-15'),(164,8112,'2021-08-02'),(165,5087,'2021-01-24'),(166,2068,'2020-07-10'),(166,3250,'2021-08-04'),(166,5366,'2021-06-01'),(167,1409,'2021-08-18'),(167,1620,'2020-12-10'),(167,2252,'2020-12-13'),(167,6624,'2020-05-21'),(167,7019,'2021-09-11'),(168,1077,'2020-04-23'),(168,3284,'2020-12-06'),(168,4444,'2021-08-16'),(169,2097,'2020-06-23'),(169,4433,'2021-01-06'),(169,7576,'2021-02-28'),(170,4917,'2021-02-26'),(170,6071,'2020-08-19'),(170,8938,'2020-07-08'),(170,9638,'2020-01-04'),(171,7410,'2020-09-29'),(172,708,'2021-02-27'),(172,8978,'2020-12-23'),(173,5652,'2021-01-27'),(175,3155,'2020-11-05'),(176,2043,'2021-10-12'),(176,3275,'2020-09-25'),(176,4685,'2020-08-23'),(176,7547,'2020-12-20'),(176,8103,'2021-07-04'),(177,1162,'2021-02-06'),(177,4864,'2020-07-25'),(178,5270,'2020-07-12'),(180,677,'2020-05-30'),(180,1538,'2021-04-17'),(180,2902,'2021-02-12'),(181,4213,'2020-04-10'),(181,7931,'2021-06-29'),(182,222,'2020-10-05'),(182,6929,'2020-06-12'),(182,7467,'2020-07-02'),(183,3764,'2021-02-18'),(183,7228,'2020-05-24'),(183,7708,'2021-05-10'),(183,8956,'2020-01-02'),(184,6047,'2020-04-21'),(185,312,'2021-06-14'),(185,868,'2021-10-07'),(185,7957,'2020-04-07'),(186,3800,'2020-05-04'),(186,5240,'2020-07-27'),(186,5995,'2021-02-09'),(187,555,'2021-09-02'),(189,6471,'2021-06-24'),(189,7469,'2021-07-06'),(190,3339,'2020-05-31'),(190,4813,'2021-03-31'),(190,8968,'2021-04-24'),(190,9293,'2021-06-26'),(190,9675,'2021-08-06'),(191,726,'2021-05-10'),(191,7461,'2020-12-02'),(192,118,'2020-12-04'),(192,257,'2020-09-28'),(192,4612,'2021-09-27'),(192,6179,'2021-01-19'),(193,60,'2021-07-07'),(193,790,'2020-03-30'),(193,7046,'2020-10-06'),(194,3699,'2020-01-30'),(194,4448,'2021-04-21'),(195,180,'2020-08-02'),(195,7059,'2021-06-18'),(195,8864,'2020-04-04'),(195,9592,'2020-02-24'),(196,84,'2020-09-03'),(196,125,'2020-12-23'),(196,4422,'2021-06-14'),(196,4987,'2021-06-15'),(196,6924,'2020-11-29'),(196,7910,'2020-10-11'),(197,609,'2021-09-17'),(197,3491,'2020-08-22'),(197,6862,'2020-04-29'),(198,13,'2021-03-24'),(198,6952,'2020-09-07'),(199,190,'2021-05-09'),(199,483,'2020-10-27'),(199,4559,'2021-03-24'),(199,7817,'2021-02-08'),(200,4453,'2020-12-05'),(201,4787,'2020-06-15'),(201,5879,'2020-03-28'),(201,7333,'2020-09-05'),(201,8827,'2021-04-20'),(202,1812,'2020-11-23'),(202,9233,'2021-01-11'),(203,401,'2021-02-14'),(203,1290,'2021-07-13'),(203,4672,'2021-06-09'),(204,7119,'2020-10-26'),(205,6356,'2020-03-16'),(206,485,'2020-11-01'),(207,291,'2020-03-10'),(207,3093,'2021-07-23'),(207,7213,'2020-11-20'),(208,2724,'2020-09-16'),(211,1621,'2021-01-05'),(211,4735,'2020-02-22'),(211,4953,'2020-01-13'),(211,9151,'2020-12-04'),(215,1931,'2020-09-09'),(215,9234,'2021-06-30'),(216,1868,'2021-08-03'),(216,4226,'2020-06-23'),(216,9786,'2020-01-02'),(217,332,'2020-11-15'),(217,6068,'2020-06-10'),(218,4664,'2020-01-06'),(218,4789,'2021-08-01'),(219,4870,'2020-09-20'),(220,229,'2020-06-11'),(220,2698,'2020-10-08'),(220,4952,'2020-10-22'),(221,1886,'2021-06-18'),(221,5852,'2021-07-16'),(221,7109,'2021-09-22'),(222,177,'2020-02-28'),(222,2920,'2020-06-14'),(222,5635,'2020-11-29'),(222,6056,'2020-11-06'),(222,6894,'2020-08-30'),(223,3713,'2020-07-11'),(224,3369,'2021-06-14'),(224,4620,'2020-05-11'),(224,5323,'2020-10-12'),(225,6800,'2020-05-12'),(226,3450,'2020-10-05'),(226,3871,'2020-01-16'),(226,4803,'2020-02-12'),(227,451,'2020-07-09'),(227,2060,'2021-09-08'),(228,4256,'2020-09-28'),(229,2006,'2021-09-12'),(229,9452,'2020-07-21'),(230,434,'2020-05-01'),(230,3583,'2020-09-13'),(230,7797,'2020-02-29'),(231,2015,'2021-07-25'),(231,9268,'2020-01-17'),(232,3463,'2021-08-20'),(232,3489,'2021-01-09'),(232,5074,'2021-06-07'),(232,6317,'2020-06-18'),(232,7021,'2021-06-08'),(233,8064,'2020-05-14'),(233,8458,'2020-03-12'),(234,4288,'2021-02-25'),(234,6469,'2020-11-09'),(235,155,'2020-09-09'),(235,815,'2021-05-16'),(235,2693,'2021-06-17'),(238,3640,'2021-07-12'),(238,7109,'2021-04-03'),(239,1542,'2021-05-30'),(239,4245,'2021-02-04'),(240,9209,'2020-10-16'),(240,9561,'2020-04-12'),(241,9069,'2021-08-20'),(242,2805,'2021-01-07'),(242,3145,'2020-04-26'),(243,1724,'2020-07-09'),(243,1969,'2020-10-19'),(244,1609,'2021-04-11'),(244,3266,'2021-10-05'),(245,2979,'2021-09-06'),(245,8129,'2021-09-10'),(246,1555,'2020-02-21'),(246,4791,'2021-09-27'),(246,7954,'2021-06-29'),(249,409,'2021-10-08'),(249,3858,'2020-03-26'),(249,3962,'2020-01-21'),(249,7781,'2021-04-06'),(250,3598,'2020-08-21'),(250,5962,'2021-09-16'),(250,7156,'2021-08-29'),(251,8676,'2020-12-16'),(251,9539,'2020-07-15'),(252,6178,'2021-02-16'),(253,5106,'2020-02-29'),(253,7897,'2021-08-10'),(254,4417,'2020-06-26'),(254,6560,'2020-07-13'),(255,609,'2020-10-26'),(256,6178,'2020-08-15'),(257,864,'2021-05-18'),(258,6963,'2021-09-04'),(258,7323,'2020-04-19'),(260,4365,'2020-02-29'),(261,4426,'2021-04-06'),(261,7225,'2021-06-18'),(263,2128,'2020-09-16'),(263,3825,'2020-07-26'),(263,4220,'2020-08-27'),(263,5241,'2021-09-28'),(263,5809,'2020-01-26'),(264,1485,'2020-01-20'),(264,3078,'2021-05-19'),(265,5640,'2020-01-15'),(265,9323,'2020-10-14'),(266,9576,'2020-10-14'),(267,4647,'2020-10-23'),(267,5831,'2020-06-18'),(267,7499,'2020-11-09'),(267,9003,'2020-07-22'),(269,3413,'2020-08-25'),(269,8395,'2020-04-13'),(270,9129,'2021-02-28'),(271,257,'2021-09-24'),(271,652,'2021-02-02'),(271,7053,'2020-11-09'),(272,3222,'2020-06-18'),(272,6639,'2020-10-31'),(272,6863,'2021-01-03'),(273,3247,'2020-09-23'),(273,8382,'2021-04-03'),(274,1308,'2020-04-22'),(274,5695,'2021-04-22'),(274,8493,'2020-07-10'),(274,9396,'2020-03-12'),(275,603,'2020-07-13'),(275,4864,'2020-02-22'),(275,7449,'2020-08-30'),(277,4676,'2021-02-28'),(277,7504,'2020-10-15'),(277,9500,'2020-10-01'),(278,5599,'2020-10-31'),(278,9831,'2020-07-31'),(279,682,'2020-12-09'),(279,7613,'2020-11-22'),(280,5089,'2021-06-03'),(280,8129,'2020-10-17'),(281,2068,'2020-10-05'),(281,2333,'2020-09-06'),(281,4187,'2021-02-04'),(281,4484,'2021-05-11'),(282,9819,'2020-05-07'),(283,2176,'2021-03-01'),(284,4932,'2020-07-15'),(284,6478,'2021-01-17'),(284,9389,'2020-08-02'),(285,2589,'2021-05-20'),(285,7519,'2020-09-11'),(286,8602,'2020-05-15'),(286,9329,'2021-02-20'),(287,4943,'2021-06-26'),(287,5177,'2020-02-21'),(287,5661,'2021-10-06'),(288,3348,'2020-11-13'),(289,5452,'2021-06-12'),(289,6616,'2020-09-29'),(289,7219,'2020-12-06'),(289,7993,'2021-02-04'),(290,4648,'2020-04-19'),(290,8196,'2021-04-28'),(290,8224,'2020-10-26'),(291,2714,'2020-09-11'),(291,6848,'2021-02-13'),(292,4370,'2020-01-30'),(292,6924,'2021-01-22'),(292,9305,'2020-07-06'),(293,8002,'2021-08-21'),(293,8518,'2020-01-10'),(294,2129,'2021-08-08'),(294,5195,'2020-01-13'),(294,5863,'2021-04-19'),(294,8655,'2020-05-08'),(295,1034,'2021-02-11'),(295,2150,'2021-05-16'),(297,2624,'2020-11-06'),(298,1915,'2020-03-29'),(298,2217,'2020-08-06'),(298,4945,'2020-11-05'),(299,2120,'2020-11-04'),(299,5411,'2020-07-30'),(299,7115,'2021-09-04'),(299,7601,'2020-01-12'),(300,5753,'2021-03-23'),(300,7241,'2020-11-02'),(300,8923,'2020-06-08'),(301,1918,'2020-10-07'),(301,2168,'2021-06-27'),(304,3671,'2021-09-30'),(304,8179,'2021-06-24'),(306,2132,'2020-03-06'),(306,2289,'2020-01-13'),(306,3245,'2021-02-23'),(306,4868,'2020-06-08'),(306,6658,'2021-05-30'),(306,7418,'2021-09-08'),(307,4257,'2021-05-16'),(307,5695,'2020-01-11'),(307,8472,'2020-01-26'),(308,238,'2021-04-19'),(308,2970,'2020-08-20'),(309,9189,'2020-08-12'),(310,5246,'2020-02-15'),(316,496,'2020-10-03'),(316,6528,'2021-01-23'),(317,391,'2020-05-04'),(317,9319,'2020-06-10'),(318,4639,'2020-08-04'),(318,4791,'2020-04-16'),(319,2770,'2020-03-09'),(319,5337,'2020-10-31'),(320,1520,'2020-11-07'),(320,7666,'2020-01-20'),(321,6670,'2021-01-25'),(322,8125,'2020-06-28'),(323,5968,'2020-07-19'),(325,3894,'2021-09-29'),(325,6882,'2021-07-20'),(326,2957,'2021-07-06'),(327,4579,'2020-06-08'),(327,9100,'2021-07-23'),(328,352,'2020-11-10'),(328,3605,'2020-01-10'),(328,5251,'2020-11-11'),(328,9737,'2020-09-07'),(329,1303,'2020-06-29'),(329,3089,'2021-06-01'),(329,4438,'2020-09-01'),(329,9326,'2020-09-02'),(330,3294,'2021-08-06'),(330,8988,'2021-08-19'),(331,788,'2020-10-24'),(331,4611,'2021-04-03'),(332,2941,'2021-08-30'),(333,4399,'2020-08-29'),(333,8099,'2020-11-24'),(333,9539,'2020-11-18'),(334,3030,'2021-07-03'),(334,7884,'2020-08-06'),(336,1861,'2020-04-10'),(336,2602,'2020-01-27'),(336,6175,'2021-05-12'),(337,2828,'2021-08-17'),(337,3450,'2021-06-08'),(337,6158,'2020-07-09'),(338,2665,'2021-06-22'),(339,250,'2020-03-31'),(339,1326,'2021-09-21'),(339,3242,'2021-06-20'),(339,4001,'2021-05-02'),(339,4990,'2020-06-05'),(340,4659,'2021-08-03'),(340,7495,'2021-03-18'),(340,8128,'2020-03-29'),(340,8418,'2020-12-11'),(341,1263,'2020-11-05'),(341,2105,'2021-10-08'),(341,2467,'2020-10-31'),(341,6203,'2021-02-06'),(343,2234,'2020-09-13'),(344,8638,'2020-04-28'),(344,8908,'2021-01-27'),(345,2017,'2020-12-07'),(345,7639,'2020-11-30'),(346,1699,'2020-08-26'),(346,5021,'2021-10-06'),(347,463,'2021-02-11'),(347,3184,'2021-04-18'),(348,1306,'2021-07-10'),(348,4592,'2020-10-14'),(348,8425,'2020-11-05'),(349,1890,'2021-06-28'),(349,7761,'2020-09-29'),(349,8523,'2021-07-06'),(350,7530,'2021-04-08'),(350,9234,'2020-04-25'),(351,8494,'2021-05-07'),(351,8603,'2021-06-29'),(352,2516,'2020-09-10'),(352,8225,'2021-07-18'),(353,108,'2021-03-19'),(355,4575,'2021-02-08'),(355,8945,'2020-02-19'),(357,3922,'2020-04-13'),(357,5886,'2020-12-05'),(357,9210,'2020-05-25'),(357,9230,'2021-06-30'),(358,3383,'2021-05-13'),(359,717,'2020-01-12'),(359,4167,'2020-09-12'),(359,5669,'2020-12-28'),(359,8174,'2020-05-30'),(360,2224,'2020-11-03'),(361,1023,'2021-06-27'),(361,3189,'2020-12-10'),(361,4561,'2020-04-17'),(362,4331,'2021-08-11'),(362,5235,'2021-08-23'),(362,9526,'2021-09-22'),(364,2676,'2021-06-26'),(364,3713,'2020-02-17'),(365,5114,'2020-01-01'),(368,187,'2020-05-30'),(370,3088,'2021-02-09'),(371,7743,'2021-08-13'),(371,9402,'2020-11-06'),(373,4322,'2021-05-16'),(373,6841,'2020-07-03'),(373,6847,'2020-06-21'),(374,611,'2020-11-27'),(374,3307,'2021-08-12'),(374,4138,'2020-07-10'),(374,9103,'2021-09-23'),(375,1998,'2020-08-20'),(375,2685,'2020-10-17'),(375,5056,'2021-04-18'),(376,183,'2020-08-13'),(377,7117,'2021-10-07'),(377,8471,'2020-05-27'),(378,3666,'2020-03-22'),(379,9006,'2020-10-10'),(380,5398,'2021-04-03'),(380,8690,'2021-04-04'),(381,412,'2021-09-06'),(381,3938,'2020-08-28'),(382,919,'2020-01-07'),(384,4736,'2021-04-18'),(384,6877,'2020-02-01'),(384,6960,'2020-02-05'),(385,943,'2021-02-26'),(385,6751,'2021-08-22'),(385,7726,'2020-01-12'),(388,1891,'2020-09-04'),(388,2384,'2021-06-19'),(390,5077,'2021-01-23'),(390,6081,'2021-10-01'),(390,8235,'2021-07-19'),(391,3353,'2020-07-31'),(392,3299,'2020-08-22'),(392,3761,'2021-03-01'),(392,7222,'2020-07-17'),(394,862,'2020-12-01'),(395,5,'2020-05-04'),(395,4971,'2020-12-17'),(395,9251,'2020-06-17'),(397,1185,'2020-08-19'),(397,1196,'2020-10-05'),(397,8424,'2020-11-20'),(398,431,'2021-08-23'),(398,3196,'2021-01-06'),(398,6132,'2021-06-20'),(399,2141,'2020-03-05'),(399,5110,'2020-01-22'),(399,5687,'2021-07-19'),(399,9100,'2021-03-18'),(400,4846,'2021-02-07'),(400,5499,'2021-06-15'),(400,6452,'2020-07-15'),(402,9310,'2020-08-30'),(403,3993,'2020-10-09'),(403,5794,'2020-08-28'),(403,6624,'2021-05-05'),(403,6910,'2021-06-30'),(403,7534,'2021-04-02'),(404,134,'2020-01-29'),(406,5566,'2021-01-24'),(406,7156,'2021-06-19'),(407,3199,'2020-04-11'),(408,158,'2021-06-28'),(408,4721,'2020-11-18'),(408,7436,'2021-04-29'),(409,6006,'2021-07-16'),(409,8298,'2020-03-27'),(410,96,'2021-08-01'),(410,1805,'2021-04-21'),(410,4704,'2021-04-13'),(410,7060,'2020-04-14'),(410,9474,'2020-04-04'),(410,9672,'2020-03-19'),(411,1528,'2020-10-02'),(411,3106,'2020-03-02'),(411,7469,'2020-01-14'),(412,8088,'2021-05-31'),(412,8338,'2021-03-07'),(413,290,'2021-05-08'),(413,1886,'2021-02-22'),(413,2544,'2020-06-22'),(413,5818,'2020-09-18'),(413,7190,'2020-10-24'),(413,8839,'2020-11-25'),(414,818,'2020-01-30'),(414,5997,'2020-08-18'),(415,2701,'2021-01-19'),(415,3270,'2021-10-11'),(416,3542,'2021-04-10'),(417,1368,'2021-07-25'),(417,5679,'2020-01-30'),(418,3294,'2020-02-25'),(418,4323,'2020-04-18'),(418,8124,'2021-04-04'),(418,9251,'2021-04-11'),(418,9433,'2020-08-17'),(419,407,'2021-01-20'),(419,2408,'2020-07-15'),(420,3980,'2021-02-17'),(420,6913,'2020-09-06'),(420,8886,'2020-06-05'),(420,9500,'2021-09-05'),(421,2985,'2020-08-19'),(421,5982,'2020-08-17'),(422,1549,'2020-12-13'),(423,2699,'2020-02-04'),(424,2572,'2020-03-27'),(424,4621,'2020-08-11'),(426,5215,'2021-04-01'),(427,2645,'2020-08-01'),(427,2952,'2021-07-08'),(427,3959,'2020-04-18'),(427,7906,'2021-06-20'),(428,710,'2021-01-20'),(428,6722,'2021-09-28'),(430,2339,'2021-07-07'),(431,5365,'2020-03-14'),(432,2504,'2020-05-15'),(432,9142,'2021-09-17'),(433,945,'2020-08-02'),(434,3019,'2020-04-15'),(434,6399,'2020-03-20'),(434,6642,'2020-06-13'),(435,2529,'2021-03-26'),(435,6032,'2020-11-05'),(436,676,'2021-04-22'),(436,1251,'2020-05-17'),(436,2343,'2021-03-11'),(436,4329,'2021-07-31'),(436,9383,'2021-09-03'),(438,569,'2020-12-14'),(438,5842,'2021-08-29'),(438,7727,'2020-08-03'),(439,1799,'2020-04-01'),(439,2358,'2020-02-25'),(441,1559,'2020-12-24'),(441,5832,'2020-06-27'),(442,7297,'2020-07-30'),(445,7565,'2020-11-28'),(445,8957,'2021-05-19'),(446,4109,'2020-12-17'),(446,5979,'2020-05-16'),(447,1903,'2020-08-28'),(447,8886,'2020-08-21'),(448,2858,'2020-04-24'),(448,7404,'2021-03-03'),(448,9237,'2021-03-09'),(449,3015,'2020-07-19'),(449,5261,'2020-12-24'),(449,5570,'2021-05-28'),(449,6437,'2021-05-07'),(450,1008,'2020-11-14'),(450,3156,'2020-07-11'),(452,3879,'2021-09-17'),(453,118,'2021-01-08'),(453,6986,'2020-01-24'),(454,5094,'2021-05-28'),(454,7261,'2020-05-07'),(454,9829,'2020-11-29'),(455,3021,'2021-07-04'),(455,6724,'2021-04-08'),(455,8670,'2021-07-03'),(455,8799,'2021-03-13'),(456,476,'2021-03-16'),(456,1621,'2020-01-25'),(456,4996,'2020-08-02'),(456,6747,'2020-08-11'),(457,6969,'2020-08-08'),(457,8823,'2020-09-21'),(458,5122,'2020-09-09'),(458,9033,'2021-03-25'),(460,8828,'2020-01-25'),(460,9461,'2021-07-08'),(461,8370,'2020-09-11'),(463,2049,'2021-09-29'),(463,2498,'2020-05-06'),(463,5813,'2021-07-16'),(463,7541,'2020-08-27'),(464,2224,'2021-05-28'),(465,351,'2020-05-15'),(465,1380,'2020-06-28'),(465,7111,'2021-01-31'),(465,9713,'2020-03-29'),(466,6955,'2020-11-23'),(467,5602,'2020-06-07'),(468,4181,'2021-02-27'),(468,6529,'2021-09-23'),(470,726,'2020-09-20'),(470,5043,'2021-09-15'),(471,2125,'2020-10-19'),(471,6172,'2021-02-15'),(471,8115,'2020-04-04'),(472,1634,'2020-11-17'),(473,7,'2020-12-10'),(473,7383,'2021-08-25'),(473,8321,'2020-07-11'),(474,2931,'2020-03-02'),(474,5114,'2021-03-30'),(475,2067,'2021-03-24'),(476,221,'2021-09-21'),(476,5808,'2021-04-28'),(476,6152,'2020-03-28'),(476,7581,'2020-12-16'),(476,7985,'2020-06-28'),(478,2721,'2020-02-05'),(478,4808,'2020-07-19'),(478,6712,'2021-03-19'),(478,9517,'2021-08-26'),(479,476,'2021-07-23'),(480,4959,'2021-06-20'),(480,7509,'2021-05-18'),(481,349,'2021-03-12'),(481,1983,'2021-01-02'),(481,7969,'2021-02-08'),(481,9670,'2021-04-04'),(483,1868,'2021-04-10'),(483,4367,'2020-11-23'),(483,7922,'2021-04-04'),(483,9069,'2020-10-25'),(484,2107,'2021-10-05'),(484,6827,'2021-05-10'),(484,8825,'2020-08-12'),(485,2863,'2021-02-20'),(485,4447,'2020-01-24'),(485,6372,'2021-04-01'),(486,3915,'2021-01-14'),(487,7104,'2021-09-08'),(488,1286,'2021-03-03'),(488,2292,'2020-09-28'),(488,4930,'2020-01-06'),(488,6728,'2021-08-10'),(490,2650,'2020-10-15'),(490,8803,'2021-01-26'),(491,1598,'2020-10-20'),(491,3727,'2021-06-24'),(492,1854,'2020-01-07'),(492,6754,'2021-07-18'),(492,9799,'2020-06-04'),(494,402,'2021-09-01'),(494,1667,'2021-05-26'),(495,3870,'2020-01-05'),(495,6053,'2020-09-29'),(495,6608,'2020-04-11'),(495,7920,'2021-03-26'),(496,3149,'2021-06-10'),(497,562,'2020-11-11'),(497,6749,'2021-04-29'),(498,6105,'2020-10-05'),(499,2161,'2020-01-20'),(500,8001,'2021-02-13'),(501,4796,'2021-06-16'),(502,1228,'2021-04-24'),(502,4770,'2021-08-20'),(502,6411,'2021-04-02'),(502,7941,'2021-08-07'),(504,171,'2020-03-14'),(504,6822,'2021-02-26'),(505,1131,'2020-10-27'),(505,2972,'2020-01-02'),(506,6061,'2021-06-16'),(506,8401,'2020-05-17'),(508,6124,'2020-07-04'),(509,356,'2021-02-03'),(509,1954,'2020-08-08'),(509,4326,'2020-04-05'),(510,4693,'2020-01-13'),(510,5262,'2020-05-12'),(510,8213,'2020-08-19'),(510,9454,'2020-07-04'),(511,2385,'2020-01-26'),(512,1117,'2020-09-03'),(512,3111,'2021-08-25'),(513,1217,'2021-06-16'),(514,843,'2021-04-13'),(515,4545,'2020-12-18'),(515,5309,'2020-09-15'),(515,6487,'2020-02-04'),(515,7869,'2020-07-29'),(515,8178,'2020-05-20'),(516,1380,'2020-06-22'),(516,3712,'2021-06-03'),(518,4262,'2020-10-25'),(519,6061,'2020-03-11'),(519,7126,'2021-08-06'),(520,955,'2020-12-12'),(520,2562,'2020-08-04'),(520,3775,'2021-06-08'),(520,5288,'2020-11-09'),(522,1119,'2020-01-23'),(522,4551,'2020-01-28'),(523,5732,'2021-07-08'),(524,4485,'2021-01-29'),(524,7119,'2021-04-06'),(525,3411,'2021-04-30'),(525,3752,'2020-08-26'),(527,2150,'2020-06-17'),(527,2401,'2021-04-20'),(527,4559,'2021-05-17'),(527,6833,'2021-02-23'),(527,7619,'2020-07-14'),(527,9562,'2020-01-16'),(529,1535,'2021-06-05'),(529,5265,'2020-06-21'),(530,9735,'2021-04-05'),(532,913,'2021-06-25'),(532,963,'2021-04-01'),(532,3884,'2021-04-30'),(532,4437,'2021-07-18'),(533,1302,'2021-02-18'),(533,6736,'2020-05-13'),(534,2236,'2021-07-09'),(535,2680,'2020-08-27'),(535,3769,'2020-02-17'),(535,4789,'2020-02-03'),(535,6341,'2020-04-24'),(536,1272,'2020-01-08'),(536,1827,'2021-03-15'),(537,2606,'2021-02-13'),(537,5670,'2021-01-03'),(537,7824,'2020-10-04'),(537,8013,'2021-06-08'),(538,2962,'2020-03-25'),(540,2908,'2021-02-04'),(540,7468,'2021-04-08'),(541,3949,'2020-11-17'),(541,4641,'2020-11-26'),(543,7037,'2021-07-27'),(543,8666,'2020-01-25'),(543,9198,'2021-04-10'),(543,9212,'2021-09-17'),(544,998,'2020-09-17'),(544,1020,'2020-01-15'),(544,2609,'2021-06-10'),(545,7258,'2021-08-02'),(545,9355,'2021-07-04'),(546,2403,'2021-01-13'),(546,2729,'2020-03-20'),(546,5653,'2021-07-30'),(547,6836,'2020-02-08'),(548,900,'2020-12-25'),(548,1618,'2020-03-30'),(548,5495,'2020-05-10'),(548,6382,'2021-09-12'),(549,1435,'2020-07-25'),(549,6829,'2020-04-26'),(549,8792,'2020-05-28'),(550,1188,'2021-07-23'),(551,1137,'2020-08-01'),(551,3323,'2020-06-02'),(552,1688,'2020-09-02'),(552,2945,'2020-08-07'),(552,4855,'2020-03-05'),(553,7899,'2020-11-17'),(555,418,'2021-07-17'),(556,5326,'2020-11-16'),(556,7773,'2020-08-19'),(557,2760,'2021-05-02'),(557,3014,'2020-10-07'),(557,6785,'2020-12-25'),(557,9276,'2021-07-18'),(557,9373,'2020-05-20'),(558,1402,'2021-09-16'),(559,5283,'2021-03-23'),(559,7213,'2021-08-31'),(561,1225,'2020-03-18'),(561,3146,'2021-04-05'),(562,7504,'2021-04-30'),(562,7509,'2021-01-12'),(562,8808,'2020-11-13'),(562,9207,'2020-02-05'),(563,5366,'2020-04-13'),(563,7675,'2020-01-09'),(564,1737,'2021-03-05'),(564,2967,'2020-01-11'),(565,1693,'2021-02-14'),(565,3423,'2020-04-24'),(565,4190,'2020-12-20'),(565,8426,'2021-01-12'),(566,1749,'2021-03-09'),(566,4866,'2021-03-06'),(566,8443,'2020-03-29'),(567,1806,'2020-04-23'),(567,2427,'2020-05-25'),(567,3570,'2020-12-18'),(568,3266,'2021-05-10'),(569,9078,'2020-08-16'),(570,9695,'2020-04-22'),(571,4751,'2021-06-16'),(571,6374,'2021-07-28'),(574,7362,'2021-08-28'),(574,7655,'2020-10-22'),(574,9353,'2020-10-16'),(574,9467,'2020-09-07'),(574,9495,'2021-07-16'),(575,313,'2021-08-18'),(575,8170,'2021-01-15'),(577,552,'2020-04-30'),(577,4358,'2021-04-17'),(577,5870,'2021-06-02'),(577,9132,'2020-12-26'),(578,1991,'2020-10-09'),(579,501,'2021-06-30'),(579,660,'2020-10-28'),(579,5710,'2020-07-27'),(580,4237,'2020-11-19'),(580,5940,'2021-03-03'),(582,4836,'2021-03-30'),(582,9162,'2021-08-31'),(583,966,'2021-02-16'),(583,2912,'2020-08-07'),(584,59,'2021-07-21'),(584,3264,'2021-08-04'),(584,4265,'2020-05-13'),(585,3919,'2020-10-26'),(585,4759,'2021-09-06'),(586,3466,'2021-09-18'),(586,3878,'2021-03-08'),(587,3372,'2020-11-14'),(588,4016,'2020-01-21'),(588,7672,'2020-04-03'),(588,9391,'2020-09-17'),(589,1493,'2020-09-29'),(590,6029,'2021-05-25'),(590,9843,'2020-01-10'),(591,2761,'2020-09-20'),(591,7463,'2020-02-07'),(592,1014,'2020-03-26'),(592,1457,'2020-08-10'),(592,1572,'2021-01-01'),(592,3296,'2021-04-22'),(592,6113,'2021-06-07'),(593,4019,'2020-03-07'),(593,8407,'2020-04-04'),(593,9128,'2020-04-03'),(593,9622,'2020-05-18'),(594,286,'2021-06-17'),(594,2632,'2020-02-09'),(594,3623,'2020-05-29'),(596,834,'2020-12-31'),(596,1533,'2020-08-02'),(596,4012,'2020-10-21'),(596,6591,'2020-06-12'),(596,7111,'2020-09-21'),(597,2652,'2020-09-02'),(597,7898,'2021-02-17'),(598,8835,'2020-12-31'),(599,5600,'2021-03-22'),(599,9006,'2020-02-10'),(600,2837,'2021-02-20'),(600,4509,'2021-04-21'),(600,6707,'2020-02-07'),(600,7113,'2021-05-03'),(602,6130,'2021-09-27'),(602,6866,'2021-05-26'),(603,9396,'2020-11-15'),(605,2616,'2020-12-15'),(605,4005,'2021-08-12'),(605,6094,'2021-05-02'),(605,6629,'2021-04-23'),(605,8073,'2021-08-30'),(606,2460,'2021-04-08'),(607,9611,'2021-08-05'),(608,4973,'2021-09-08'),(608,6121,'2020-10-31'),(608,9204,'2020-06-14'),(609,3238,'2021-04-19'),(609,5896,'2020-06-06'),(609,6609,'2021-07-01'),(610,2505,'2020-12-26'),(612,1,'2021-02-08'),(612,4445,'2020-11-15'),(612,5552,'2020-03-08'),(612,7795,'2020-11-25'),(612,9328,'2021-09-26'),(613,3713,'2021-05-29'),(613,5269,'2021-08-13'),(614,5397,'2020-04-23'),(614,9487,'2020-03-15'),(615,3427,'2021-06-26'),(615,5644,'2020-12-30'),(616,4607,'2021-05-05'),(617,5122,'2020-11-05'),(617,8076,'2021-03-16'),(618,6508,'2020-03-07'),(621,4643,'2020-12-02'),(622,985,'2020-05-03'),(622,8020,'2020-10-15'),(623,3836,'2020-08-16'),(624,2057,'2020-03-19'),(624,3113,'2021-08-18'),(624,4911,'2020-05-03'),(625,1599,'2021-09-20'),(625,4776,'2021-06-28'),(626,1305,'2021-04-11'),(627,3639,'2020-02-07'),(627,8719,'2020-06-30'),(628,9545,'2020-10-22'),(630,3777,'2020-02-13'),(631,8749,'2020-12-06'),(632,3074,'2020-07-28'),(632,5358,'2021-01-06'),(632,5610,'2021-05-21'),(632,7727,'2020-10-06'),(633,498,'2021-08-04'),(634,998,'2021-07-09'),(635,852,'2021-05-30'),(635,5514,'2021-06-07'),(635,6622,'2020-02-05'),(637,4219,'2020-04-25'),(638,4236,'2020-09-18'),(638,4289,'2020-03-19'),(638,5863,'2020-12-30'),(638,9433,'2021-09-26'),(639,2058,'2021-02-21'),(639,4116,'2021-07-17'),(639,4841,'2020-11-09'),(639,5678,'2020-02-13'),(639,6320,'2020-02-12'),(639,7283,'2020-10-27'),(639,9152,'2021-05-17'),(640,8472,'2020-11-11'),(642,5605,'2021-08-24'),(642,5815,'2020-08-05'),(642,8243,'2020-02-29'),(643,5785,'2020-03-25'),(643,6445,'2021-03-15'),(643,8004,'2021-02-26'),(644,1170,'2020-07-30'),(644,1213,'2020-08-17'),(644,8329,'2021-02-08'),(645,1851,'2020-01-31'),(645,1927,'2021-03-28'),(645,4028,'2021-03-22'),(646,419,'2020-09-20'),(646,2390,'2021-07-26'),(646,7689,'2020-07-15'),(646,8483,'2021-06-05'),(646,9665,'2021-05-25'),(647,1637,'2020-05-14'),(648,3074,'2020-08-30'),(648,5442,'2020-08-03'),(649,2223,'2021-02-28'),(649,3236,'2020-07-03'),(649,8111,'2020-10-18'),(651,424,'2020-12-18'),(651,3177,'2021-01-06'),(651,4309,'2020-03-03'),(651,5428,'2020-08-17'),(651,8980,'2020-06-15'),(652,8004,'2021-04-10'),(653,3548,'2020-03-10'),(653,4689,'2020-09-13'),(653,8847,'2021-04-01'),(653,9092,'2021-02-13'),(654,7503,'2020-12-20'),(655,222,'2020-07-09'),(655,3018,'2020-11-20'),(655,3222,'2021-03-03'),(655,3465,'2021-04-30'),(655,3738,'2020-05-15'),(655,9080,'2020-11-19'),(656,1015,'2021-05-11'),(656,9080,'2020-02-03'),(657,1055,'2020-06-25'),(658,7216,'2020-05-21'),(658,8358,'2020-11-06'),(659,1312,'2021-04-30'),(659,8956,'2020-09-23'),(659,9703,'2020-06-03'),(660,3711,'2020-11-28'),(661,2227,'2020-03-23'),(663,3777,'2020-03-11'),(663,5838,'2020-02-24'),(663,7101,'2021-03-05'),(663,8691,'2021-01-12'),(664,863,'2020-08-21'),(664,1506,'2021-05-08'),(664,3544,'2020-04-05'),(664,3763,'2021-09-26'),(664,4945,'2020-08-01'),(664,6512,'2021-03-19'),(665,2932,'2020-04-13'),(665,5702,'2020-01-29'),(666,5188,'2021-04-03'),(667,3537,'2021-04-23'),(667,5515,'2021-05-06'),(668,88,'2020-07-14'),(668,625,'2020-06-12'),(668,8545,'2020-10-20'),(669,6106,'2020-06-11'),(670,1750,'2020-05-31'),(671,8404,'2020-10-24'),(671,9381,'2020-11-06'),(672,9751,'2020-02-26'),(673,8514,'2020-02-09'),(673,9783,'2021-05-30'),(673,9814,'2020-02-21'),(674,4456,'2020-07-21'),(675,5961,'2020-08-13'),(675,9214,'2020-01-01'),(676,2605,'2021-03-01'),(676,2677,'2020-03-22'),(676,8363,'2021-02-02'),(677,588,'2020-03-22'),(677,3166,'2021-05-27'),(678,3880,'2020-04-03'),(679,6628,'2021-01-30'),(679,7954,'2021-08-01'),(679,9122,'2021-06-28'),(680,2815,'2020-07-27'),(680,3893,'2021-05-28'),(680,4451,'2020-08-10'),(680,5579,'2020-02-26'),(680,5721,'2020-12-26'),(681,230,'2020-01-29'),(682,4055,'2020-09-23'),(682,4180,'2020-06-04'),(683,2998,'2020-11-13'),(683,3899,'2021-03-08'),(683,8667,'2020-05-27'),(684,4505,'2020-10-03'),(684,5362,'2020-01-27'),(685,4726,'2021-09-11'),(685,5552,'2020-06-08'),(685,9306,'2020-09-17'),(686,6770,'2021-03-14'),(688,7296,'2020-09-11'),(689,1164,'2020-02-28'),(689,7795,'2020-06-04'),(690,495,'2020-06-29'),(690,1400,'2020-12-11'),(690,6167,'2020-11-09'),(691,1597,'2020-08-06'),(691,3978,'2020-07-04'),(691,8632,'2020-05-28'),(692,2558,'2021-05-28'),(692,4416,'2020-10-24'),(692,5138,'2021-03-16'),(693,1101,'2021-08-20'),(693,2792,'2020-12-13'),(693,4204,'2020-10-01'),(693,7725,'2021-01-11'),(694,2898,'2021-02-13'),(694,6764,'2021-09-20'),(694,7392,'2020-08-10'),(694,7851,'2021-09-29'),(695,1988,'2020-05-26'),(697,6780,'2021-09-01'),(697,8625,'2020-03-15'),(698,3668,'2020-12-16'),(698,4292,'2020-05-07'),(699,5391,'2021-07-14'),(699,7336,'2021-02-16'),(699,7506,'2020-08-07'),(700,1005,'2020-07-30'),(701,617,'2021-09-24'),(701,3796,'2020-07-01'),(702,97,'2021-02-18'),(702,2337,'2020-03-15'),(702,4783,'2020-10-20'),(702,4787,'2020-05-11'),(702,9447,'2020-06-08'),(703,855,'2021-03-28'),(704,2639,'2020-10-23'),(705,85,'2021-07-08'),(705,5358,'2020-02-04'),(705,9489,'2021-02-19'),(706,7244,'2020-10-31'),(706,8532,'2021-03-10'),(706,8752,'2020-05-19'),(707,488,'2021-03-21'),(707,1482,'2020-10-30'),(707,5651,'2020-09-06'),(707,7011,'2020-04-17'),(707,7125,'2020-03-25'),(708,3999,'2020-05-14'),(708,6314,'2020-08-30'),(708,8502,'2020-01-27'),(709,725,'2021-08-06'),(709,9584,'2021-03-29'),(710,2942,'2020-06-18'),(710,4183,'2020-01-02'),(710,5119,'2021-02-20'),(710,8798,'2020-01-24'),(711,3703,'2021-05-13'),(711,7564,'2021-08-22'),(712,204,'2021-02-06'),(712,5620,'2021-05-28'),(713,3519,'2021-02-06'),(713,8926,'2021-02-08'),(714,827,'2020-06-07'),(714,3913,'2021-05-30'),(714,6213,'2020-09-19'),(714,8223,'2021-05-03'),(715,2299,'2020-12-15'),(715,7871,'2021-03-21'),(716,459,'2021-03-02'),(719,4622,'2021-09-16'),(719,7057,'2021-09-08'),(719,8937,'2020-12-29'),(719,9299,'2021-01-15'),(720,2182,'2020-10-28'),(721,8607,'2021-08-18'),(722,6295,'2021-07-19'),(722,7472,'2021-04-22'),(724,226,'2021-06-03'),(724,2786,'2021-08-11'),(724,9237,'2021-04-29'),(727,1427,'2021-02-11'),(727,1647,'2020-03-26'),(727,7858,'2020-12-11'),(728,2534,'2020-09-14'),(728,3459,'2020-11-27'),(728,6433,'2020-05-22'),(729,2685,'2020-10-14'),(729,3628,'2020-03-30'),(729,4149,'2020-10-11'),(729,7215,'2020-05-08'),(729,9011,'2020-09-22'),(730,1140,'2020-05-17'),(730,8813,'2021-04-16'),(730,9452,'2021-07-15'),(730,9464,'2021-08-24'),(731,5596,'2021-06-14'),(732,3004,'2021-04-05'),(732,7481,'2020-08-30'),(733,770,'2021-09-30'),(733,3213,'2020-05-13'),(733,3988,'2021-07-21'),(734,8505,'2020-07-26'),(735,2630,'2021-05-04'),(736,8525,'2020-11-29'),(737,1884,'2020-03-20'),(737,2704,'2021-03-30'),(737,7161,'2020-10-16'),(738,5149,'2020-10-24'),(738,7228,'2021-09-28'),(738,7727,'2021-09-30'),(739,1374,'2021-09-21'),(739,2555,'2021-05-25'),(739,6054,'2021-06-16'),(739,8641,'2021-06-23'),(740,3770,'2021-05-03'),(740,6456,'2020-01-07'),(741,472,'2021-01-16'),(741,621,'2021-01-11'),(741,1783,'2021-07-20'),(741,2942,'2020-02-27'),(741,3487,'2020-04-29'),(741,5665,'2021-03-19'),(742,3073,'2021-03-08'),(742,7837,'2020-06-08'),(743,3230,'2020-02-21'),(744,1640,'2020-06-13'),(745,2728,'2020-09-25'),(746,81,'2021-04-05'),(746,7289,'2020-09-10'),(746,8118,'2021-01-31'),(746,8266,'2021-05-26'),(747,1913,'2021-07-10'),(748,8033,'2021-06-16'),(748,8082,'2021-04-02'),(748,9672,'2020-12-24'),(749,1284,'2021-03-02'),(749,5401,'2020-04-09'),(749,5665,'2021-02-05'),(749,8912,'2020-06-14'),(749,9427,'2020-07-22'),(750,518,'2021-01-31'),(751,3772,'2021-08-30'),(751,5566,'2021-02-20'),(751,6515,'2020-05-31'),(751,6813,'2020-07-05'),(752,3761,'2021-09-03'),(752,9429,'2020-03-14'),(752,9671,'2020-03-09'),(753,1305,'2021-01-16'),(754,3247,'2020-05-18'),(754,8696,'2020-08-26'),(755,2631,'2021-04-29'),(755,3093,'2021-04-06'),(755,5294,'2020-12-23'),(755,5834,'2020-08-16'),(755,9049,'2020-10-06'),(756,1315,'2020-04-06'),(756,5878,'2020-01-24'),(757,5380,'2020-08-12'),(758,691,'2021-07-30'),(758,1724,'2020-07-25'),(758,4255,'2020-12-11'),(759,8359,'2021-05-16'),(761,162,'2021-07-30'),(761,5017,'2020-03-29'),(762,2196,'2020-07-17'),(762,8578,'2020-11-22'),(762,8982,'2020-06-21'),(762,9101,'2020-05-10'),(763,206,'2020-04-09'),(763,2978,'2020-12-24'),(763,4764,'2021-10-08'),(763,7428,'2020-05-22'),(763,7507,'2021-03-27'),(764,841,'2020-04-30'),(764,3147,'2020-07-10'),(764,6530,'2021-07-30'),(764,9410,'2020-08-24'),(765,2153,'2021-02-12'),(765,3864,'2021-02-08'),(765,7863,'2020-12-22'),(767,7996,'2020-12-06'),(768,4979,'2021-01-05'),(768,6265,'2020-04-06'),(769,5600,'2020-12-19'),(770,3914,'2020-07-16'),(772,7067,'2020-05-10'),(772,9615,'2020-10-27'),(773,4840,'2021-01-06'),(773,6444,'2021-08-01'),(774,2320,'2020-03-24'),(774,4027,'2020-11-08'),(774,4035,'2020-02-10'),(774,6116,'2021-08-24'),(774,8014,'2020-12-04'),(774,8544,'2020-12-30'),(775,513,'2021-01-28'),(775,4281,'2020-07-13'),(775,8745,'2020-07-29'),(776,2246,'2021-09-09'),(776,6331,'2021-08-21'),(776,9097,'2020-07-16'),(777,192,'2020-06-04'),(777,4232,'2021-01-16'),(777,4895,'2020-08-14'),(777,7162,'2020-04-08'),(777,7303,'2020-08-28'),(777,9178,'2020-08-12'),(778,7895,'2020-04-09'),(780,34,'2021-02-13'),(780,632,'2021-02-04'),(780,5442,'2020-02-13'),(780,5535,'2020-05-29'),(781,129,'2020-01-14'),(782,1323,'2021-10-02'),(782,4623,'2021-10-12'),(783,4118,'2021-05-13'),(783,7754,'2020-02-23'),(784,8814,'2020-08-08'),(784,9527,'2020-09-16'),(784,9639,'2020-05-25'),(785,3363,'2021-01-04'),(785,8261,'2020-06-11'),(786,398,'2020-06-16'),(786,7321,'2020-05-20'),(786,7798,'2020-11-23'),(786,8480,'2021-01-11'),(786,8663,'2020-09-12'),(787,4882,'2020-12-08'),(787,5360,'2021-03-14'),(787,6116,'2021-08-19'),(790,4739,'2021-05-02'),(790,6517,'2020-12-07'),(791,1016,'2020-10-20'),(791,6569,'2020-07-08'),(791,7656,'2021-04-03'),(791,9057,'2020-02-11'),(791,9079,'2021-07-11'),(792,1013,'2021-01-16'),(792,3309,'2020-08-01'),(792,9704,'2021-02-24'),(793,2177,'2020-09-28'),(793,3277,'2020-03-12'),(793,3889,'2020-01-08'),(793,6534,'2020-05-17'),(793,7817,'2020-11-28'),(794,7458,'2021-04-13'),(795,9817,'2020-04-19'),(796,6256,'2020-02-25'),(796,9568,'2021-05-21'),(797,1040,'2020-09-17'),(797,4075,'2020-11-20'),(797,6073,'2021-07-10'),(797,7850,'2020-06-22'),(798,649,'2021-10-01'),(798,4302,'2020-04-20'),(798,9519,'2020-09-12'),(799,3062,'2020-10-16'),(799,4064,'2020-06-22'),(799,9300,'2020-10-02'),(800,1539,'2021-08-23'),(800,1604,'2021-06-30'),(800,4534,'2021-05-31'),(800,5539,'2020-11-23'),(800,7126,'2021-10-01'),(800,7928,'2021-01-13'),(801,4210,'2020-03-09'),(802,5299,'2021-04-08'),(803,1653,'2020-05-15'),(804,881,'2020-04-26'),(805,8845,'2021-02-14'),(806,1740,'2021-08-27'),(806,7836,'2021-08-17'),(807,6753,'2020-06-05'),(808,1582,'2020-02-19'),(808,8319,'2020-09-07'),(809,3190,'2021-04-15'),(810,4019,'2021-06-27'),(810,4562,'2020-05-21'),(810,6884,'2020-01-01'),(810,7366,'2020-07-31'),(810,7891,'2021-03-31'),(810,8165,'2020-05-16'),(810,8981,'2020-10-15'),(811,9191,'2020-08-07'),(812,385,'2021-10-08'),(812,2065,'2020-05-05'),(812,2168,'2020-05-24'),(812,7605,'2020-08-23'),(812,9199,'2020-02-28'),(813,4464,'2021-04-10'),(813,7151,'2020-01-26'),(813,9641,'2020-03-13'),(814,5368,'2021-09-20'),(815,5881,'2020-10-04'),(817,4085,'2020-08-14'),(817,6537,'2020-08-09'),(817,7723,'2021-04-10'),(818,6717,'2020-03-22'),(819,8847,'2021-06-07'),(820,4877,'2021-08-20'),(820,7306,'2021-03-16'),(820,8640,'2021-01-30'),(821,608,'2020-11-07'),(822,3263,'2020-03-24'),(822,4589,'2020-11-21'),(822,6465,'2021-02-06'),(823,7105,'2021-05-29'),(823,7140,'2020-05-25'),(823,7775,'2020-11-10'),(824,2977,'2021-06-17'),(824,3665,'2021-02-12'),(824,5456,'2020-04-12'),(824,9149,'2020-05-07'),(824,9339,'2021-10-06'),(825,8712,'2021-05-14'),(826,5900,'2020-09-10'),(826,9456,'2020-12-11'),(827,5702,'2020-05-28'),(827,6193,'2021-01-29'),(828,23,'2021-03-19'),(828,846,'2020-12-01'),(828,1555,'2021-05-10'),(828,7400,'2020-02-10'),(828,7745,'2020-12-14'),(829,1948,'2021-09-18'),(829,4266,'2021-07-04'),(829,9479,'2020-12-28'),(829,9703,'2021-02-28'),(830,5391,'2020-02-25'),(830,8990,'2021-03-10'),(831,1777,'2020-01-25'),(831,2859,'2020-10-07'),(833,2743,'2020-05-27'),(833,2752,'2020-12-23'),(834,8910,'2020-08-14'),(835,904,'2020-12-02'),(835,3145,'2020-11-05'),(836,2898,'2020-09-25'),(837,3174,'2021-02-26'),(838,664,'2021-02-17'),(838,7900,'2020-04-29'),(839,1186,'2021-10-01'),(839,1190,'2020-04-16'),(841,8732,'2020-02-27'),(842,1035,'2020-06-23'),(842,5470,'2020-10-16'),(843,9736,'2021-03-22'),(844,3015,'2020-07-16'),(844,6011,'2020-05-09'),(846,3856,'2020-01-14'),(846,6783,'2020-05-05'),(846,8927,'2021-02-04'),(846,8969,'2020-12-28'),(848,3398,'2020-03-31'),(849,3176,'2020-10-30'),(849,7729,'2020-02-17'),(850,734,'2020-06-16'),(851,2168,'2020-04-29'),(851,6598,'2020-11-08'),(851,6672,'2020-11-18'),(852,6581,'2021-02-14'),(853,702,'2020-04-11'),(853,5131,'2021-02-03'),(853,9089,'2020-07-30'),(854,3516,'2020-09-13'),(854,5585,'2020-03-20'),(855,123,'2020-01-13'),(855,7319,'2020-08-01'),(856,2536,'2021-01-14'),(856,7497,'2020-08-08'),(856,9237,'2021-02-22'),(857,2608,'2020-02-16'),(857,8118,'2020-10-05'),(857,9804,'2020-01-06'),(858,6283,'2020-08-13'),(859,2777,'2020-12-22'),(859,8957,'2020-03-29'),(861,7607,'2020-02-04'),(862,1892,'2020-01-13'),(863,8062,'2021-07-28'),(864,3544,'2021-08-09'),(864,6538,'2021-01-05'),(864,7086,'2020-05-06'),(867,4460,'2020-05-31'),(867,8293,'2020-09-18'),(869,591,'2020-06-07'),(869,707,'2021-04-09'),(869,3224,'2021-02-11'),(870,704,'2021-03-31'),(870,3797,'2020-04-16'),(870,5275,'2021-02-03'),(871,3186,'2021-05-17'),(871,6574,'2020-11-17'),(871,6861,'2020-06-07'),(872,6853,'2021-08-26'),(872,8694,'2020-10-23'),(873,1454,'2021-09-24'),(873,4056,'2021-03-25'),(874,2423,'2020-01-30'),(874,8144,'2020-10-01'),(874,8219,'2021-07-03'),(875,2503,'2021-06-25'),(875,5247,'2020-09-30'),(875,7432,'2020-11-07'),(877,2794,'2020-11-11'),(877,3846,'2020-11-07'),(877,9156,'2021-03-16'),(878,19,'2021-02-08'),(878,9083,'2021-05-30'),(879,1665,'2021-09-12'),(879,4884,'2021-01-12'),(879,7859,'2021-02-07'),(880,3685,'2020-06-11'),(880,4965,'2021-02-17'),(880,7864,'2020-04-08'),(880,7923,'2021-06-20'),(881,3030,'2020-07-18'),(881,7587,'2021-07-27'),(882,682,'2020-08-30'),(882,2770,'2020-05-17'),(883,1852,'2020-06-05'),(883,4931,'2020-05-09'),(885,5669,'2020-01-05'),(885,7712,'2020-07-09'),(885,8637,'2020-12-19'),(886,4940,'2021-04-18'),(887,2206,'2020-07-09'),(887,5779,'2021-05-20'),(887,6403,'2020-09-13'),(887,9636,'2020-02-18'),(888,8773,'2020-02-06'),(889,5781,'2020-08-03'),(889,7117,'2020-04-06'),(891,2372,'2020-03-08'),(891,8500,'2020-04-19'),(891,8527,'2020-12-02'),(892,1402,'2020-03-31'),(892,5273,'2021-05-17'),(892,6888,'2021-09-30'),(894,6936,'2021-02-15'),(894,7047,'2021-05-28'),(894,7362,'2021-07-03'),(895,325,'2021-09-29'),(895,2333,'2021-02-02'),(895,4253,'2020-09-05'),(895,9535,'2021-04-11'),(898,2502,'2021-07-29'),(898,9562,'2020-08-02'),(899,122,'2021-02-12'),(899,8436,'2020-01-28'),(900,2576,'2021-04-09'),(900,3529,'2021-01-17'),(900,6052,'2021-09-25'),(900,7888,'2021-02-23'),(901,104,'2020-07-24'),(901,210,'2020-06-19'),(901,5022,'2021-01-03'),(901,8036,'2021-08-19'),(901,9286,'2020-07-08'),(902,7876,'2020-06-08'),(902,8105,'2020-11-16'),(902,8132,'2021-01-29'),(903,7795,'2021-10-12'),(903,8943,'2021-09-25'),(904,731,'2021-05-20'),(904,1581,'2020-11-20'),(904,3772,'2020-04-15'),(905,4227,'2021-03-29'),(905,7677,'2021-09-22'),(907,4592,'2020-12-31'),(908,2718,'2020-01-17'),(908,5759,'2021-06-07'),(909,331,'2021-08-01'),(909,6099,'2021-10-09'),(909,9516,'2020-11-02'),(910,1650,'2020-03-16'),(911,117,'2021-07-04'),(911,3856,'2020-11-22'),(911,9112,'2021-02-24'),(912,682,'2020-04-14'),(912,4454,'2020-01-11'),(912,7979,'2020-01-15'),(913,3018,'2021-05-26'),(913,7546,'2021-08-15'),(913,7626,'2020-05-31'),(913,9197,'2021-02-10'),(914,1468,'2020-12-13'),(914,6754,'2021-06-10'),(916,4642,'2020-04-26'),(916,8807,'2020-06-14'),(917,7292,'2020-03-27'),(918,1836,'2020-07-13'),(918,5361,'2021-08-24'),(920,9282,'2021-01-08'),(921,1687,'2020-11-09'),(921,9371,'2021-04-15'),(922,166,'2021-03-01'),(922,2645,'2021-01-25'),(924,576,'2021-02-21'),(924,1520,'2020-12-26'),(925,7088,'2021-04-04'),(926,1674,'2021-02-08'),(926,5977,'2021-01-04'),(927,1304,'2020-11-06'),(927,5700,'2020-08-19'),(927,9046,'2020-04-13'),(928,3223,'2021-05-12'),(928,5825,'2020-09-16'),(928,8617,'2021-05-11'),(929,375,'2021-01-15'),(930,82,'2020-10-18'),(931,3011,'2020-11-12'),(931,6768,'2020-02-09'),(932,875,'2021-01-03'),(932,7908,'2020-04-24'),(932,8760,'2021-07-09'),(933,3323,'2021-06-09'),(934,5891,'2020-08-24'),(934,7320,'2020-05-21'),(935,6006,'2020-10-07'),(936,3118,'2020-03-29'),(936,3592,'2020-07-09'),(936,7480,'2020-11-02'),(936,8199,'2020-01-29'),(937,1259,'2021-01-24'),(937,1955,'2020-01-02'),(937,9611,'2021-03-30'),(938,7266,'2020-08-27'),(939,7022,'2020-10-26'),(940,1501,'2020-06-10'),(940,4636,'2021-06-04'),(940,6887,'2021-06-26'),(940,9120,'2020-11-08'),(941,3123,'2021-04-01'),(941,6971,'2020-02-12'),(943,7947,'2021-04-17'),(944,3200,'2021-08-09'),(944,7570,'2021-07-01'),(944,8023,'2020-04-13'),(945,8751,'2020-03-15'),(946,1143,'2020-05-24'),(947,4330,'2020-01-23'),(948,2773,'2020-09-16'),(948,6453,'2020-01-14'),(949,1862,'2020-01-05'),(949,4651,'2021-06-16'),(950,6107,'2020-04-21'),(951,9719,'2021-06-20'),(952,849,'2020-06-25'),(952,1187,'2020-05-30'),(952,2853,'2021-07-08'),(953,1589,'2020-05-08'),(953,5392,'2021-06-28'),(954,498,'2021-03-15'),(954,1126,'2020-05-28'),(954,9831,'2020-06-18'),(955,517,'2020-11-03'),(955,1955,'2021-07-12'),(955,2975,'2020-11-18'),(955,3895,'2020-10-31'),(955,5740,'2021-07-28'),(955,8419,'2021-06-14'),(956,4912,'2020-09-26'),(956,6046,'2021-03-17'),(958,9505,'2021-02-12'),(959,7973,'2021-07-07'),(960,3716,'2020-09-30'),(960,4023,'2021-09-08'),(961,1751,'2020-03-16'),(961,3657,'2020-11-09'),(961,8620,'2020-04-21'),(962,7553,'2020-12-29'),(964,8073,'2020-03-11'),(965,4598,'2020-06-29'),(965,5583,'2021-05-12'),(966,2156,'2021-08-05'),(966,4837,'2020-09-29'),(966,4881,'2021-04-25'),(966,5024,'2020-06-12'),(966,5275,'2020-04-17'),(967,8753,'2020-12-18'),(967,9368,'2020-07-20'),(968,7214,'2021-06-30'),(970,4753,'2021-08-30'),(970,4785,'2021-02-04'),(970,6379,'2020-07-24'),(971,6798,'2020-08-05'),(972,2128,'2020-09-28'),(972,5708,'2021-01-16'),(972,7489,'2020-07-01'),(972,8141,'2020-04-12'),(974,7204,'2021-09-15'),(974,9570,'2020-04-02'),(976,2942,'2021-08-24'),(977,7666,'2020-03-28'),(977,9357,'2021-04-30'),(978,3072,'2021-01-14'),(978,8628,'2021-10-05'),(979,4944,'2021-04-03'),(980,1667,'2020-03-23'),(980,3061,'2020-08-25'),(981,2644,'2020-02-07'),(981,9812,'2020-03-08'),(982,4963,'2020-01-25'),(982,6913,'2020-11-13'),(982,8732,'2020-08-30'),(983,3578,'2020-07-13'),(984,670,'2020-03-16'),(984,1618,'2021-08-19'),(984,8107,'2021-08-02'),(984,9169,'2021-08-15'),(985,3199,'2020-05-08'),(985,5060,'2021-04-23'),(986,5291,'2021-07-09'),(986,6904,'2020-05-28'),(986,9687,'2020-07-17'),(987,5957,'2021-01-15'),(988,8728,'2021-04-11'),(989,343,'2020-01-25'),(989,3709,'2021-07-15'),(989,5094,'2021-09-29'),(989,9033,'2020-09-03'),(991,3099,'2020-07-11'),(991,4295,'2021-01-20'),(992,69,'2021-02-03'),(992,1313,'2021-01-09'),(992,3972,'2020-10-14'),(992,5652,'2020-06-05'),(992,9508,'2021-01-08'),(993,7679,'2021-07-06'),(994,300,'2020-06-12'),(994,2828,'2021-07-24'),(994,5353,'2020-12-09'),(995,2829,'2020-12-24'),(995,8420,'2020-04-03'),(995,8740,'2020-03-16'),(996,2021,'2021-01-31'),(996,7222,'2021-03-19'),(996,9008,'2020-05-28'),(997,388,'2021-06-27'),(998,2055,'2020-11-12'),(998,4938,'2021-01-04'),(999,662,'2020-01-03'),(999,3499,'2020-12-02'),(1000,3913,'2021-03-29'),(1000,5055,'2021-02-18'),(1000,6878,'2021-06-03'),(1001,6701,'2021-03-07'),(1001,8498,'2020-06-11');
/*!40000 ALTER TABLE `usersearchhistory` ENABLE KEYS */;
UNLOCK TABLES;

--
-- Table structure for table `weathertype`
--

DROP TABLE IF EXISTS `weathertype`;
/*!40101 SET @saved_cs_client     = @@character_set_client */;
/*!50503 SET character_set_client = utf8mb4 */;
CREATE TABLE `weathertype` (
  `TypeId` int NOT NULL,
  `TypeName` varchar(32) DEFAULT NULL,
  PRIMARY KEY (`TypeId`)
) ENGINE=InnoDB DEFAULT CHARSET=utf8mb4 COLLATE=utf8mb4_0900_ai_ci;
/*!40101 SET character_set_client = @saved_cs_client */;

--
-- Dumping data for table `weathertype`
--

LOCK TABLES `weathertype` WRITE;
/*!40000 ALTER TABLE `weathertype` DISABLE KEYS */;
INSERT INTO `weathertype` VALUES (1,'Fog'),(2,'Rain'),(3,'Snow'),(4,'Precipitation'),(5,'Cold'),(6,'Storm'),(7,'Hail'),(8,'awmier'),(9,'asivqr'),(10,'zkvufq'),(11,'amqmgb'),(12,'luyfpb'),(13,'dieiot'),(14,'egxopv'),(15,'jbdrsh'),(16,'nlsfmu'),(17,'ujzscu'),(18,'svjrrs'),(19,'eseqzl'),(20,'stjnvs'),(21,'kjwkmo'),(22,'spqcdn'),(23,'wtciph'),(24,'qcrzbp'),(25,'whilnd'),(26,'yixzvp'),(27,'qifeyw'),(28,'urfuqq'),(29,'qrfbvw'),(30,'pyvqol'),(31,'pgisnp'),(32,'ifzmbz'),(33,'pjwzab'),(34,'mbwcap'),(35,'sqxcys'),(36,'ntfqwk'),(37,'tehcgl'),(38,'pkcmwp'),(39,'vyjxwo'),(40,'popysr'),(41,'myhxdk'),(42,'wqlbuw'),(43,'lfldis'),(44,'grscob'),(45,'tyvwwm'),(46,'lfdysh'),(47,'xesenj'),(48,'tzcpqv'),(49,'hngqhm'),(50,'sptqbq'),(51,'pzaiil'),(52,'agiywx'),(53,'oyropw'),(54,'lmxeim'),(55,'lvhnat'),(56,'urodex'),(57,'ysxmdx'),(58,'vzygbk'),(59,'lfogpb'),(60,'zjnqxk'),(61,'cyzegl'),(62,'aldsei'),(63,'algihp'),(64,'hhozyt'),(65,'mprlcs'),(66,'iwbsrw'),(67,'yjdzfv'),(68,'smeoms'),(69,'kemlmf'),(70,'oqbyzo'),(71,'kyzmtu'),(72,'ngovec'),(73,'dttqko'),(74,'dnygwn'),(75,'xwgymu'),(76,'ltnnci'),(77,'rhkvxw'),(78,'ngclbf'),(79,'mkjkgy'),(80,'ueaghk'),(81,'bzaofk'),(82,'czfqup'),(83,'bpyflf'),(84,'mkpfgl'),(85,'tdjjdb'),(86,'zxwshu'),(87,'ytiizv'),(88,'qhilaf'),(89,'lbovli'),(90,'fplttt'),(91,'zozylh'),(92,'atlhwr'),(93,'ovifhe'),(94,'chjzbw'),(95,'cirhjz'),(96,'bpndec'),(97,'qebgbn'),(98,'luusxm'),(99,'refpjf'),(100,'qjtcya'),(101,'pcfnjz'),(102,'ilferi'),(103,'qxntxa'),(104,'bemqae'),(105,'lctyqc'),(106,'vkfklq'),(107,'fuyjzu'),(108,'wyweat'),(109,'ccasoo'),(110,'ygjmol'),(111,'foabkx'),(112,'yfqyoh'),(113,'obdtfj'),(114,'adiwzt'),(115,'szjdmk'),(116,'clyeuz'),(117,'bgfsxm'),(118,'hwursc'),(119,'qequha'),(120,'slhpru'),(121,'prysqw'),(122,'utirdm'),(123,'znagah'),(124,'kxntzt'),(125,'xupfkf'),(126,'ijublr'),(127,'ylqghm'),(128,'gndzpb'),(129,'ulamag'),(130,'vqamzy'),(131,'jzzryu'),(132,'zjyfmm'),(133,'opsibs'),(134,'zixiof'),(135,'qqptak'),(136,'vpxwft'),(137,'qqcmrj'),(138,'vjgznu'),(139,'wwetpe'),(140,'newafo'),(141,'oikevl'),(142,'ffgfzt'),(143,'zyeqkb'),(144,'okhzca'),(145,'vpvuho'),(146,'cfewkw'),(147,'ezlngq'),(148,'zwbfua'),(149,'nwgdnj'),(150,'nztfiu'),(151,'deogno'),(152,'ipafvk'),(153,'qlamej'),(154,'caygoo'),(155,'ayfrnd'),(156,'szrtev'),(157,'leopvp'),(158,'mzfvrs'),(159,'htmvuc'),(160,'oyfxql'),(161,'kuozgq'),(162,'efsulc'),(163,'awhstd'),(164,'ymokzh'),(165,'idoeff'),(166,'jcjvcv'),(167,'bhqjme'),(168,'gxyjex'),(169,'mzcvzt'),(170,'xudhul'),(171,'fkcpuu'),(172,'drcnuo'),(173,'xpyrvo'),(174,'gdmket'),(175,'vjkizq'),(176,'gihxkc'),(177,'chlmam'),(178,'qmtjcu'),(179,'ommpbo'),(180,'bpelfc'),(181,'njvdzw'),(182,'zdiuod'),(183,'qdjteh'),(184,'lboufx'),(185,'cyyffa'),(186,'gzctgo'),(187,'icddhm'),(188,'ezsanq'),(189,'flhbny'),(190,'pbpyoh'),(191,'nplhxi'),(192,'eptxzq'),(193,'yqslog'),(194,'odgwew'),(195,'tkdcvk'),(196,'fncois'),(197,'zekuhl'),(198,'mftqbx'),(199,'bggzrc'),(200,'yroept'),(201,'kklpkt'),(202,'xrjbin'),(203,'suwrfm'),(204,'mxdczs'),(205,'fgbkxt'),(206,'dvjrmr'),(207,'unmvgj'),(208,'ffkfgi'),(209,'anxmes'),(210,'jmachs'),(211,'xzwbbi'),(212,'pyjrcw'),(213,'pcqzmr'),(214,'cvbfdw'),(215,'rhcsuo'),(216,'hocxcf'),(217,'ohayfe'),(218,'tberyv'),(219,'gkbfsw'),(220,'musenu'),(221,'tgejhh'),(222,'zblwfk'),(223,'emcmag'),(224,'hqjzxz'),(225,'aubdxo'),(226,'amawuh'),(227,'svofpp'),(228,'fnxsxx'),(229,'ffbfgy'),(230,'tknudh'),(231,'ebmwnd'),(232,'uwzyht'),(233,'aupzbc'),(234,'arnujb'),(235,'nhrahr'),(236,'birjhf'),(237,'jtlclf'),(238,'rdzefw'),(239,'xguslb'),(240,'vempkp'),(241,'aorupo'),(242,'ttwthd'),(243,'ntoewq'),(244,'jqfbyy'),(245,'pgsvrr'),(246,'ouyisa'),(247,'tysqoq'),(248,'dfyqdg'),(249,'bjktww'),(250,'ymscrk'),(251,'ofuuim'),(252,'zuwgbw'),(253,'ygualz'),(254,'jcsneu'),(255,'yshzsh'),(256,'mhmmum'),(257,'yzbyzb'),(258,'qxwxbe'),(259,'wlwgid'),(260,'gyypjg'),(261,'mgehwj'),(262,'fqzlyo'),(263,'abridp'),(264,'enqrcg'),(265,'wcrrnj'),(266,'hcjqrw'),(267,'knrsqv'),(268,'guxysj'),(269,'iqanzc'),(270,'rqjjpp'),(271,'llnxsf'),(272,'qdygpu'),(273,'jnjeyb'),(274,'iyxmcp'),(275,'mpdbox'),(276,'sprzjn'),(277,'yorwnh'),(278,'gsrjmf'),(279,'tgfzzc'),(280,'gqplqo'),(281,'daeyym'),(282,'wgqndi'),(283,'pybndu'),(284,'qxbqmc'),(285,'itjogj'),(286,'jowjqy'),(287,'dzpapt'),(288,'tyuieu'),(289,'cpyaau'),(290,'sclulg'),(291,'rvgorr'),(292,'solxye'),(293,'xijfny'),(294,'rzziaf'),(295,'oqyjzf'),(296,'eeqinc'),(297,'amvdcg'),(298,'ituifh'),(299,'atlsai'),(300,'nzmpmy'),(301,'tutpxg'),(302,'whkrgy'),(303,'cweicd'),(304,'qgnqah'),(305,'wneyus'),(306,'pvhnbl'),(307,'tdbwhe'),(308,'zfrsst'),(309,'enukxd'),(310,'vxdkiw'),(311,'ysetkx'),(312,'hysuco'),(313,'hujotq'),(314,'xkgrjr'),(315,'ilteia'),(316,'mzlndp'),(317,'vtuobm'),(318,'rdmzwg'),(319,'tuwmfa'),(320,'semqjj'),(321,'wmltyy'),(322,'jgnrkb'),(323,'zdnqdt'),(324,'tflvts'),(325,'gnapya'),(326,'wwbjfr'),(327,'lhdvis'),(328,'xskmea'),(329,'cbifxm'),(330,'pfvbtg'),(331,'mpeqif'),(332,'siazsp'),(333,'bqbozu'),(334,'knkfsk'),(335,'etfkdd'),(336,'khddyw'),(337,'gqpdea'),(338,'yloczh'),(339,'xjddou'),(340,'dlzwvw'),(341,'konzlm'),(342,'wegslh'),(343,'fvwtsn'),(344,'qkjqgt'),(345,'ciifhn'),(346,'poteia'),(347,'zudfxw'),(348,'nxlzxz'),(349,'alnvzs'),(350,'usbyjs'),(351,'vqdhad'),(352,'fzvknu'),(353,'pcugad'),(354,'fpoxax'),(355,'lhaozu'),(356,'mrugou'),(357,'fahpov'),(358,'wtzisn'),(359,'qdpbcg'),(360,'wlweha'),(361,'kvygpe'),(362,'uukztv'),(363,'bgwgni'),(364,'qjdivg'),(365,'gytdtt'),(366,'vbwqgb'),(367,'prlkey'),(368,'fohkrs'),(369,'axbyso'),(370,'ecjlnq'),(371,'xzlaro'),(372,'ynilfg'),(373,'fmlhge'),(374,'djffej'),(375,'rvfpbs'),(376,'rdqfmk'),(377,'ofjnrr'),(378,'oogpxt'),(379,'lzdiod'),(380,'cuqlbz'),(381,'coxfqj'),(382,'uaokvy'),(383,'qbbeuf'),(384,'lvmkwv'),(385,'eoaycb'),(386,'yjmmyt'),(387,'ldlbyt'),(388,'ikbmhu'),(389,'fgtisf'),(390,'relzdz'),(391,'grmpwn'),(392,'kvyixy'),(393,'asylxy'),(394,'ijxdye'),(395,'qunbmi'),(396,'muxyqf'),(397,'pchtgb'),(398,'tnkjkk'),(399,'ddvnjz'),(400,'mosxuv'),(401,'wvdwoh'),(402,'ebnnuq'),(403,'pgvpvy'),(404,'uksaju'),(405,'jxrzyy'),(406,'ipiqqs'),(407,'bqvtut'),(408,'dsuwza'),(409,'hkvsqx'),(410,'wvvbnu'),(411,'prjida'),(412,'natcwh'),(413,'pfkbnm'),(414,'hycudr'),(415,'tgvsgj'),(416,'kaqbou'),(417,'zlqzti'),(418,'jhdzqc'),(419,'wcvjje'),(420,'fyglbg'),(421,'udoesb'),(422,'pnyeez'),(423,'hgswgp'),(424,'ilwfmb'),(425,'mggaqy'),(426,'ktjiup'),(427,'nmswof'),(428,'oqxdfc'),(429,'qtpjui'),(430,'dviuus'),(431,'kgggcs'),(432,'whlxsw'),(433,'apftus'),(434,'xtuezm'),(435,'jyroah'),(436,'mdzosa'),(437,'ueqdvc'),(438,'ugxujk'),(439,'plazbq'),(440,'uemyow'),(441,'hjoyyn'),(442,'iwqgkw'),(443,'bxtvjg'),(444,'ehgnba'),(445,'bzavtv'),(446,'ehxkld'),(447,'eywphu'),(448,'vmjanm'),(449,'wrqbxf'),(450,'edhdsi'),(451,'qxvgkw'),(452,'ziertq'),(453,'qqvaly'),(454,'cuqtpd'),(455,'lrxpgn'),(456,'sehxpa'),(457,'algnjd'),(458,'boepzl'),(459,'ilumfe'),(460,'xigrjg'),(461,'lzkpbo'),(462,'igvqrk'),(463,'sgcwaa'),(464,'lbqozt'),(465,'spuunv'),(466,'lrkswf'),(467,'yiyyqe'),(468,'twscee'),(469,'cspnhb'),(470,'pbkjea'),(471,'ljbago'),(472,'uzeqtm'),(473,'ammosh'),(474,'zeataj'),(475,'ufwimt'),(476,'bkvbap'),(477,'toyisa'),(478,'pwqehx'),(479,'dgxwkj'),(480,'szhgwm'),(481,'rawrvj'),(482,'pdumdh'),(483,'oduztm'),(484,'edxaxu'),(485,'vjrewt'),(486,'ixobyd'),(487,'mbzfwz'),(488,'uempqm'),(489,'yozbgx'),(490,'wabxet'),(491,'qudsfs'),(492,'telvgk'),(493,'hxemjc'),(494,'brdbnq'),(495,'hpjgjn'),(496,'majxtc'),(497,'tqhkll'),(498,'tccgfe'),(499,'ssvekw'),(500,'kopdxz'),(501,'vtugas'),(502,'ebadar'),(503,'lbmkok'),(504,'eplybr'),(505,'gtzzin'),(506,'dqijjq'),(507,'nmdusz'),(508,'whclgp'),(509,'thhrpe'),(510,'tyydth'),(511,'blsogo'),(512,'yeejoi'),(513,'qymgix'),(514,'hhdjkq'),(515,'jtpcnw'),(516,'zrlzmr'),(517,'myqayp'),(518,'mazbbz'),(519,'gjzyaa'),(520,'bwmphf'),(521,'fxhyej'),(522,'bsuptc'),(523,'fzjxfe'),(524,'morvnj'),(525,'pqowku'),(526,'dbzjhw'),(527,'bpovwl'),(528,'zrbyiu'),(529,'xomloo'),(530,'fyyixp'),(531,'wbekgm'),(532,'rhbnpo'),(533,'sobxdd'),(534,'bujiyz'),(535,'vbxmjj'),(536,'gxjquy'),(537,'jwduaz'),(538,'fosnfy'),(539,'ctkmnf'),(540,'sxdbtx'),(541,'szmvsl'),(542,'vfqqom'),(543,'mhbiut'),(544,'fyejmi'),(545,'xopdkk'),(546,'efqkss'),(547,'fzxnel'),(548,'ekdgyz'),(549,'sfafni'),(550,'sghhty'),(551,'vmenpy'),(552,'tjeple'),(553,'blfpgg'),(554,'ulyldi'),(555,'qeyirh'),(556,'izdegx'),(557,'kyqikq'),(558,'osgzvv'),(559,'axvxzs'),(560,'azojde'),(561,'uxxwmd'),(562,'lvzjab'),(563,'xpngme'),(564,'weasav'),(565,'lgsesl'),(566,'mtinvh'),(567,'yojqox'),(568,'hcfaeo'),(569,'kyklft'),(570,'mskwij'),(571,'dszpem'),(572,'kqecaa'),(573,'iotqgh'),(574,'ljbbxw'),(575,'ubdjak'),(576,'odkotg'),(577,'lxwoxk'),(578,'evhcfz'),(579,'yoktfm'),(580,'akuzok'),(581,'tlawac'),(582,'qbbmed'),(583,'lhqiqm'),(584,'kzoift'),(585,'mhgpnx'),(586,'cjrsww'),(587,'iheobe'),(588,'ifadjs'),(589,'bolrhh'),(590,'yevlcd'),(591,'slvlmw'),(592,'fymang'),(593,'avtuoj'),(594,'jtqwnx'),(595,'zpwfqj'),(596,'bdionu'),(597,'qfngzq'),(598,'jpfdgj'),(599,'pehmkf'),(600,'jkuufn'),(601,'ipmnwp'),(602,'cteqdw'),(603,'bjwbwo'),(604,'kcihya'),(605,'bgwcio'),(606,'gsykgq'),(607,'nvlbcj'),(608,'kvprvk'),(609,'pjzpdp'),(610,'kmjxsh'),(611,'kmxzpd'),(612,'bnmwnh'),(613,'ttvubc'),(614,'hjirkc'),(615,'vooirx'),(616,'hashua'),(617,'zocria'),(618,'itagtp'),(619,'mcwomh'),(620,'zuxvio'),(621,'wnkmnp'),(622,'fqpznj'),(623,'ktilrh'),(624,'kayewd'),(625,'uzdikl'),(626,'pqyhib'),(627,'uuzcpl'),(628,'iknidh'),(629,'vfjplr'),(630,'pjeqrj'),(631,'nwrcgc'),(632,'urjbwd'),(633,'vdsfcj'),(634,'bucijt'),(635,'mradvh'),(636,'clrzir'),(637,'lhboju'),(638,'itijbh'),(639,'jlwpzc'),(640,'njgepj'),(641,'etdrej'),(642,'bcqssz'),(643,'ygnxiq'),(644,'eqgzcc'),(645,'bplupw'),(646,'zqogmj'),(647,'nmrqya'),(648,'iyeuxh'),(649,'bindle'),(650,'tfjrfr'),(651,'ahjocs'),(652,'izfubz'),(653,'dsvycl'),(654,'mcanjv'),(655,'vrvzad'),(656,'uwaixv'),(657,'lyvtzs'),(658,'eglxrd'),(659,'xqqiqy'),(660,'lpfgaz'),(661,'hyivvt'),(662,'axopfk'),(663,'nzvfje'),(664,'haztme'),(665,'fwmpht'),(666,'qohjnh'),(667,'yaxysd'),(668,'kynnys'),(669,'xqexqe'),(670,'lheiri'),(671,'cwegdi'),(672,'tysmoc'),(673,'qghpbx'),(674,'ixycaa'),(675,'fwvktj'),(676,'xjustf'),(677,'slzwfi'),(678,'qpyrey'),(679,'oawpmd'),(680,'pjvxor'),(681,'kdcdhh'),(682,'jqzvzw'),(683,'itnnjg'),(684,'oyihky'),(685,'ufuudm'),(686,'ignwus'),(687,'hirnxf'),(688,'edaqek'),(689,'yufgzv'),(690,'ccxnad'),(691,'mktrpb'),(692,'vwkcfw'),(693,'paages'),(694,'wtojax'),(695,'xfcbyg'),(696,'wuwmcu'),(697,'wmjjxn'),(698,'docqnh'),(699,'hlaujo'),(700,'pcgcrw'),(701,'urzngq'),(702,'tsriwp'),(703,'wugwxk'),(704,'kwhppc'),(705,'yvbpam'),(706,'lcwvbv'),(707,'lgszdk'),(708,'jydpdh'),(709,'qucirl'),(710,'lwxudo'),(711,'lqwycm'),(712,'sjlmrf'),(713,'cwgyqd'),(714,'eftmwt'),(715,'futnzi'),(716,'ztfrdf'),(717,'vgxhke'),(718,'vzfnhd'),(719,'scblgj'),(720,'gfogco'),(721,'ukpdds'),(722,'fncfwe'),(723,'vdgraq'),(724,'kysgsa'),(725,'izeqss'),(726,'smlonp'),(727,'xtyxgn'),(728,'ptbsfo'),(729,'rgjwqh'),(730,'bcitwx'),(731,'nnjaqx'),(732,'jimsnj'),(733,'ifucon'),(734,'meyjgb'),(735,'rkjkjt'),(736,'icorck'),(737,'rwhiai'),(738,'tzlgzu'),(739,'mqtczp'),(740,'tckkkw'),(741,'zbcynd'),(742,'aqitmd'),(743,'bjlxdv'),(744,'xhresb'),(745,'rumjeb'),(746,'jvkkae'),(747,'gllvkv'),(748,'mgjrto'),(749,'kslxsb'),(750,'eevafe'),(751,'qqacqe'),(752,'gyyfbe'),(753,'edttik'),(754,'tyfeyu'),(755,'dhdolr'),(756,'cptmyk'),(757,'fyldqk'),(758,'xoayej'),(759,'flcous'),(760,'drxzsd'),(761,'zshmcl'),(762,'niqmas'),(763,'ktrvzf'),(764,'sparfi'),(765,'hiwtsx'),(766,'hzmmij'),(767,'blyiuv'),(768,'uqubcw'),(769,'yyesoz'),(770,'hwlumi'),(771,'wukckq'),(772,'maczps'),(773,'plixkm'),(774,'nsskva'),(775,'arivow'),(776,'ahgbsy'),(777,'iuikcx'),(778,'skufqh'),(779,'iogsem'),(780,'bwngho'),(781,'bltlqa'),(782,'idhbig'),(783,'kfdhhq'),(784,'wsrxsw'),(785,'ywgjph'),(786,'enhjtu'),(787,'aprpwn'),(788,'uisfgd'),(789,'cugwbd'),(790,'xzhwsl'),(791,'uoiipa'),(792,'odxeyf'),(793,'qihqxk'),(794,'xzbhsa'),(795,'wrkngl'),(796,'esozgq'),(797,'saxusn'),(798,'eiixkx'),(799,'jhinng'),(800,'cphpzf'),(801,'isnakd'),(802,'fmluxb'),(803,'tsxxhj'),(804,'fsaqsq'),(805,'frndvo'),(806,'absmbk'),(807,'hfluyt'),(808,'tonwsd'),(809,'obhtmu'),(810,'fxpcrz'),(811,'roglih'),(812,'wfhujy'),(813,'poxljh'),(814,'mqwvyj'),(815,'ufntbs'),(816,'lmykxa'),(817,'swrucd'),(818,'xhveao'),(819,'xsuhnp'),(820,'brfuqs'),(821,'dbcybe'),(822,'kvvhbe'),(823,'iqdczj'),(824,'ozzdej'),(825,'fgdybr'),(826,'zfnuik'),(827,'nbyjas'),(828,'clztfu'),(829,'ogppwf'),(830,'wipexz'),(831,'hsznip'),(832,'otcjuy'),(833,'qoycfq'),(834,'ckxmbf'),(835,'luyxbi'),(836,'ymoqef'),(837,'dtjyse'),(838,'hucmzl'),(839,'icjwxb'),(840,'lxkjkp'),(841,'vobzvs'),(842,'glqcju'),(843,'mhpknj'),(844,'erwanm'),(845,'fnxfdy'),(846,'nfebeh'),(847,'fvldbu'),(848,'hgjtwc'),(849,'txievl'),(850,'wiownv'),(851,'wkbnul'),(852,'ehriwj'),(853,'rodlld'),(854,'gnuwxs'),(855,'jucncy'),(856,'ekwrwu'),(857,'zdfjdz'),(858,'haibtl'),(859,'kzvbvf'),(860,'wvxenh'),(861,'hmkfwq'),(862,'wtgpmy'),(863,'rbhudt'),(864,'mvuisl'),(865,'wuuwhx'),(866,'fdrptp'),(867,'dxxuye'),(868,'sljihm'),(869,'uhahju'),(870,'vvcepn'),(871,'iwmzsl'),(872,'uqfsnb'),(873,'vbhtqp'),(874,'kavgfl'),(875,'maokfi'),(876,'dfitga'),(877,'mndkka'),(878,'zagien'),(879,'lsdyyt'),(880,'fbpxgs'),(881,'avctop'),(882,'dfafdo'),(883,'yuwreo'),(884,'cbmgmp'),(885,'swntbn'),(886,'xpctrc'),(887,'tqtdiv'),(888,'wbpcvf'),(889,'odvkju'),(890,'geqobv'),(891,'igtwpj'),(892,'qsdugf'),(893,'wcvfbt'),(894,'onmnyv'),(895,'kqskck'),(896,'luojlk'),(897,'znfpbx'),(898,'xowqvq'),(899,'xgclat'),(900,'hefrsb'),(901,'fscqna'),(902,'zlpaom'),(903,'yultrz'),(904,'lieqxa'),(905,'ilcxyr'),(906,'cucffn'),(907,'hempls'),(908,'hkmbml'),(909,'ujcjln'),(910,'hfqxmu'),(911,'aogrxi'),(912,'ndoclp'),(913,'xuulii'),(914,'zosjhe'),(915,'gofacs'),(916,'nbopzp'),(917,'pjraer'),(918,'vylhei'),(919,'yfqkge'),(920,'vepdhx'),(921,'woqddv'),(922,'qzelkr'),(923,'zuclzh'),(924,'fmakng'),(925,'lbqpfn'),(926,'lrstol'),(927,'fyxhps'),(928,'vrjfox'),(929,'xbueok'),(930,'liegev'),(931,'fyceat'),(932,'bomasz'),(933,'xdmkji'),(934,'qrgsbv'),(935,'chsjwo'),(936,'epavjj'),(937,'lbtnsk'),(938,'txdbof'),(939,'pasxkq'),(940,'rpijuh'),(941,'gqmmne'),(942,'gqqkhq'),(943,'yaguih'),(944,'ujxczo'),(945,'ihnffc'),(946,'lijgzh'),(947,'kitlyk'),(948,'scabzz'),(949,'ahzgtt'),(950,'ccaqrd'),(951,'bddzdy'),(952,'ukzdmd'),(953,'rpqlav'),(954,'uguffi'),(955,'feovot'),(956,'syuetp'),(957,'ehioqo'),(958,'vatvkv'),(959,'rrpflp'),(960,'mgavgu'),(961,'heruaw'),(962,'zwqmto'),(963,'bkilzf'),(964,'bfoirv'),(965,'bhhagh'),(966,'ewnlnz'),(967,'hbesby'),(968,'unhpan'),(969,'cypzmv'),(970,'rcaaup'),(971,'qgowas'),(972,'yeoygn'),(973,'bxnijb'),(974,'ngsdff'),(975,'zanoyy'),(976,'iqbaqm'),(977,'gqlnnk'),(978,'bunnau'),(979,'atnkxf'),(980,'oxqxgr'),(981,'svnaoy'),(982,'mgffgm'),(983,'htejdo'),(984,'vayhes'),(985,'wvfnlj'),(986,'vmswfa'),(987,'wxmyvl'),(988,'lumumt'),(989,'kflnaw'),(990,'crsqht'),(991,'eqmlny'),(992,'sjlkzf'),(993,'fmyiic'),(994,'hqqvbn'),(995,'lhatks'),(996,'lzyalz'),(997,'kcpjcf'),(998,'qqqyqb'),(999,'sotzvs'),(1000,'owupdp'),(1001,'uazpjm'),(1002,'rogstj'),(1003,'nnqydd'),(1004,'ociijt');
/*!40000 ALTER TABLE `weathertype` ENABLE KEYS */;
UNLOCK TABLES;
/*!40103 SET TIME_ZONE=@OLD_TIME_ZONE */;

/*!40101 SET SQL_MODE=@OLD_SQL_MODE */;
/*!40014 SET FOREIGN_KEY_CHECKS=@OLD_FOREIGN_KEY_CHECKS */;
/*!40014 SET UNIQUE_CHECKS=@OLD_UNIQUE_CHECKS */;
/*!40101 SET CHARACTER_SET_CLIENT=@OLD_CHARACTER_SET_CLIENT */;
/*!40101 SET CHARACTER_SET_RESULTS=@OLD_CHARACTER_SET_RESULTS */;
/*!40101 SET COLLATION_CONNECTION=@OLD_COLLATION_CONNECTION */;
/*!40111 SET SQL_NOTES=@OLD_SQL_NOTES */;

-- Dump completed on 2021-10-15  9:57:57
