785,2953,2020-04-08
830,5386,2020-09-10
862,9226,2020-05-02
661,9724,2021-08-12
887,2261,2021-02-14
919,7424,2020-08-04
144,941,2021-04-30
946,6723,2021-02-08
663,6008,2021-09-13
639,1781,2021-06-23
145,6238,2021-08-06
710,3269,2020-09-21
302,10,2020-01-05
778,7368,2020-12-27
270,663,2021-02-05
590,2332,2020-08-29
417,5019,2020-11-20
922,8965,2021-02-14
72,1999,2020-01-05
612,1592,2021-04-26
817,880,2020-01-01
840,9696,2020-03-21
671,6400,2020-08-15
515,8146,2020-04-02
972,1396,2020-10-11
277,3433,2020-04-27
541,1966,2021-09-20
59,23,2020-12-19
950,2726,2021-03-07
797,3789,2021-02-01
959,5885,2021-07-05
793,7961,2020-03-22
162,701,2020-01-31
348,2211,2021-06-08
323,4527,2021-06-03
744,3251,2020-12-04
586,3070,2020-05-08
608,3668,2021-04-07
200,84,2021-02-12
607,3019,2020-12-04
900,7326,2020-03-06
589,8593,2020-08-19
510,5246,2021-05-05
789,7132,2021-08-11
882,2965,2021-06-30
209,6564,2020-07-13
580,9361,2020-04-03
947,6097,2021-02-17
940,4137,2021-05-05
674,5693,2021-02-06
864,9116,2020-01-15
278,5685,2020-09-08
634,6984,2021-07-16
986,5091,2020-10-29
274,6313,2020-11-01
713,3827,2021-02-11
356,1357,2020-08-09
783,7542,2020-08-30
590,355,2020-05-20
549,1018,2020-02-15
232,7526,2021-06-05
932,8864,2021-05-29
265,3878,2021-09-07
853,2452,2021-05-20
187,3726,2021-07-16
151,8383,2020-11-01
932,6931,2021-08-06
227,6934,2021-01-28
777,3294,2020-01-15
500,9137,2021-07-14
560,9604,2021-06-16
976,3624,2021-05-22
238,4665,2020-11-13
224,3586,2021-06-09
438,190,2020-07-30
91,3326,2020-04-13
403,9544,2021-03-26
25,1699,2020-11-19
586,4655,2020-11-27
478,3214,2020-10-16
700,9332,2020-05-18
390,2823,2021-07-07
542,3398,2021-10-10
195,7691,2021-01-13
663,6621,2020-12-08
690,1218,2021-04-19
747,6686,2021-07-18
761,4938,2020-10-30
674,266,2020-02-10
665,3693,2020-04-19
779,5345,2021-05-25
871,3422,2021-03-29
173,4352,2021-09-15
323,4702,2021-02-10
995,6374,2021-01-24
233,6264,2020-03-25
655,4777,2021-04-20
851,1984,2021-01-31
442,7867,2020-06-07
182,3788,2020-08-15
876,640,2020-05-02
137,1745,2020-05-14
252,2099,2021-02-12
10,9645,2020-04-22
591,7432,2020-09-28
163,6249,2020-08-07
359,1522,2020-09-06
742,8844,2020-03-21
619,8344,2021-07-02
713,9156,2021-06-09
902,9277,2021-06-13
415,4056,2020-04-22
100,9619,2021-06-25
1000,7387,2020-06-29
865,4714,2021-09-22
967,6219,2020-07-25
258,5483,2021-07-16
634,5276,2021-08-10
943,979,2021-09-03
839,1895,2021-05-28
561,4565,2021-02-11
828,9428,2020-09-27
563,5815,2020-07-23
346,2893,2020-12-26
330,2775,2020-11-07
842,8162,2020-10-26
185,3616,2020-06-12
923,9796,2020-06-26
53,7276,2021-03-31
716,69,2020-11-24
383,8050,2020-07-02
356,3766,2020-02-11
575,7204,2020-07-16
362,2345,2021-02-22
699,2656,2021-03-31
426,7,2021-01-20
807,7431,2020-05-01
189,5215,2021-06-26
124,4910,2021-01-09
672,4117,2021-03-05
275,396,2021-05-04
272,2391,2020-02-15
486,6030,2020-05-02
756,4238,2021-07-29
244,6363,2020-08-17
268,5425,2020-12-22
994,189,2020-11-23
35,4692,2020-08-09
689,3875,2020-12-03
217,1163,2021-09-11
38,6412,2021-04-07
166,481,2021-02-25
436,3983,2020-02-03
977,4712,2021-05-24
513,9147,2021-09-17
328,1841,2020-11-26
23,9591,2020-02-22
211,8176,2020-12-10
340,853,2020-11-12
609,1020,2020-11-26
542,5495,2020-11-27
237,2545,2020-01-24
502,125,2020-01-05
552,5753,2021-10-05
212,180,2020-04-17
458,5263,2020-10-13
807,6594,2020-06-10
242,6209,2020-04-14
714,6867,2021-03-31
635,3684,2020-07-28
914,3525,2021-01-17
428,6709,2021-03-20
311,1228,2020-11-09
196,6349,2020-11-24
781,9626,2020-12-27
109,5609,2020-04-08
984,7101,2021-02-18
697,7298,2020-11-14
439,9442,2021-08-04
553,3477,2020-06-06
632,9126,2020-10-23
931,4055,2020-04-21
900,1410,2020-08-01
509,1237,2021-03-06
460,2958,2020-08-11
627,2956,2020-01-03
263,4966,2020-11-25
60,4783,2020-07-23
201,3890,2020-11-03
842,8556,2020-12-17
218,863,2021-09-09
82,8109,2021-02-14
39,8026,2020-11-26
528,1754,2021-10-01
598,1634,2021-09-06
234,1920,2020-04-21
158,3968,2020-08-10
681,422,2020-10-25
990,5459,2020-12-14
116,2929,2020-05-23
638,4791,2020-04-29
283,5297,2021-05-13
420,8689,2020-12-30
892,5331,2021-06-29
255,3074,2020-06-09
643,7471,2021-06-07
188,894,2021-02-03
919,7580,2021-09-05
324,9727,2021-03-27
839,6971,2020-10-07
907,6607,2020-02-23
339,6986,2020-12-13
479,9844,2020-04-15
57,7121,2021-06-26
529,8602,2020-05-16
669,4279,2020-01-29
245,3403,2020-01-19
212,9819,2020-04-01
491,3722,2020-11-01
445,5613,2021-06-09
95,2275,2020-06-28
522,8287,2020-01-14
357,5574,2020-05-27
809,6981,2021-01-31
667,3922,2020-08-02
39,2959,2020-01-24
648,3348,2021-04-01
637,1629,2021-05-23
267,628,2021-09-21
901,5628,2021-08-11
511,5576,2020-11-10
526,5975,2020-10-27
616,8080,2020-08-18
387,2727,2021-09-23
13,947,2020-05-25
752,4293,2021-01-30
699,8867,2020-07-24
228,6097,2020-01-13
443,1155,2021-04-15
66,8784,2021-09-06
205,748,2020-06-02
107,2237,2020-10-10
882,1264,2021-01-31
956,9198,2020-02-10
650,1866,2021-09-04
124,7906,2020-10-07
288,800,2020-08-19
677,902,2021-05-08
119,5025,2020-06-28
517,2338,2021-03-12
969,1017,2020-12-19
922,5471,2021-04-12
809,2507,2020-04-22
901,5429,2020-06-11
709,8032,2021-02-25
52,8342,2021-08-04
461,1888,2021-05-25
40,7607,2021-08-08
799,1394,2021-09-29
593,5908,2021-07-15
204,4854,2020-08-10
847,7696,2020-01-14
447,52,2020-04-18
305,1538,2021-01-09
662,5571,2021-04-15
557,805,2021-07-20
255,7155,2021-04-17
634,4070,2021-02-15
429,5468,2020-05-21
191,4997,2020-06-26
296,9675,2021-03-23
797,6129,2021-05-10
439,2221,2021-01-01
870,7698,2021-07-16
392,2452,2021-10-01
107,3513,2021-03-12
805,406,2021-06-11
182,834,2021-01-02
975,4415,2021-06-23
476,2659,2020-03-09
405,721,2021-06-19
133,5266,2021-08-28
776,5896,2020-02-27
451,4465,2020-07-18
699,5258,2020-07-01
879,342,2021-08-21
688,336,2020-12-08
300,971,2020-08-11
654,3705,2021-10-04
268,3830,2021-10-04
524,4129,2021-01-21
703,9,2020-03-07
250,2020,2021-04-22
863,6883,2020-11-10
27,8793,2021-05-12
928,4109,2020-09-07
864,9215,2021-09-02
910,6759,2020-01-18
329,1042,2020-02-05
756,4991,2020-08-31
77,5355,2021-07-08
959,9203,2020-05-28
172,7331,2021-01-12
362,2652,2020-08-31
704,9467,2021-02-05
45,7806,2020-06-23
917,7955,2020-11-24
953,8926,2020-03-20
147,1540,2020-05-03
972,2374,2020-06-01
88,6128,2020-09-21
430,5620,2021-04-09
702,4150,2020-09-28
620,3014,2020-09-15
664,9765,2021-10-13
134,4120,2021-09-07
708,5421,2021-05-10
396,4562,2020-07-25
597,3209,2021-07-30
830,5946,2021-07-22
950,8181,2020-05-01
528,543,2020-11-22
273,6011,2020-06-01
378,7206,2020-08-29
587,8776,2021-05-12
472,7622,2020-09-11
327,457,2020-07-15
843,3673,2020-11-01
951,2947,2020-12-07
483,9245,2020-03-07
465,2343,2020-11-27
610,3316,2020-08-26
345,6381,2021-05-24
881,3520,2021-05-22
216,9801,2021-05-31
200,8601,2020-02-13
496,833,2021-09-19
466,6271,2020-07-15
568,8748,2021-08-31
29,3624,2021-02-12
223,7881,2021-03-07
7,2766,2020-01-16
851,1590,2021-06-27
18,7630,2020-04-15
868,5149,2020-07-10
659,3643,2021-04-08
948,2780,2021-05-15
40,5262,2021-01-21
230,2508,2020-05-10
196,8930,2020-08-27
740,5236,2020-04-17
993,5665,2020-07-15
541,4615,2021-10-02
715,1528,2020-03-09
194,7476,2020-07-12
496,8083,2021-08-12
549,6377,2020-02-09
615,1032,2021-07-09
222,4885,2021-02-07
367,3185,2020-09-21
357,3538,2020-10-08
70,6076,2020-08-23
285,2848,2020-09-24
936,4076,2021-05-22
776,1739,2020-10-25
179,9842,2021-08-24
945,7765,2021-04-27
450,8107,2021-06-23
177,6040,2020-04-04
991,1503,2020-04-05
651,6229,2020-02-16
639,2968,2020-09-23
836,3078,2021-03-31
5,8940,2021-04-25
817,9134,2020-02-09
208,7866,2020-09-04
61,8543,2021-04-21
841,4786,2021-09-19
441,9090,2021-02-14
942,7517,2020-04-20
768,6058,2021-01-08
357,8315,2021-04-16
6,4724,2020-03-26
667,509,2020-07-08
583,999,2021-03-19
434,5769,2021-04-02
941,2132,2020-06-18
532,5119,2021-04-04
321,8470,2020-01-05
620,8795,2021-07-02
213,9445,2021-07-10
866,6807,2021-05-31
132,2384,2020-10-25
354,3831,2021-08-30
440,3777,2021-06-14
5,6220,2020-10-29
156,1303,2021-06-06
485,6827,2020-07-26
712,909,2020-09-15
921,1276,2021-07-01
667,7714,2020-09-18
378,7138,2021-07-10
267,7069,2021-08-03
406,6788,2021-09-13
176,7890,2020-01-29
996,4223,2020-05-09
744,6625,2020-04-12
561,6229,2021-04-19
864,7670,2020-04-16
438,2902,2020-09-23
528,1047,2020-03-14
825,2662,2020-02-26
459,1457,2021-02-23
280,2546,2020-01-17
708,8152,2020-06-20
528,7109,2020-10-11
333,4384,2020-05-19
828,5920,2020-01-13
613,5537,2020-10-25
143,8717,2020-03-04
918,6812,2021-10-01
205,9435,2020-09-29
365,9473,2021-03-26
798,1304,2020-03-18
317,8640,2020-11-24
828,83,2021-03-06
37,6033,2021-03-09
272,9125,2020-09-03
121,6476,2020-07-25
519,211,2021-02-24
747,6467,2020-06-14
290,1188,2020-01-13
478,7360,2021-07-04
23,8751,2020-09-15
861,7920,2020-04-16
559,3165,2020-01-21
825,6681,2020-04-28
706,310,2020-07-04
161,8222,2021-09-22
559,909,2020-12-15
360,6345,2020-10-06
849,8294,2020-05-19
555,5358,2020-07-15
408,5711,2020-12-11
942,2213,2020-03-28
870,8360,2020-01-24
139,3488,2021-07-30
826,107,2021-06-09
697,5250,2020-07-17
596,8469,2020-08-09
942,7995,2020-08-26
580,9768,2020-03-30
8,4257,2020-05-29
989,3115,2020-04-07
139,5960,2020-01-19
386,6843,2020-02-23
194,7363,2021-03-04
887,1457,2020-08-24
801,2601,2020-07-04
718,7357,2020-03-31
296,6663,2021-03-28
340,6304,2020-05-18
535,5792,2021-03-26
54,8018,2020-11-03
675,8954,2021-04-06
306,1232,2020-02-19
513,3181,2021-05-13
892,9129,2020-01-14
108,5715,2021-05-11
627,4076,2021-06-23
174,7653,2020-02-15
309,1003,2020-05-25
147,8444,2021-04-14
191,5962,2021-02-06
173,9496,2021-02-06
436,8118,2021-10-07
732,8478,2021-04-07
155,3063,2021-06-24
387,7229,2020-01-19
895,4302,2021-02-03
710,6297,2020-11-30
596,4621,2020-11-18
131,9690,2021-05-21
427,2912,2021-05-08
171,7271,2021-09-09
123,9540,2021-06-15
826,4288,2020-06-05
181,6584,2021-09-03
11,1058,2020-02-19
941,7477,2021-04-19
160,5957,2020-11-24
358,3165,2020-06-22
577,8283,2020-03-15
959,8544,2021-05-22
258,5671,2020-01-24
19,1804,2020-12-12
292,3996,2021-05-05
192,1329,2020-01-13
749,6249,2020-10-08
444,3197,2021-03-31
614,9159,2020-01-03
863,4727,2020-08-11
966,3206,2020-12-01
97,2502,2020-07-26
632,7093,2021-09-29
930,9506,2020-01-28
83,5824,2020-11-23
376,5842,2020-03-11
477,5659,2020-08-23
264,5336,2020-02-07
323,1266,2021-06-30
640,1698,2020-06-26
811,284,2021-02-11
732,4438,2020-10-29
504,8793,2020-07-30
442,9279,2021-04-30
316,758,2020-05-26
371,2243,2021-01-02
864,1016,2020-01-08
8,9595,2020-12-25
658,248,2021-08-15
622,4149,2021-06-08
671,8973,2021-01-13
880,7677,2021-03-08
773,7248,2021-07-08
794,3937,2020-07-31
337,2956,2020-08-14
503,9401,2020-07-17
990,3650,2021-05-07
378,1499,2020-11-20
455,505,2021-05-02
260,2006,2020-01-10
399,4327,2021-03-02
285,5478,2020-12-10
806,8854,2020-04-22
419,536,2021-05-09
443,6482,2020-03-22
970,523,2020-06-06
445,3633,2021-05-25
987,6893,2020-06-17
143,6034,2020-01-16
806,8212,2020-05-11
568,8396,2020-06-07
816,5921,2021-09-29
189,9022,2020-05-01
73,5433,2020-12-10
457,8574,2021-08-08
681,4550,2020-08-04
416,3211,2020-03-18
304,5503,2021-07-10
807,1705,2021-02-28
639,6586,2020-03-10
991,8434,2020-09-18
329,7361,2020-10-14
409,7563,2020-08-06
758,2183,2021-08-22
778,9106,2021-08-24
812,4870,2020-11-01
347,7442,2020-05-17
476,3201,2020-05-01
846,8378,2021-01-24
216,6616,2021-08-22
100,1794,2021-06-13
516,7036,2021-06-09
44,1270,2020-06-17
447,971,2021-01-29
945,6624,2020-05-21
67,6467,2021-09-27
494,1845,2020-02-08
483,8417,2021-07-17
490,4813,2021-07-17
292,2902,2020-10-30
157,1342,2021-08-26
354,7320,2020-09-28
187,9505,2020-02-01
470,4455,2021-04-14
383,3532,2020-01-08
512,862,2021-05-01
32,1301,2021-09-19
889,8199,2020-02-07
316,620,2020-01-02
487,7046,2020-04-03
733,954,2020-05-24
510,5569,2020-05-19
833,2618,2021-10-03
543,7442,2020-02-18
395,4083,2021-05-29
853,2051,2020-02-23
841,1585,2020-11-26
675,7091,2020-06-10
621,3049,2020-07-22
770,282,2021-05-26
179,2050,2021-01-13
746,3744,2021-03-06
545,2557,2020-06-11
800,8706,2021-01-26
275,5634,2021-07-16
372,4053,2021-01-28
936,1752,2020-10-08
219,4544,2021-09-08
197,1033,2020-10-15
319,8423,2021-03-06
430,6296,2021-07-07
984,5052,2021-01-18
959,7057,2020-11-23
53,8271,2020-11-14
853,7911,2020-03-26
201,5044,2020-02-24
431,4648,2020-03-27
845,7033,2021-08-26
119,5046,2020-09-09
377,1000,2020-05-04
901,354,2021-01-30
897,847,2021-06-30
160,3606,2021-05-12
51,7009,2021-10-03
920,4745,2020-09-25
127,7823,2020-09-21
592,5762,2021-03-20
467,725,2020-06-03
53,9626,2020-10-04
790,9797,2021-06-28
209,7473,2020-09-29
880,8326,2020-07-05
212,4709,2020-03-03
574,427,2020-08-11
434,5411,2021-03-12
793,5171,2021-06-22
382,1569,2020-04-12
568,5786,2021-08-16
753,6676,2020-11-06
1,2069,2020-03-28
381,23,2020-08-17
178,3153,2020-10-28
425,7686,2021-07-10
675,8355,2020-10-20
239,5123,2021-09-12
127,7382,2020-03-23
674,1570,2020-09-29
452,9636,2020-06-15
818,5110,2020-06-11
405,694,2020-07-30
883,8695,2020-01-08
437,8253,2020-03-09
916,9772,2021-02-11
323,6903,2020-05-18
932,7079,2021-06-21
783,7901,2020-06-28
548,9065,2021-03-02
797,1316,2021-06-19
791,9338,2021-08-15
752,8990,2020-07-09
325,2671,2020-08-17
631,124,2021-02-13
427,3405,2021-09-12
892,7257,2020-06-26
995,1604,2021-06-23
669,8415,2021-04-08
856,5161,2020-08-20
458,8333,2021-02-16
640,4060,2020-12-06
408,230,2021-04-28
460,7212,2020-06-06
779,3969,2020-10-12
687,2005,2021-04-06
450,5063,2021-08-24
250,4908,2020-07-27
513,8660,2021-01-14
191,9010,2021-03-04
928,7491,2020-06-28
534,9346,2021-09-05
315,7346,2021-01-23
557,8302,2020-07-29
512,4648,2021-07-28
633,5568,2020-02-24
999,4289,2020-01-31
280,4016,2021-07-13
802,7827,2020-06-10
197,1540,2021-07-06
394,6535,2021-07-07
321,164,2020-11-21
432,8392,2021-08-23
941,7632,2020-05-07
672,4260,2020-06-01
769,1601,2021-03-23
87,4326,2021-10-10
933,5858,2021-02-25
672,6336,2021-07-11
207,8874,2020-05-05
751,652,2020-06-22
996,3884,2021-05-22
849,3359,2021-07-09
121,1273,2020-11-02
957,1760,2020-02-14
899,6658,2020-05-20
152,5313,2020-11-18
243,8090,2020-05-03
187,5531,2020-06-01
816,5997,2020-11-20
704,8208,2021-02-21
10,7467,2021-05-21
268,8479,2020-05-10
887,2084,2021-09-26
415,2762,2020-10-18
244,3551,2021-07-26
248,8019,2020-05-14
477,3200,2020-02-16
601,8044,2021-08-14
309,5214,2021-10-13
273,6523,2020-08-12
297,3665,2020-05-27
345,4268,2021-03-09
317,9303,2020-12-09
461,6193,2021-02-12
37,6066,2020-09-24
56,8887,2020-04-22
566,8644,2020-06-23
969,6326,2020-07-23
565,6909,2021-05-15
99,4145,2021-01-07
174,942,2020-02-02
56,6503,2020-07-13
172,5524,2020-02-03
132,4316,2021-02-16
651,383,2020-04-20
928,3180,2020-06-02
412,3371,2021-01-28
922,3835,2020-07-15
173,2241,2020-11-10
691,4305,2021-09-06
398,6690,2021-01-02
890,6517,2021-05-23
817,8585,2020-06-08
328,9391,2020-08-10
563,8654,2020-07-30
636,9141,2021-03-21
657,2578,2020-01-28
997,1909,2020-04-01
108,349,2020-04-07
227,6450,2020-02-29
109,4074,2020-06-27
168,2850,2020-10-21
137,7737,2021-10-04
582,7108,2021-06-05
771,6121,2020-08-10
496,2471,2021-05-28
896,5030,2021-01-06
208,6828,2021-08-21
947,5702,2020-02-18
195,3013,2021-08-23
632,8571,2021-07-12
811,9614,2021-04-02
667,6560,2020-02-02
453,3766,2021-08-02
229,7714,2021-02-18
864,8233,2021-03-29
437,5582,2020-05-06
83,6936,2020-02-11
497,747,2020-10-06
417,3130,2020-07-12
139,3443,2020-02-25
235,7620,2020-10-08
718,9041,2021-08-18
938,9395,2020-03-06
137,7938,2020-02-20
797,129,2020-10-09
391,5167,2020-08-12
833,8734,2021-09-11
397,8331,2020-10-15
138,8380,2020-09-24
802,562,2021-09-11
60,4836,2021-09-13
868,48,2021-04-03
97,9102,2020-03-11
832,9370,2021-09-26
718,8686,2021-06-25
608,3028,2021-09-29
557,5334,2020-05-16
712,7640,2020-07-18
103,581,2020-11-29
863,3887,2021-03-24
793,8417,2020-01-11
306,4535,2021-01-08
118,8663,2021-10-08
370,2201,2021-03-28
686,5923,2021-07-03
714,3320,2020-02-11
386,9817,2020-06-30
694,2113,2020-01-21
663,8530,2020-01-30
868,825,2020-01-15
761,8515,2020-08-09
383,2943,2021-09-15
477,904,2021-03-06
681,2692,2020-08-13
544,8227,2020-02-23
669,4557,2021-01-22
415,4021,2020-01-30
401,8245,2020-10-19
575,5841,2020-12-01
10,2585,2021-09-09
685,9150,2021-05-15
573,5542,2021-07-16
829,8352,2020-07-31
670,2414,2021-04-23
27,614,2020-11-28
140,9561,2020-04-24
738,3596,2021-05-15
686,1373,2020-01-24
250,4154,2021-01-29
607,5110,2020-02-18
304,8554,2021-06-29
326,291,2020-12-26
803,6000,2021-09-16
808,8757,2020-01-31
734,7463,2020-01-30
982,6896,2021-10-10
761,1331,2021-03-21
579,3705,2021-01-21
431,8595,2020-07-08
780,2213,2021-09-21
471,5482,2020-04-17
975,4855,2020-11-15
459,5170,2020-12-05
489,1985,2021-03-21
568,186,2020-01-18
21,8323,2020-03-18
8,7559,2020-04-02
53,3168,2020-05-29
572,8902,2021-07-22
158,2048,2021-06-10
121,5854,2020-07-16
1001,793,2020-09-06
360,5969,2020-06-11
187,1183,2021-04-30
776,5807,2020-10-22
341,6046,2020-03-07
606,8266,2021-03-13
541,9037,2021-04-05
184,6244,2020-04-17
403,5745,2021-04-26
87,7893,2020-09-30
91,3439,2020-01-14
112,3662,2020-11-10
524,562,2020-11-30
134,918,2020-06-15
2,4445,2021-01-20
393,8159,2021-03-18
125,1934,2021-03-16
858,1632,2021-02-27
30,2691,2020-04-09
721,8480,2020-05-17
208,4968,2020-05-29
243,9060,2021-01-05
948,2540,2020-02-24
447,3,2021-03-24
858,4554,2020-05-10
515,9054,2020-08-22
48,6060,2021-10-01
649,1287,2021-05-06
701,2067,2020-03-27
525,1356,2021-01-06
53,9606,2021-08-27
774,8222,2020-01-18
735,8746,2021-09-17
130,1200,2021-02-18
580,3964,2021-02-09
323,3689,2021-03-27
106,9024,2020-06-30
512,967,2020-05-16
705,8889,2021-04-30
510,9479,2020-02-05
426,2932,2020-07-10
681,1447,2020-08-23
542,8161,2021-04-26
66,782,2020-04-28
595,2132,2021-06-07
683,7638,2020-10-07
718,619,2021-01-17
960,1942,2020-05-01
732,3567,2020-06-15
591,6056,2020-03-09
967,6687,2020-04-20
961,4094,2020-07-08
909,9612,2021-09-09
472,3067,2021-08-07
793,8219,2021-07-17
782,7525,2021-07-16
481,3749,2021-06-19
925,5850,2020-06-11
27,7672,2021-01-14
614,1950,2021-04-17
629,3681,2020-02-26
609,6940,2020-02-23
274,3069,2020-10-31
277,1061,2021-02-02
911,7830,2021-04-03
449,6368,2020-10-28
72,8469,2020-10-10
17,7510,2021-06-30
643,6940,2020-08-05
598,7789,2020-02-23
69,9121,2021-01-08
730,7920,2020-11-20
516,534,2021-08-07
538,4706,2020-06-18
948,5811,2020-02-12
281,5596,2021-06-25
349,5483,2021-06-03
126,3420,2021-03-20
264,9292,2021-05-15
327,907,2020-02-16
234,7019,2020-06-14
785,2327,2020-08-12
211,9755,2020-09-14
946,6237,2020-05-27
794,9701,2020-02-17
795,1183,2020-03-12
38,561,2020-10-05
420,4869,2021-03-01
650,7095,2020-07-29
852,104,2020-01-24
685,3267,2021-09-18
654,9483,2020-02-15
428,6920,2020-02-08
795,4380,2021-03-10
636,1004,2020-11-03
489,4487,2020-08-19
688,6670,2021-08-19
287,5265,2020-06-08
282,406,2021-02-19
607,5178,2021-04-02
59,5041,2020-04-18
266,4736,2020-08-21
618,2299,2021-06-01
583,5931,2021-03-24
346,191,2020-10-02
273,29,2020-12-27
988,5104,2020-01-01
181,9204,2021-06-10
645,8192,2020-02-13
236,5,2020-07-19
82,1302,2021-09-12
344,4183,2020-10-29
806,2490,2020-05-31
879,9382,2020-09-09
24,478,2020-03-10
997,9051,2020-06-17
169,6713,2020-10-11
824,193,2020-12-01
926,2241,2020-08-09
740,4223,2020-12-13
706,3945,2020-08-30
251,9214,2020-07-09
693,7620,2020-11-04
227,3312,2020-07-10
290,5783,2021-07-02
369,2357,2021-01-14
535,4332,2021-03-05
222,6974,2020-09-16
962,7648,2021-01-10
784,4673,2021-09-03
683,2402,2020-11-14
258,2862,2020-02-29
938,9717,2020-08-14
836,861,2020-04-01
61,4473,2021-03-20
494,1341,2020-09-17
660,4059,2021-04-10
710,3078,2021-07-23
83,8089,2020-10-04
462,6322,2020-08-07
759,5524,2021-04-24
264,3929,2020-09-05
262,6889,2021-05-03
793,6311,2020-11-13
185,860,2020-03-26
13,8451,2021-10-02
863,133,2020-07-04
381,3346,2021-04-13
111,9458,2020-06-30
213,4302,2020-03-16
120,5458,2020-05-23
744,1749,2020-11-06
304,4771,2021-02-01
813,2733,2020-03-14
741,886,2020-07-14
329,5697,2020-06-30
955,2500,2021-09-20
973,6164,2020-03-15
927,5960,2020-06-07
181,4642,2020-12-10
791,3280,2020-09-21
927,4574,2020-03-24
324,5877,2020-05-11
333,3714,2021-07-16
275,1476,2020-12-13
336,5288,2021-08-30
241,6500,2020-09-24
748,8900,2020-05-31
154,597,2020-05-31
675,181,2021-05-16
660,2669,2021-05-23
275,6465,2020-09-07
319,9792,2020-09-18
584,3295,2021-04-06
359,8030,2020-11-19
541,1978,2020-10-10
980,2462,2021-03-17
368,3578,2021-10-03
892,4093,2021-01-02
249,7095,2021-05-25
680,9729,2020-11-09
796,5631,2020-03-31
868,1936,2021-01-26
398,4535,2020-07-12
992,7663,2021-10-08
1001,3457,2020-07-05
431,3423,2021-05-30
298,5772,2021-06-12
523,9649,2021-05-17
410,9680,2020-10-07
61,4755,2021-06-28
109,1884,2020-06-10
329,9331,2021-01-06
713,1508,2021-02-12
845,7874,2020-06-28
265,795,2020-08-25
188,6935,2020-08-25
261,7940,2020-06-23
496,5272,2021-03-01
390,1173,2020-07-15
838,1439,2020-04-24
104,1099,2020-01-29
235,4352,2021-07-22
291,4551,2020-03-23
989,6826,2021-05-19
459,7677,2020-05-10
403,9539,2020-04-04
758,2187,2020-12-10
777,8264,2021-02-25
716,5996,2021-09-17
690,580,2021-08-27
62,5258,2020-10-08
858,1064,2021-08-17
814,6033,2021-05-27
99,4964,2021-02-19
939,8544,2021-06-25
87,5316,2020-01-01
874,8033,2021-07-15
402,2235,2020-07-16
761,5282,2021-08-28
639,5396,2021-07-04
740,7711,2020-06-24
748,8828,2020-02-01
756,4677,2020-03-26
511,1129,2021-07-01
817,2426,2021-04-20
132,2403,2020-09-02
135,4936,2020-03-30
652,3081,2021-10-12
734,8887,2021-02-03
652,3,2021-01-01
533,9059,2020-12-09
289,1276,2021-07-19
94,6268,2020-05-05
660,5026,2020-07-14
972,8304,2020-06-03
78,6579,2021-03-16
482,9693,2020-06-22
260,5761,2020-10-30
38,8947,2021-09-09
8,7774,2020-12-17
615,2450,2020-03-11
988,1629,2021-05-10
286,9825,2021-06-29
292,9470,2021-02-02
794,1922,2021-08-06
174,2750,2021-08-20
581,9619,2021-08-16
387,3927,2020-05-10
187,3726,2020-06-09
589,5085,2020-05-01
211,2318,2021-06-07
375,9144,2021-07-19
486,3653,2021-07-08
942,8955,2021-06-20
26,2131,2020-12-16
929,6835,2021-09-30
616,2253,2021-07-03
900,4212,2021-09-04
569,542,2020-03-21
273,2810,2021-08-11
599,8095,2020-04-29
919,9325,2021-07-31
436,3940,2020-09-14
997,1984,2021-08-18
815,6734,2021-08-10
789,5257,2021-08-09
592,8036,2020-05-30
11,1457,2020-04-05
114,2476,2021-01-17
991,224,2020-04-20
944,5024,2021-01-28
732,5743,2021-08-24
564,3070,2021-07-30
268,2170,2020-10-05
197,7368,2020-12-27
1000,6563,2020-06-27
668,5843,2020-05-18
676,337,2021-07-02
85,6990,2021-09-12
612,2759,2021-05-21
62,5289,2020-04-09
335,799,2020-08-10
720,8344,2021-01-07
219,5054,2021-08-01
310,7346,2020-11-19
266,1994,2020-12-08
572,4287,2021-10-12
115,5647,2020-07-16
868,3272,2021-07-21
556,899,2021-03-18
822,7264,2021-03-12
504,2489,2020-06-28
871,3992,2020-12-04
321,5600,2020-01-03
314,4375,2020-10-13
122,268,2021-06-15
673,5482,2021-07-23
797,3091,2020-12-16
323,2025,2021-01-14
370,5192,2020-10-30
127,1629,2021-01-06
282,9248,2020-05-12
367,5733,2020-01-29
528,6994,2021-03-30
964,1361,2020-02-25
761,2169,2021-03-18
154,241,2021-04-21
449,5275,2021-08-14
99,4910,2020-03-21
327,4067,2021-06-11
22,7617,2021-09-14
171,9211,2021-03-11
680,3326,2020-05-24
399,82,2021-03-04
797,675,2021-09-27
311,655,2021-05-06
196,2101,2020-01-08
70,6641,2020-01-19
620,1541,2021-07-22
398,8629,2020-11-13
416,7480,2021-09-29
370,3443,2020-04-17
394,5676,2020-01-09
612,8969,2021-05-25
515,9350,2021-06-26
278,2399,2020-10-12
500,7010,2021-06-19
203,7268,2020-06-26
810,7512,2021-02-10
84,2546,2021-03-25
362,5023,2020-06-25
336,4408,2021-01-26
778,2165,2020-11-07
823,6692,2020-05-26
873,3460,2020-03-17
953,2726,2020-07-18
427,8392,2020-10-22
979,9494,2021-10-06
777,1882,2020-06-20
708,994,2021-07-12
801,8259,2021-02-11
790,8223,2021-09-25
246,8611,2021-08-27
316,654,2020-02-02
9,6413,2020-12-27
734,7393,2021-02-05
683,9762,2021-09-22
903,3491,2020-02-15
480,7264,2020-03-17
501,4503,2021-02-11
309,4484,2021-07-17
115,3726,2020-05-18
806,1690,2021-02-26
739,8447,2020-07-12
765,1921,2021-06-05
107,6989,2020-07-26
583,786,2021-03-31
35,2714,2020-03-21
98,1035,2020-07-14
702,2328,2020-12-13
465,7701,2020-04-16
860,2183,2020-10-30
406,6105,2021-08-17
467,7069,2020-01-26
407,8962,2020-01-15
526,7803,2021-04-05
515,1728,2020-06-24
105,7124,2020-07-15
279,6156,2021-03-02
73,646,2020-12-26
154,1595,2020-04-17
445,2446,2020-01-22
365,4477,2020-02-05
98,1847,2021-03-13
535,4732,2020-03-29
941,3627,2020-07-10
793,9075,2020-04-05
14,528,2021-02-05
173,492,2020-05-11
30,7588,2021-05-01
296,3625,2020-02-12
100,1383,2021-09-25
243,960,2021-09-30
976,7146,2021-08-28
393,8353,2020-04-05
355,1590,2020-07-28
44,499,2021-06-10
59,2402,2021-09-08
730,5437,2021-02-05
615,6436,2020-04-17
274,4693,2020-08-11
742,9647,2020-01-11
393,8417,2021-09-10
507,1647,2021-07-15
916,2057,2020-11-04
786,211,2021-03-09
63,5411,2020-04-27
638,9537,2020-08-09
262,225,2021-01-10
70,700,2021-08-13
598,5261,2021-05-21
810,7965,2021-05-13
523,2816,2021-08-25
915,4018,2021-09-05
881,8167,2020-01-27
98,5442,2020-07-29
435,9588,2020-07-08
565,4546,2020-10-23
989,6030,2020-02-21
113,8788,2021-01-02
116,9225,2021-07-03
168,9301,2021-04-19
953,144,2020-08-16
204,788,2021-05-26
948,4623,2020-05-16
99,8712,2020-06-24
169,5598,2020-11-01
289,5847,2020-11-13
731,456,2020-12-08
853,9006,2020-01-01
414,116,2020-05-01
528,6010,2021-03-01
546,3267,2021-06-02
100,7770,2020-06-13
557,6732,2021-06-09
975,8442,2020-05-04
773,1207,2020-10-06
927,7870,2021-05-25
285,9133,2021-07-19
922,5514,2020-06-24
666,1305,2021-05-10
210,9237,2021-02-21
627,6801,2021-10-05
275,280,2020-07-21
250,8916,2021-08-10
689,4741,2021-07-29
187,5498,2021-05-11
850,5291,2020-10-04
439,4219,2020-06-09
51,2916,2021-04-23
594,5341,2021-03-08
614,6326,2020-07-07
696,8417,2020-08-19
701,5359,2020-04-02
381,8325,2020-12-25
754,3293,2021-04-16
935,6570,2020-07-17
48,4215,2020-09-02
176,3741,2021-03-11
595,9619,2020-01-02
990,57,2020-04-07
291,8895,2020-07-14
474,8375,2020-05-25
900,6628,2021-03-14
22,2217,2021-03-25
96,8544,2020-09-14
711,283,2021-02-06
304,941,2021-02-13
613,8972,2021-06-20
176,2426,2020-09-30
409,1966,2021-07-06
932,182,2020-11-25
822,2173,2020-09-12
409,6252,2021-06-05
338,2144,2020-05-05
71,2368,2020-12-07
677,3091,2020-07-12
235,5626,2021-06-17
609,6249,2020-12-22
946,6279,2020-07-29
146,7284,2020-09-15
647,52,2020-08-20
865,7716,2021-05-12
328,1643,2020-07-08
803,1692,2020-12-03
4,2628,2020-06-01
539,1995,2021-02-05
266,3330,2021-01-17
857,5524,2020-06-20
852,5624,2021-04-20
366,697,2021-01-29
496,7694,2021-05-03
637,9790,2021-07-29
395,6923,2020-03-16
423,747,2020-12-24
249,8287,2020-09-25
179,9628,2021-02-20
466,6696,2020-01-23
681,5937,2020-11-02
570,5214,2020-07-03
701,1020,2021-02-01
138,6000,2021-01-28
389,5910,2021-05-15
223,5784,2020-05-17
232,6538,2021-01-22
280,9702,2020-07-07
193,3098,2020-10-22
519,2076,2020-07-10
740,3797,2020-08-31
787,5058,2020-09-20
157,4391,2020-11-24
78,5325,2020-01-22
226,3755,2021-08-25
626,7840,2020-07-28
601,2539,2021-03-03
131,1121,2020-10-05
431,1882,2021-04-21
328,6847,2020-05-09
758,3255,2021-10-04
800,8757,2021-01-01
210,3042,2021-03-08
619,9258,2021-01-12
997,2053,2020-11-04
840,7995,2021-07-04
69,8173,2021-09-18
929,6705,2021-04-01
155,2482,2020-05-23
324,9004,2021-09-25
942,3522,2021-04-22
5,8766,2020-04-21
564,5049,2021-01-22
568,500,2020-03-06
97,6045,2021-05-24
799,5020,2020-12-23
684,8748,2020-06-21
144,5513,2021-06-23
511,9321,2020-09-07
902,2500,2021-10-13
515,6737,2020-09-25
749,2965,2021-02-19
932,6179,2020-06-09
83,5850,2021-02-10
941,367,2021-03-06
275,251,2020-03-22
71,2972,2020-11-13
917,2002,2020-08-22
741,8811,2020-07-14
469,7935,2021-03-25
602,9473,2020-03-24
139,4600,2021-04-11
226,3921,2020-06-25
774,6799,2021-09-08
561,7229,2020-05-04
758,5008,2021-10-11
179,2034,2020-10-29
150,9831,2021-07-17
975,5544,2021-07-18
308,6326,2020-09-02
430,4690,2020-03-03
782,9500,2020-01-02
169,4548,2020-02-16
554,4254,2020-05-31
896,4119,2020-10-19
709,764,2021-04-26
921,5044,2020-10-11
303,399,2021-05-19
836,2943,2020-12-14
577,1720,2020-12-17
905,2239,2020-08-29
264,1430,2021-10-02
255,3708,2021-08-31
984,5887,2021-02-12
291,5151,2021-02-25
168,8600,2020-01-21
543,4476,2020-02-01
440,6382,2021-03-05
941,2787,2020-12-01
555,8513,2020-06-30
380,5927,2020-01-05
568,184,2020-10-11
66,1582,2021-07-15
905,9691,2020-12-26
705,5181,2021-09-06
527,9493,2020-11-24
710,8299,2020-04-26
856,5652,2020-07-13
787,5240,2021-03-26
895,3127,2021-01-20
367,2155,2020-10-02
642,2239,2021-06-26
361,9294,2020-05-15
499,9139,2020-08-21
872,5944,2020-11-17
424,2901,2020-08-13
626,5733,2021-06-11
957,6614,2020-01-01
760,9714,2020-03-05
765,4645,2020-04-21
109,2809,2020-03-07
740,7830,2020-12-19
267,8736,2020-03-23
406,8399,2020-11-03
497,1233,2020-01-26
360,5063,2020-09-27
823,2967,2021-10-10
207,7488,2021-03-18
775,3161,2020-01-05
803,973,2020-06-07
996,1741,2020-08-21
191,6141,2021-06-05
987,7055,2021-04-24
957,9829,2021-04-08
758,9135,2021-05-30
248,2666,2020-05-26
870,1238,2021-04-07
437,7062,2021-01-19
521,8217,2021-10-09
151,9774,2020-09-21
725,2464,2021-06-25
840,7880,2021-05-15
172,9738,2020-12-20
999,998,2021-03-20
91,2901,2020-02-11
927,3406,2020-03-02
542,8304,2021-01-22
352,6067,2021-07-07
347,4533,2020-10-29
404,7414,2020-07-18
211,3283,2021-05-23
980,4653,2020-08-20
300,6236,2021-05-02
713,4486,2021-04-22
67,5346,2021-04-11
753,6704,2020-06-10
353,1194,2021-05-24
632,7090,2020-07-13
634,8807,2021-09-19
648,3283,2020-11-26
200,2419,2020-03-07
873,1074,2021-05-04
501,733,2021-06-25
179,3698,2020-08-05
1001,2586,2021-05-10
284,9457,2020-07-14
303,7071,2020-02-17
291,4939,2020-01-11
80,5764,2020-12-16
274,8420,2020-10-12
849,4808,2020-02-02
682,1257,2020-11-10
85,9506,2021-09-30
461,2554,2020-12-18
360,8694,2020-01-27
247,2272,2020-08-25
140,7247,2020-12-25
916,7969,2020-06-07
899,2176,2021-07-26
911,1440,2021-04-22
800,6430,2020-07-24
231,7316,2021-03-29
810,8416,2020-03-29
802,1705,2021-04-21
844,7447,2020-03-05
171,6648,2020-12-11
360,7708,2020-03-07
268,1639,2021-07-22
620,3893,2020-12-20
367,3612,2021-06-23
413,2334,2020-11-14
773,2457,2021-04-01
573,2655,2020-04-19
720,7377,2021-09-23
539,690,2020-12-11
654,7580,2021-08-27
330,7117,2020-04-22
222,3250,2021-08-24
752,4416,2021-08-28
212,5402,2020-07-13
595,4539,2020-06-21
63,5208,2020-08-21
747,2943,2020-05-31
642,4350,2020-02-12
415,8009,2020-06-20
557,390,2021-06-24
738,1236,2021-05-17
972,9726,2020-05-09
585,3479,2020-12-23
941,1151,2020-11-03
560,9787,2021-02-07
436,4081,2020-08-03
837,1471,2021-02-17
413,4977,2020-02-26
486,8031,2021-06-21
64,339,2021-08-19
882,1953,2020-10-25
340,2051,2021-09-04
614,1801,2020-02-21
241,4377,2020-06-25
356,570,2021-02-05
264,2889,2020-07-05
23,6523,2020-10-23
243,3735,2020-09-01
729,8932,2020-05-23
904,9523,2021-01-31
857,2210,2021-03-02
14,5257,2020-07-29
383,8320,2021-05-12
376,2534,2021-03-21
31,1720,2020-01-21
702,5082,2020-05-07
251,7181,2020-06-30
375,1070,2021-07-19
105,8502,2020-07-04
961,7627,2021-06-03
682,3261,2020-05-04
760,2431,2020-04-06
466,8784,2021-08-15
739,123,2020-11-19
175,3861,2021-06-07
997,8568,2021-06-12
94,6178,2021-02-16
221,4303,2021-01-22
231,3887,2020-12-02
852,5870,2021-07-14
499,7441,2021-06-19
128,9482,2020-07-05
221,1266,2021-03-25
815,1440,2021-07-25
219,4544,2021-01-28
910,750,2020-06-15
452,5920,2021-01-29
604,2721,2020-11-01
745,5705,2020-05-31
290,9099,2020-03-18
275,987,2020-12-20
151,6902,2021-01-02
427,5315,2020-11-14
631,1561,2020-07-18
493,3683,2021-02-07
389,9260,2020-12-01
857,3363,2020-08-17
967,1455,2020-06-23
721,406,2021-07-02
658,479,2020-03-31
37,5486,2020-10-07
851,6604,2020-01-16
98,1385,2021-04-10
200,5988,2021-01-15
609,1791,2020-07-04
172,5855,2021-01-20
126,4416,2020-08-04
241,8703,2021-05-26
422,8129,2020-10-29
405,7756,2021-09-15
849,450,2021-01-24
366,1383,2020-03-07
125,7871,2020-05-09
775,1488,2021-06-02
163,3799,2021-01-28
706,9659,2020-10-05
127,7911,2021-05-18
789,5380,2020-12-16
390,3609,2020-06-15
410,7077,2021-09-27
251,3907,2020-03-09
970,9313,2020-07-23
498,7026,2021-03-04
732,3076,2021-07-21
536,3636,2020-09-08
801,267,2020-04-05
216,2567,2020-09-09
157,698,2020-11-26
166,3447,2021-06-26
631,1803,2020-03-25
591,5340,2021-04-15
480,3356,2021-03-05
734,5107,2020-04-07
474,9780,2021-07-16
14,3023,2020-04-06
339,1221,2020-05-05
179,8886,2021-03-20
958,6804,2021-08-01
700,3704,2021-10-11
847,3098,2020-08-02
186,2393,2020-11-21
425,5058,2021-10-11
464,748,2021-02-02
274,5140,2021-01-30
531,7671,2020-08-22
802,7869,2021-09-15
239,3681,2020-07-25
392,1916,2021-03-24
691,4743,2020-03-22
207,1656,2020-07-28
801,4806,2020-02-28
734,5092,2021-05-12
233,2273,2021-02-22
265,6915,2021-07-02
398,9697,2021-06-29
889,2764,2020-01-14
531,5192,2021-05-27
61,1013,2020-10-21
112,3786,2021-01-29
721,8423,2021-03-17
715,3217,2020-08-18
334,66,2020-08-18
518,92,2021-09-30
520,2320,2020-02-20
165,6815,2020-07-09
351,4048,2021-04-23
80,6699,2020-04-14
31,9427,2020-04-16
445,3685,2021-01-27
209,2958,2020-02-01
331,8411,2020-08-18
96,3289,2020-02-12
347,7204,2021-02-26
568,661,2021-08-22
861,3320,2021-03-12
280,1521,2021-06-15
251,5034,2020-11-17
134,6921,2020-10-20
168,5857,2020-05-29
64,6728,2021-05-12
591,6230,2021-08-18
301,4135,2020-01-16
542,8739,2020-01-14
692,756,2020-12-11
659,2625,2021-02-23
124,1284,2020-03-14
987,8693,2020-08-10
426,83,2020-01-11
728,4071,2020-02-02
140,6066,2020-12-12
697,8551,2021-08-09
594,1615,2021-03-24
972,2098,2021-06-07
547,8683,2020-02-10
235,4566,2020-04-10
970,9322,2021-09-02
725,4710,2020-10-12
420,6854,2020-05-31
355,3872,2021-02-04
213,8542,2021-01-24
866,4078,2020-03-02
650,4145,2020-10-17
728,6552,2020-10-03
321,5343,2021-06-16
143,57,2020-08-19
122,5502,2020-06-12
495,9597,2021-08-25
652,3304,2021-04-09
617,3702,2021-08-11
721,2677,2021-07-12
482,224,2020-06-03
577,7909,2021-05-03
886,4108,2020-11-23
375,1919,2020-02-13
963,2137,2021-07-20
404,1122,2021-05-06
178,8820,2020-02-13
327,7812,2020-12-29
532,3376,2021-01-19
776,6707,2021-03-24
76,841,2020-06-24
967,3080,2020-08-24
84,4842,2021-10-11
601,1074,2020-11-24
437,953,2021-01-11
577,8537,2020-06-15
840,817,2021-03-20
63,8046,2021-05-30
238,7915,2020-02-09
593,1508,2020-06-23
139,1808,2021-04-17
310,4198,2021-05-25
542,7080,2021-10-10
108,4308,2020-07-29
562,8879,2020-10-25
490,6690,2021-06-30
910,7472,2020-10-21
348,2752,2020-07-04
349,9765,2021-08-06
475,8369,2020-10-03
242,3104,2021-09-24
580,8034,2021-07-14
586,7038,2020-01-02
627,3924,2020-12-12
785,5878,2020-11-30
235,297,2021-04-30
346,8191,2020-10-17
782,1661,2020-12-15
706,291,2021-08-13
191,2371,2020-07-13
946,3175,2020-12-26
396,3392,2020-06-24
632,2007,2020-06-01
179,8093,2020-01-06
37,3998,2020-01-15
408,3370,2021-08-26
684,4289,2020-09-20
937,9291,2021-04-15
162,8500,2020-01-20
18,6870,2020-04-02
233,9845,2020-06-29
144,7968,2020-01-11
275,8845,2020-12-15
178,3994,2020-06-02
830,6391,2021-10-07
860,4701,2020-05-08
455,6776,2021-04-06
285,4743,2020-09-04
652,4706,2021-02-07
655,9549,2020-12-19
805,9755,2020-05-18
702,6567,2020-01-11
361,160,2021-01-17
973,9231,2020-12-13
266,3387,2021-05-29
408,4730,2021-06-12
248,4615,2021-05-06
18,7350,2021-09-12
819,6403,2020-06-15
202,928,2021-09-27
663,6958,2020-01-26
224,8885,2020-04-13
374,7566,2021-04-21
619,1376,2020-10-21
926,2003,2020-12-12
428,1638,2020-09-13
590,6340,2020-01-11
260,2812,2020-09-25
125,6063,2021-02-26
163,4967,2020-10-04
850,6076,2021-05-20
361,8423,2021-04-07
774,1493,2020-12-08
204,2729,2020-03-05
197,7928,2020-06-05
686,7762,2020-10-15
547,3815,2020-06-21
978,3580,2021-07-21
84,5629,2021-05-10
833,9387,2020-08-27
586,6474,2021-09-23
664,7809,2021-06-26
573,5878,2021-01-11
521,2129,2021-06-08
953,2585,2021-09-25
87,2728,2021-08-19
776,8647,2020-11-10
308,4019,2021-04-08
820,4684,2020-09-17
513,4061,2021-09-13
742,6962,2021-02-06
955,784,2021-06-06
820,1548,2020-08-10
633,3919,2020-12-01
588,4788,2021-09-22
866,8673,2021-07-19
520,5083,2020-08-17
920,568,2020-11-09
45,390,2021-09-18
336,8838,2020-06-16
245,2562,2021-08-19
427,400,2021-07-02
444,2965,2020-01-31
816,2603,2020-02-13
410,9406,2021-07-08
344,2839,2020-11-02
854,3059,2021-09-25
838,1770,2021-08-31
846,2666,2021-10-02
796,2282,2020-03-26
137,5091,2021-01-25
540,8197,2021-09-16
686,2608,2021-01-07
929,1177,2021-03-22
332,5021,2020-01-04
890,2362,2020-02-09
618,2345,2021-07-13
641,3060,2021-06-08
992,4583,2020-07-19
551,2030,2020-04-29
550,5331,2021-10-03
250,7805,2021-01-01
179,8221,2021-07-27
502,7745,2020-07-12
439,1807,2020-10-17
39,8725,2021-04-05
295,7682,2021-07-16
298,3098,2021-02-01
321,2392,2021-01-13
366,378,2021-03-25
71,5888,2020-06-29
844,3318,2020-04-08
98,367,2020-06-26
716,2431,2021-10-01
158,2714,2020-08-06
686,9580,2020-01-09
936,3941,2020-06-07
213,1482,2021-01-21
88,5614,2020-12-07
378,5500,2021-01-29
134,5190,2020-05-21
294,9769,2020-01-06
4,1657,2020-07-16
457,9289,2021-05-04
711,2662,2020-10-13
751,3811,2021-08-19
329,6111,2020-06-22
569,4376,2021-07-06
852,4708,2021-08-16
399,4690,2020-02-27
469,6177,2020-05-22
983,4662,2020-02-02
546,1021,2020-11-14
273,3553,2020-09-18
258,5175,2021-03-19
741,6117,2020-03-13
451,5610,2021-04-03
549,9365,2020-03-11
620,232,2021-07-04
852,1267,2020-04-08
511,6889,2021-10-05
330,3008,2020-07-20
442,5878,2020-09-02
707,7227,2020-06-25
463,4849,2020-07-25
664,109,2020-09-10
50,8196,2021-01-28
126,122,2021-10-05
931,2075,2020-11-19
509,3461,2020-02-22
258,2278,2020-03-14
792,7120,2021-02-08
173,9770,2021-09-05
197,6269,2020-10-27
406,7850,2021-06-03
980,2434,2020-07-27
905,1793,2021-08-28
406,747,2020-09-04
502,8797,2020-01-04
272,4568,2021-06-26
852,3550,2021-08-04
821,5402,2020-02-22
912,3137,2020-07-22
232,8984,2021-01-22
673,5419,2020-06-09
57,4543,2020-06-19
948,491,2021-06-17
499,1643,2020-01-14
564,5483,2021-02-06
175,8185,2021-08-02
251,2534,2020-12-18
450,1810,2021-08-10
934,259,2021-04-24
886,1093,2021-03-27
102,3987,2021-05-23
68,5213,2020-09-13
928,1681,2021-08-19
408,7729,2020-09-04
308,7334,2021-03-03
143,4990,2021-10-03
282,429,2021-01-03
901,7614,2021-07-16
92,7996,2020-06-11
303,4407,2020-09-06
600,5623,2021-07-10
754,8281,2020-03-26
244,2368,2020-10-01
687,8,2020-06-25
275,5818,2020-11-01
417,4944,2021-04-10
273,5818,2020-07-23
296,2046,2020-10-07
658,5739,2021-01-06
37,6878,2020-02-29
686,1946,2021-01-27
140,2927,2021-10-11
920,5921,2021-08-05
717,1921,2021-07-03
269,1194,2021-06-08
154,3622,2021-03-15
178,1636,2021-06-14
761,7423,2021-06-10
897,6940,2021-07-04
528,1076,2020-02-22
829,5104,2020-12-02
167,4533,2021-03-08
560,3463,2020-09-18
190,8616,2020-09-29
326,611,2021-05-01
331,6068,2021-01-12
376,7384,2020-08-20
95,3006,2021-07-08
691,1611,2020-02-15
445,7717,2021-04-20
492,434,2021-08-06
182,8843,2020-08-22
602,2217,2021-09-08
997,4488,2020-05-04
291,344,2021-05-14
21,1927,2021-07-19
642,9589,2020-06-16
915,5384,2020-11-07
305,3408,2021-06-25
490,5515,2021-01-12
27,3998,2020-05-21
644,8261,2020-01-29
93,9053,2020-08-08
386,1721,2020-12-29
895,9680,2021-06-23
512,8618,2020-01-28
510,1689,2021-09-05
269,300,2021-08-14
221,9654,2020-05-21
711,5902,2020-12-28
938,4554,2020-01-30
559,7919,2021-01-15
674,7413,2020-02-20
817,8649,2021-07-29
884,6326,2021-08-12
277,3917,2021-03-22
903,6298,2021-08-27
32,4817,2021-07-22
150,8171,2020-07-20
338,1176,2021-08-20
622,1160,2020-09-28
704,5553,2021-03-16
156,6733,2021-06-26
629,5325,2020-07-04
478,6305,2020-06-19
27,3058,2020-09-07
752,9001,2020-12-03
847,7701,2020-12-15
657,5494,2021-02-13
192,6153,2021-08-01
320,1760,2020-01-13
171,9409,2020-10-24
74,6816,2021-09-13
180,5228,2020-03-31
614,9705,2020-11-21
756,3215,2020-07-25
950,24,2021-03-02
839,7024,2021-05-28
348,3374,2020-10-26
279,8871,2020-09-28
224,3857,2021-04-28
470,5075,2021-09-16
595,9048,2021-07-21
297,8714,2021-08-11
468,2380,2021-04-14
976,7455,2021-05-23
751,6069,2020-10-01
206,7434,2021-07-30
172,8218,2021-01-20
605,5437,2020-12-25
497,3448,2021-05-04
665,9431,2021-02-22
795,399,2020-07-15
636,960,2020-02-24
941,5875,2020-02-04
761,4898,2021-10-05
843,6504,2020-07-07
779,7320,2021-05-24
614,2142,2021-10-11
116,7178,2021-01-07
864,568,2020-04-10
156,8486,2020-04-11
952,4594,2020-03-30
863,6568,2020-06-02
263,7401,2020-10-11
302,3619,2021-04-06
305,6453,2021-07-30
791,7651,2020-08-16
